shipment mode,country,manufacturing site,shipment_lines,line_item_value_usd,delayed_lines,on_time_rate,average_delay_days,known_freight_usd,numeric_freight_rows,freight_unquantified_rows,late_delivery_rate,freight_numeric_coverage,known_freight_to_value_ratio,lane_key,shipment_mode,manufacturing_site,late_lines,late_rate
Truck,Zambia,Mylan (formerly Matrix) Nashik,102,89859234.73,20,0.803921568627451,-11.401960784313726,886019.29,72,30.0,0.19607843137254902,0.7058823529411765,0.009860080521075232,Truck | Zambia | Mylan (formerly Matrix) Nashik,Truck,Mylan (formerly Matrix) Nashik,20,0.19607843137254902
Air Charter,Nigeria,Mylan (formerly Matrix) Nashik,160,76569284.73,14,0.9125,-22.29375,2464106.21,111,49.0,0.0875,0.69375,0.032181392560854866,Air Charter | Nigeria | Mylan (formerly Matrix) Nashik,Air Charter,Mylan (formerly Matrix) Nashik,14,0.0875
Air Charter,Nigeria,"Aurobindo Unit III, India",262,74915104.73,40,0.8473282442748091,-14.950381679389313,2593097.21,162,100.0,0.15267175572519084,0.6183206106870229,0.03461381011674119,"Air Charter | Nigeria | Aurobindo Unit III, India",Air Charter,"Aurobindo Unit III, India",40,0.15267175572519084
Ocean,South Africa,"Aurobindo Unit III, India",146,44539251.35,49,0.6643835616438356,11.116438356164384,1108903.65,120,26.0,0.3356164383561644,0.821917808219178,0.02489722248104199,"Ocean | South Africa | Aurobindo Unit III, India",Ocean,"Aurobindo Unit III, India",49,0.3356164383561644
Air,Nigeria,"Alere Medical Co., Ltd.",103,40246445.25,48,0.5339805825242718,6.058252427184466,2838508.61,94,9.0,0.46601941747572817,0.912621359223301,0.07052818186470766,"Air | Nigeria | Alere Medical Co., Ltd.",Air,"Alere Medical Co., Ltd.",48,0.46601941747572817
Truck,Mozambique,Mylan (formerly Matrix) Nashik,65,37950191.35,22,0.6615384615384615,-3.2153846153846155,409750.58,40,25.0,0.3384615384615385,0.6153846153846154,0.010797062292019247,Truck | Mozambique | Mylan (formerly Matrix) Nashik,Truck,Mylan (formerly Matrix) Nashik,22,0.3384615384615385
Air Charter,Nigeria,Hetero Unit III Hyderabad IN,59,36635120.9,7,0.8813559322033898,-22.491525423728813,1040227.73,38,21.0,0.11864406779661017,0.6440677966101694,0.028394275887322105,Air Charter | Nigeria | Hetero Unit III Hyderabad IN,Air Charter,Hetero Unit III Hyderabad IN,7,0.11864406779661017
Truck,Tanzania,Mylan (formerly Matrix) Nashik,71,31530541.59,19,0.7323943661971831,-5.971830985915493,312159.99,54,17.0,0.2676056338028169,0.7605633802816901,0.009900241932380965,Truck | Tanzania | Mylan (formerly Matrix) Nashik,Truck,Mylan (formerly Matrix) Nashik,19,0.2676056338028169
Truck,Mozambique,Hetero Unit III Hyderabad IN,74,31253140.45,17,0.7702702702702703,-9.202702702702704,474507.95,40,34.0,0.22972972972972974,0.5405405405405406,0.01518272862079689,Truck | Mozambique | Hetero Unit III Hyderabad IN,Truck,Hetero Unit III Hyderabad IN,17,0.22972972972972974
Truck,Zimbabwe,Hetero Unit III Hyderabad IN,49,25006869.98,7,0.8571428571428571,-19.571428571428573,484971.94,28,21.0,0.14285714285714285,0.5714285714285714,0.019393548268450668,Truck | Zimbabwe | Hetero Unit III Hyderabad IN,Truck,Hetero Unit III Hyderabad IN,7,0.14285714285714285
Truck,Zimbabwe,Mylan (formerly Matrix) Nashik,74,24936472.009999998,18,0.7567567567567568,-24.14864864864865,453362.04,44,30.0,0.24324324324324326,0.5945945945945946,0.018180680884537042,Truck | Zimbabwe | Mylan (formerly Matrix) Nashik,Truck,Mylan (formerly Matrix) Nashik,18,0.24324324324324326
Truck,Zambia,Hetero Unit III Hyderabad IN,82,24192942.25,22,0.7317073170731707,-6.2926829268292686,607898.0,57,25.0,0.2682926829268293,0.6951219512195121,0.02512708019215811,Truck | Zambia | Hetero Unit III Hyderabad IN,Truck,Hetero Unit III Hyderabad IN,22,0.2682926829268293
Truck,Mozambique,"Aurobindo Unit III, India",88,23936594.95,30,0.6590909090909091,0.5568181818181818,394235.93,57,31.0,0.3409090909090909,0.6477272727272727,0.01647000882220301,"Truck | Mozambique | Aurobindo Unit III, India",Truck,"Aurobindo Unit III, India",30,0.3409090909090909
Air Charter,Nigeria,"Cipla, Goa, India",38,20782675.240000002,4,0.8947368421052632,-23.973684210526315,758473.55,25,13.0,0.10526315789473684,0.6578947368421053,0.03649547237018751,"Air Charter | Nigeria | Cipla, Goa, India",Air Charter,"Cipla, Goa, India",4,0.10526315789473684
Truck,Zambia,"Aurobindo Unit III, India",86,18988248.89,18,0.7906976744186046,-7.941860465116279,488007.47,64,22.0,0.20930232558139536,0.7441860465116279,0.025700498915253053,"Truck | Zambia | Aurobindo Unit III, India",Truck,"Aurobindo Unit III, India",18,0.20930232558139536
Air,Vietnam,Mylan (formerly Matrix) Nashik,161,17176491.72,2,0.9875776397515528,-1.204968944099379,692844.41,106,55.0,0.012422360248447204,0.6583850931677019,0.0403367824637475,Air | Vietnam | Mylan (formerly Matrix) Nashik,Air,Mylan (formerly Matrix) Nashik,2,0.012422360248447204
Air,Kenya,Inverness Japan,36,16951767.0,10,0.7222222222222222,2.4722222222222223,592476.9400000001,36,0.0,0.2777777777777778,1.0,0.034950748202237564,Air | Kenya | Inverness Japan,Air,Inverness Japan,10,0.2777777777777778
Air,Côte d'Ivoire,"Aurobindo Unit III, India",255,16810277.05,42,0.8352941176470589,-2.780392156862745,1072226.74,165,90.0,0.16470588235294117,0.6470588235294118,0.06378400170388625,"Air | Côte d'Ivoire | Aurobindo Unit III, India",Air,"Aurobindo Unit III, India",42,0.16470588235294117
Truck,Zimbabwe,"Cipla, Goa, India",88,16287253.53,17,0.8068181818181818,-3.4545454545454546,506998.45,45,43.0,0.19318181818181818,0.5113636363636364,0.031128541657815038,"Truck | Zimbabwe | Cipla, Goa, India",Truck,"Cipla, Goa, India",17,0.19318181818181818
Truck,Uganda,Mylan (formerly Matrix) Nashik,63,15701139.4,15,0.7619047619047619,-21.38095238095238,600472.36,35,28.0,0.23809523809523808,0.5555555555555556,0.038243871651760505,Truck | Uganda | Mylan (formerly Matrix) Nashik,Truck,Mylan (formerly Matrix) Nashik,15,0.23809523809523808
Truck,Mozambique,"Cipla, Goa, India",32,15406570.0,11,0.65625,0.09375,112886.13,12,20.0,0.34375,0.375,0.0073271422516497835,"Truck | Mozambique | Cipla, Goa, India",Truck,"Cipla, Goa, India",11,0.34375
Air,Nigeria,Mylan (formerly Matrix) Nashik,50,15091581.55,4,0.92,-8.52,313743.35000000003,20,30.0,0.08,0.4,0.020789295605668313,Air | Nigeria | Mylan (formerly Matrix) Nashik,Air,Mylan (formerly Matrix) Nashik,4,0.08
Truck,Côte d'Ivoire,Mylan (formerly Matrix) Nashik,87,14719042.26,12,0.8620689655172413,-19.022988505747126,526413.87,55,32.0,0.13793103448275862,0.632183908045977,0.035764138773523704,Truck | Côte d'Ivoire | Mylan (formerly Matrix) Nashik,Truck,Mylan (formerly Matrix) Nashik,12,0.13793103448275862
Ocean,South Africa,"Cipla, Goa, India",44,14664688.74,12,0.7272727272727273,11.25,395523.96,36,8.0,0.2727272727272727,0.8181818181818182,0.02697118002383186,"Ocean | South Africa | Cipla, Goa, India",Ocean,"Cipla, Goa, India",12,0.2727272727272727
Truck,Côte d'Ivoire,Hetero Unit III Hyderabad IN,44,13626795.48,9,0.7954545454545454,-23.454545454545453,457967.14,20,24.0,0.20454545454545456,0.45454545454545453,0.03360783837052202,Truck | Côte d'Ivoire | Hetero Unit III Hyderabad IN,Truck,Hetero Unit III Hyderabad IN,9,0.20454545454545456
Air,Tanzania,Mylan (formerly Matrix) Nashik,28,13250624.05,1,0.9642857142857143,-8.464285714285714,378331.20999999996,23,5.0,0.03571428571428571,0.8214285714285714,0.02855195412475686,Air | Tanzania | Mylan (formerly Matrix) Nashik,Air,Mylan (formerly Matrix) Nashik,1,0.03571428571428571
Truck,Zambia,"Aurobindo Unit VII, IN",15,13066752.780000001,3,0.8,-9.333333333333334,107609.71,9,6.0,0.2,0.6,0.008235382716102784,"Truck | Zambia | Aurobindo Unit VII, IN",Truck,"Aurobindo Unit VII, IN",3,0.2
Air,Rwanda,Mylan (formerly Matrix) Nashik,43,13018759.6,3,0.9302325581395349,-7.372093023255814,803761.43,38,5.0,0.06976744186046512,0.8837209302325582,0.061738710498963366,Air | Rwanda | Mylan (formerly Matrix) Nashik,Air,Mylan (formerly Matrix) Nashik,3,0.06976744186046512
Ocean,South Africa,"Strides, Bangalore, India.",23,12553120.0,2,0.9130434782608695,3.391304347826087,332396.43,21,2.0,0.08695652173913043,0.9130434782608695,0.02647918844080197,"Ocean | South Africa | Strides, Bangalore, India.",Ocean,"Strides, Bangalore, India.",2,0.08695652173913043
Air,Uganda,Mylan (formerly Matrix) Nashik,91,12513233.700000001,10,0.8901098901098901,-8.505494505494505,867373.78,68,23.0,0.10989010989010989,0.7472527472527473,0.06931651728042128,Air | Uganda | Mylan (formerly Matrix) Nashik,Air,Mylan (formerly Matrix) Nashik,10,0.10989010989010989
Air,Tanzania,"Aurobindo Unit III, India",67,12458377.11,7,0.8955223880597015,-2.582089552238806,510566.14,52,15.0,0.1044776119402985,0.7761194029850746,0.040981753521506625,"Air | Tanzania | Aurobindo Unit III, India",Air,"Aurobindo Unit III, India",7,0.1044776119402985
未记录,Zambia,"Aurobindo Unit III, India",50,12357130.05,0,1.0,-1.12,510953.65,40,10.0,0.0,0.8,0.04134889314367943,"未记录 | Zambia | Aurobindo Unit III, India",未记录,"Aurobindo Unit III, India",0,0.0
Truck,Mozambique,"Aurobindo Unit VII, IN",17,12176382.27,9,0.47058823529411764,0.8235294117647058,46485.41,6,11.0,0.5294117647058824,0.35294117647058826,0.0038176700574299566,"Truck | Mozambique | Aurobindo Unit VII, IN",Truck,"Aurobindo Unit VII, IN",9,0.5294117647058824
Air,Vietnam,ABBVIE Ludwigshafen Germany,84,12155920.38,1,0.9880952380952381,0.5357142857142857,249825.4,67,17.0,0.011904761904761904,0.7976190476190477,0.02055174698339049,Air | Vietnam | ABBVIE Ludwigshafen Germany,Air,ABBVIE Ludwigshafen Germany,1,0.011904761904761904
Truck,Zambia,"Cipla, Goa, India",38,11204588.16,6,0.8421052631578947,-8.447368421052632,271948.11,25,13.0,0.15789473684210525,0.6578947368421053,0.0242711384047872,"Truck | Zambia | Cipla, Goa, India",Truck,"Cipla, Goa, India",6,0.15789473684210525
Air,Nigeria,"Aurobindo Unit III, India",148,11052933.6,5,0.9662162162162162,-4.3175675675675675,608397.01,61,87.0,0.033783783783783786,0.41216216216216217,0.05504393964693681,"Air | Nigeria | Aurobindo Unit III, India",Air,"Aurobindo Unit III, India",5,0.033783783783783786
Air,Vietnam,Hetero Unit III Hyderabad IN,146,10866836.9,1,0.9931506849315068,-0.410958904109589,415561.56,72,74.0,0.00684931506849315,0.4931506849315068,0.03824126227568576,Air | Vietnam | Hetero Unit III Hyderabad IN,Air,Hetero Unit III Hyderabad IN,1,0.00684931506849315
Air Charter,Nigeria,"Strides, Bangalore, India.",50,10698896.83,5,0.9,-25.26,515540.11,29,21.0,0.1,0.58,0.04818628669774732,"Air Charter | Nigeria | Strides, Bangalore, India.",Air Charter,"Strides, Bangalore, India.",5,0.1
Air,Uganda,Hetero Unit III Hyderabad IN,46,10549611.23,8,0.8260869565217391,-7.739130434782608,493394.14,28,18.0,0.17391304347826086,0.6086956521739131,0.046768940508151786,Air | Uganda | Hetero Unit III Hyderabad IN,Air,Hetero Unit III Hyderabad IN,8,0.17391304347826086
Air,South Africa,"Aurobindo Unit III, India",119,10439144.66,27,0.773109243697479,-31.747899159663866,277911.77,64,55.0,0.226890756302521,0.5378151260504201,0.026622082464752433,"Air | South Africa | Aurobindo Unit III, India",Air,"Aurobindo Unit III, India",27,0.226890756302521
Truck,Mozambique,"Strides, Bangalore, India.",38,10376140.01,10,0.7368421052631579,4.0,116056.47,22,16.0,0.2631578947368421,0.5789473684210527,0.011184936776889155,"Truck | Mozambique | Strides, Bangalore, India.",Truck,"Strides, Bangalore, India.",10,0.2631578947368421
Air,Uganda,"Aurobindo Unit III, India",155,10207685.88,24,0.8451612903225807,-6.212903225806452,938504.11,113,42.0,0.15483870967741936,0.7290322580645161,0.0919409277511976,"Air | Uganda | Aurobindo Unit III, India",Air,"Aurobindo Unit III, India",24,0.15483870967741936
Truck,Tanzania,"Aurobindo Unit III, India",53,10049924.15,14,0.7358490566037735,-8.830188679245284,240274.7,38,15.0,0.2641509433962264,0.7169811320754716,0.02390811078907496,"Truck | Tanzania | Aurobindo Unit III, India",Truck,"Aurobindo Unit III, India",14,0.2641509433962264
Air,Zambia,"Alere Medical Co., Ltd.",32,9884800.0,7,0.78125,-0.40625,785228.81,31,1.0,0.21875,0.96875,0.07943800683878278,"Air | Zambia | Alere Medical Co., Ltd.",Air,"Alere Medical Co., Ltd.",7,0.21875
Truck,Uganda,"Aurobindo Unit III, India",49,9838442.56,10,0.7959183673469388,-9.285714285714286,584396.09,35,14.0,0.20408163265306123,0.7142857142857143,0.05939924804521092,"Truck | Uganda | Aurobindo Unit III, India",Truck,"Aurobindo Unit III, India",10,0.20408163265306123
Air,Côte d'Ivoire,Mylan (formerly Matrix) Nashik,82,9748228.45,13,0.8414634146341463,0.926829268292683,338377.73,51,31.0,0.15853658536585366,0.6219512195121951,0.03471171523478197,Air | Côte d'Ivoire | Mylan (formerly Matrix) Nashik,Air,Mylan (formerly Matrix) Nashik,13,0.15853658536585366
Truck,Uganda,Hetero Unit III Hyderabad IN,47,9657264.86,11,0.7659574468085106,-8.127659574468085,322500.81,34,13.0,0.23404255319148937,0.723404255319149,0.03339463240112481,Truck | Uganda | Hetero Unit III Hyderabad IN,Truck,Hetero Unit III Hyderabad IN,11,0.23404255319148937
Air,Nigeria,"Aspen-OSD, Port Elizabeth, SA",34,9358544.75,0,1.0,0.0,209250.87,28,6.0,0.0,0.8235294117647058,0.022359338507196857,"Air | Nigeria | Aspen-OSD, Port Elizabeth, SA",Air,"Aspen-OSD, Port Elizabeth, SA",0,0.0
Air,Kenya,"Alere Medical Co., Ltd.",19,9251105.0,4,0.7894736842105263,4.105263157894737,274241.97,17,2.0,0.21052631578947367,0.8947368421052632,0.02964423925574296,"Air | Kenya | Alere Medical Co., Ltd.",Air,"Alere Medical Co., Ltd.",4,0.21052631578947367
Truck,Côte d'Ivoire,"Aurobindo Unit III, India",80,8386999.84,21,0.7375,-14.8,465063.31,48,32.0,0.2625,0.6,0.055450497063560214,"Truck | Côte d'Ivoire | Aurobindo Unit III, India",Truck,"Aurobindo Unit III, India",21,0.2625
Air,Haiti,"Aurobindo Unit III, India",237,8315406.51,32,0.8649789029535865,-2.5569620253164556,1796733.98,124,113.0,0.1350210970464135,0.5232067510548524,0.21607289767965895,"Air | Haiti | Aurobindo Unit III, India",Air,"Aurobindo Unit III, India",32,0.1350210970464135
Air,Zambia,"Aurobindo Unit III, India",47,8191814.55,7,0.851063829787234,0.7446808510638298,541921.12,42,5.0,0.14893617021276595,0.8936170212765957,0.06615397805849987,"Air | Zambia | Aurobindo Unit III, India",Air,"Aurobindo Unit III, India",7,0.14893617021276595
Air,Rwanda,"Aurobindo Unit III, India",81,8054100.83,2,0.9753086419753086,-8.938271604938272,1021558.37,69,12.0,0.024691358024691357,0.8518518518518519,0.12683704755655512,"Air | Rwanda | Aurobindo Unit III, India",Air,"Aurobindo Unit III, India",2,0.024691358024691357
Air,Nigeria,Hetero Unit III Hyderabad IN,19,8001732.89,2,0.8947368421052632,-4.578947368421052,254710.67,13,6.0,0.10526315789473684,0.6842105263157895,0.031831938593991235,Air | Nigeria | Hetero Unit III Hyderabad IN,Air,Hetero Unit III Hyderabad IN,2,0.10526315789473684
Truck,Zambia,"Strides, Bangalore, India.",35,7955012.51,8,0.7714285714285715,-12.17142857142857,173532.37,19,16.0,0.22857142857142856,0.5428571428571428,0.02181421710925757,"Truck | Zambia | Strides, Bangalore, India.",Truck,"Strides, Bangalore, India.",8,0.22857142857142856
Truck,Zimbabwe,"Aurobindo Unit VII, IN",17,7895808.73,3,0.8235294117647058,-16.88235294117647,248372.65,12,5.0,0.17647058823529413,0.7058823529411765,0.03145626477200645,"Truck | Zimbabwe | Aurobindo Unit VII, IN",Truck,"Aurobindo Unit VII, IN",3,0.17647058823529413
Air,Vietnam,"Aurobindo Unit III, India",161,7706828.24,1,0.9937888198757764,-0.055900621118012424,621164.59,86,75.0,0.006211180124223602,0.5341614906832298,0.0805992518136099,"Air | Vietnam | Aurobindo Unit III, India",Air,"Aurobindo Unit III, India",1,0.006211180124223602
Air,Côte d'Ivoire,ABBVIE Ludwigshafen Germany,36,7700638.7,1,0.9722222222222222,0.05555555555555555,384890.87,34,2.0,0.027777777777777776,0.9444444444444444,0.04998168138962291,Air | Côte d'Ivoire | ABBVIE Ludwigshafen Germany,Air,ABBVIE Ludwigshafen Germany,1,0.027777777777777776
Air,Nigeria,Inverness Japan,34,7563701.0,4,0.8823529411764706,0.8823529411764706,554192.41,26,8.0,0.11764705882352941,0.7647058823529411,0.07327000498829872,Air | Nigeria | Inverness Japan,Air,Inverness Japan,4,0.11764705882352941
Truck,Rwanda,Mylan (formerly Matrix) Nashik,11,7516646.32,5,0.5454545454545454,-3.0,38909.52,5,6.0,0.45454545454545453,0.45454545454545453,0.005176446827951857,Truck | Rwanda | Mylan (formerly Matrix) Nashik,Truck,Mylan (formerly Matrix) Nashik,5,0.45454545454545453
Air,Côte d'Ivoire,"Alere Medical Co., Ltd.",28,7143280.0,0,1.0,0.0,555619.5,27,1.0,0.0,0.9642857142857143,0.07778212529818235,"Air | Côte d'Ivoire | Alere Medical Co., Ltd.",Air,"Alere Medical Co., Ltd.",0,0.0
Air Charter,Nigeria,"Aspen-OSD, Port Elizabeth, SA",11,6957431.25,0,1.0,0.0,97037.01,11,0.0,0.0,1.0,0.01394724669395763,"Air Charter | Nigeria | Aspen-OSD, Port Elizabeth, SA",Air Charter,"Aspen-OSD, Port Elizabeth, SA",0,0.0
Air,Tanzania,"Standard Diagnostics, Korea",37,6898212.0,4,0.8918918918918919,0.918918918918919,833037.88,35,2.0,0.10810810810810811,0.9459459459459459,0.12076142049562988,"Air | Tanzania | Standard Diagnostics, Korea",Air,"Standard Diagnostics, Korea",4,0.10810810810810811
Air,Mozambique,Inverness Japan,25,6475669.7,1,0.96,-0.84,223055.41,19,6.0,0.04,0.76,0.03444514935652138,Air | Mozambique | Inverness Japan,Air,Inverness Japan,1,0.04
Truck,Côte d'Ivoire,"Strides, Bangalore, India.",31,6418572.76,10,0.6774193548387096,-11.419354838709678,242041.21,21,10.0,0.3225806451612903,0.6774193548387096,0.03770950631087027,"Truck | Côte d'Ivoire | Strides, Bangalore, India.",Truck,"Strides, Bangalore, India.",10,0.3225806451612903
Air,Mozambique,"Alere Medical Co., Ltd.",27,6285142.45,3,0.8888888888888888,1.5185185185185186,389033.58,21,6.0,0.1111111111111111,0.7777777777777778,0.06189733694898196,"Air | Mozambique | Alere Medical Co., Ltd.",Air,"Alere Medical Co., Ltd.",3,0.1111111111111111
Air,Tanzania,"Cipla, Goa, India",15,6008088.21,1,0.9333333333333333,-10.266666666666667,458338.89999999997,13,2.0,0.06666666666666667,0.8666666666666667,0.07628697914872991,"Air | Tanzania | Cipla, Goa, India",Air,"Cipla, Goa, India",1,0.06666666666666667
Air,Mozambique,"Aurobindo Unit III, India",67,5976203.38,2,0.9701492537313433,-0.582089552238806,107192.45999999999,32,35.0,0.029850746268656716,0.47761194029850745,0.017936548203618865,"Air | Mozambique | Aurobindo Unit III, India",Air,"Aurobindo Unit III, India",2,0.029850746268656716
Ocean,Haiti,Hetero Unit III Hyderabad IN,19,5947888.4799999995,0,1.0,0.0,97080.99,10,9.0,0.0,0.5263157894736842,0.01632192505398151,Ocean | Haiti | Hetero Unit III Hyderabad IN,Ocean,Hetero Unit III Hyderabad IN,0,0.0
Ocean,Tanzania,Mylan (formerly Matrix) Nashik,6,5900185.48,0,1.0,0.0,111674.23999999999,5,1.0,0.0,0.8333333333333334,0.01892724226696683,Ocean | Tanzania | Mylan (formerly Matrix) Nashik,Ocean,Mylan (formerly Matrix) Nashik,0,0.0
Ocean,Malawi,Mylan (formerly Matrix) Nashik,4,5745000.0,0,1.0,0.0,80140.22,4,0.0,0.0,1.0,0.013949559617058311,Ocean | Malawi | Mylan (formerly Matrix) Nashik,Ocean,Mylan (formerly Matrix) Nashik,0,0.0
Air,South Africa,"Cipla, Goa, India",22,5705871.2,11,0.5,-16.90909090909091,56324.770000000004,16,6.0,0.5,0.7272727272727273,0.009871370738266928,"Air | South Africa | Cipla, Goa, India",Air,"Cipla, Goa, India",11,0.5
Air,Mozambique,"Strides, Bangalore, India.",14,5626639.59,0,1.0,-3.357142857142857,60731.12,12,2.0,0.0,0.8571428571428571,0.010793497438139628,"Air | Mozambique | Strides, Bangalore, India.",Air,"Strides, Bangalore, India.",0,0.0
Air,Ethiopia,"Aurobindo Unit III, India",65,5624932.16,7,0.8923076923076924,-3.5076923076923077,321048.24,56,9.0,0.1076923076923077,0.8615384615384616,0.05707593102776194,"Air | Ethiopia | Aurobindo Unit III, India",Air,"Aurobindo Unit III, India",7,0.1076923076923077
Air,Nigeria,Chembio Diagnostics Sys. Inc.,34,5513961.0,1,0.9705882352941176,-9.470588235294118,439334.77,32,2.0,0.029411764705882353,0.9411764705882353,0.07967680039811671,Air | Nigeria | Chembio Diagnostics Sys. Inc.,Air,Chembio Diagnostics Sys. Inc.,1,0.029411764705882353
Air Charter,Nigeria,ABBVIE Ludwigshafen Germany,8,5475835.02,1,0.875,-53.625,172795.41,8,0.0,0.125,1.0,0.03155599271506175,Air Charter | Nigeria | ABBVIE Ludwigshafen Germany,Air Charter,ABBVIE Ludwigshafen Germany,1,0.125
Truck,Mozambique,Cipla Ltd A-42 MIDC Mahar. IN,3,5440535.0,1,0.6666666666666666,-37.333333333333336,0.0,0,3.0,0.3333333333333333,0.0,0.0,Truck | Mozambique | Cipla Ltd A-42 MIDC Mahar. IN,Truck,Cipla Ltd A-42 MIDC Mahar. IN,1,0.3333333333333333
Truck,Zambia,"Aspen-OSD, Port Elizabeth, SA",2,5250000.0,0,1.0,0.0,25556.25,2,0.0,0.0,1.0,0.0048678571428571425,"Truck | Zambia | Aspen-OSD, Port Elizabeth, SA",Truck,"Aspen-OSD, Port Elizabeth, SA",0,0.0
Air,Uganda,"Alere Medical Co., Ltd.",18,5183896.0,1,0.9444444444444444,0.2222222222222222,330187.18,17,1.0,0.05555555555555555,0.9444444444444444,0.0636947924881209,"Air | Uganda | Alere Medical Co., Ltd.",Air,"Alere Medical Co., Ltd.",1,0.05555555555555555
Air,Zambia,Inverness Japan,31,5149800.0,4,0.8709677419354839,-0.4838709677419355,392753.69,25,6.0,0.12903225806451613,0.8064516129032258,0.07626581420637694,Air | Zambia | Inverness Japan,Air,Inverness Japan,4,0.12903225806451613
Truck,Zambia,Cipla Ltd A-42 MIDC Mahar. IN,1,5140114.74,0,1.0,-6.0,0.0,0,1.0,0.0,0.0,0.0,Truck | Zambia | Cipla Ltd A-42 MIDC Mahar. IN,Truck,Cipla Ltd A-42 MIDC Mahar. IN,0,0.0
Air,Haiti,Mylan (formerly Matrix) Nashik,45,5057221.25,5,0.8888888888888888,-6.311111111111111,500415.8,29,16.0,0.1111111111111111,0.6444444444444445,0.09895074295988138,Air | Haiti | Mylan (formerly Matrix) Nashik,Air,Mylan (formerly Matrix) Nashik,5,0.1111111111111111
Air,Tanzania,"Alere Medical Co., Ltd.",42,4976000.0,1,0.9761904761904762,-0.5238095238095238,650688.91,41,1.0,0.023809523809523808,0.9761904761904762,0.1307654561897106,"Air | Tanzania | Alere Medical Co., Ltd.",Air,"Alere Medical Co., Ltd.",1,0.023809523809523808
Air,Nigeria,"Trinity Biotech, Plc",16,4966592.0,0,1.0,0.0,466828.7,15,1.0,0.0,0.9375,0.09399376876538279,"Air | Nigeria | Trinity Biotech, Plc",Air,"Trinity Biotech, Plc",0,0.0
Truck,Zimbabwe,"Strides, Bangalore, India.",38,4718064.81,9,0.7631578947368421,-29.94736842105263,68760.56,13,25.0,0.23684210526315788,0.34210526315789475,0.014573890518472975,"Truck | Zimbabwe | Strides, Bangalore, India.",Truck,"Strides, Bangalore, India.",9,0.23684210526315788
Air,Haiti,"Alere Medical Co., Ltd.",11,4716000.0,0,1.0,-1.1818181818181819,174502.63,10,1.0,0.0,0.9090909090909091,0.037002254028838,"Air | Haiti | Alere Medical Co., Ltd.",Air,"Alere Medical Co., Ltd.",0,0.0
Ocean,Haiti,Mylan (formerly Matrix) Nashik,21,4622961.28,0,1.0,0.0,85165.79000000001,8,13.0,0.0,0.38095238095238093,0.018422345514431823,Ocean | Haiti | Mylan (formerly Matrix) Nashik,Ocean,Mylan (formerly Matrix) Nashik,0,0.0
Air,Zambia,"Trinity Biotech, Plc",26,4607488.0,0,1.0,0.0,496659.71,25,1.0,0.0,0.9615384615384616,0.1077940322362207,"Air | Zambia | Trinity Biotech, Plc",Air,"Trinity Biotech, Plc",0,0.0
Air,Mozambique,"Cipla, Goa, India",23,4483617.69,1,0.9565217391304348,1.5217391304347827,86427.46,12,11.0,0.043478260869565216,0.5217391304347826,0.01927627776845532,"Air | Mozambique | Cipla, Goa, India",Air,"Cipla, Goa, India",1,0.043478260869565216
Ocean,Rwanda,Hetero Unit III Hyderabad IN,8,4407992.65,0,1.0,0.0,172550.49000000002,7,1.0,0.0,0.875,0.03914491327475331,Ocean | Rwanda | Hetero Unit III Hyderabad IN,Ocean,Hetero Unit III Hyderabad IN,0,0.0
Air,Tanzania,Hetero Unit III Hyderabad IN,7,4385137.66,0,1.0,-1.0,225612.44999999998,4,3.0,0.0,0.5714285714285714,0.05144934264161732,Air | Tanzania | Hetero Unit III Hyderabad IN,Air,Hetero Unit III Hyderabad IN,0,0.0
未记录,Côte d'Ivoire,"Aurobindo Unit III, India",44,4384870.74,1,0.9772727272727273,0.3181818181818182,92522.32,25,19.0,0.022727272727272728,0.5681818181818182,0.02110035289204443,"未记录 | Côte d'Ivoire | Aurobindo Unit III, India",未记录,"Aurobindo Unit III, India",1,0.022727272727272728
Air,Zambia,Mylan (formerly Matrix) Nashik,12,4354086.87,1,0.9166666666666666,-10.333333333333334,225724.93,11,1.0,0.08333333333333333,0.9166666666666666,0.051842082333097776,Air | Zambia | Mylan (formerly Matrix) Nashik,Air,Mylan (formerly Matrix) Nashik,1,0.08333333333333333
Air,Rwanda,Hetero Unit III Hyderabad IN,36,4300592.65,0,1.0,-1.8888888888888888,501234.5,29,7.0,0.0,0.8055555555555556,0.11655009920551297,Air | Rwanda | Hetero Unit III Hyderabad IN,Air,Hetero Unit III Hyderabad IN,0,0.0
未记录,Zambia,Mylan (formerly Matrix) Nashik,8,4252083.7,0,1.0,0.0,83697.78,8,0.0,0.0,1.0,0.019683944603442305,未记录 | Zambia | Mylan (formerly Matrix) Nashik,未记录,Mylan (formerly Matrix) Nashik,0,0.0
Air,Uganda,"Cipla, Goa, India",32,4212721.62,5,0.84375,-8.0,226706.94999999998,20,12.0,0.15625,0.625,0.053814842386855834,"Air | Uganda | Cipla, Goa, India",Air,"Cipla, Goa, India",5,0.15625
Truck,Tanzania,Hetero Unit III Hyderabad IN,6,4209118.43,1,0.8333333333333334,-19.166666666666668,20899.56,2,4.0,0.16666666666666666,0.3333333333333333,0.004965305763563417,Truck | Tanzania | Hetero Unit III Hyderabad IN,Truck,Hetero Unit III Hyderabad IN,1,0.16666666666666666
Air,Tanzania,"MSD, Haarlem, NL",4,4032000.0,0,1.0,0.0,12790.41,2,2.0,0.0,0.5,0.0031722247023809524,"Air | Tanzania | MSD, Haarlem, NL",Air,"MSD, Haarlem, NL",0,0.0
Air,Tanzania,ABBVIE Ludwigshafen Germany,23,3849578.01,1,0.9565217391304348,2.130434782608696,205512.72,19,4.0,0.043478260869565216,0.8260869565217391,0.053385778770073555,Air | Tanzania | ABBVIE Ludwigshafen Germany,Air,ABBVIE Ludwigshafen Germany,1,0.043478260869565216
Air,Vietnam,"Cipla, Goa, India",28,3837571.4,0,1.0,0.0,241038.82,27,1.0,0.0,0.9642857142857143,0.06281025025358486,"Air | Vietnam | Cipla, Goa, India",Air,"Cipla, Goa, India",0,0.0
Air,Rwanda,Inverness Japan,18,3830627.0,0,1.0,-0.16666666666666666,387961.76,15,3.0,0.0,0.8333333333333334,0.1012789185686834,Air | Rwanda | Inverness Japan,Air,Inverness Japan,0,0.0
Ocean,Rwanda,Mylan (formerly Matrix) Nashik,6,3814596.76,0,1.0,0.0,199747.93,6,0.0,0.0,1.0,0.05236410099609061,Ocean | Rwanda | Mylan (formerly Matrix) Nashik,Ocean,Mylan (formerly Matrix) Nashik,0,0.0
Air,Mozambique,Hetero Unit III Hyderabad IN,15,3738046.2,0,1.0,0.0,255416.52000000002,10,5.0,0.0,0.6666666666666666,0.0683288826125263,Air | Mozambique | Hetero Unit III Hyderabad IN,Air,Hetero Unit III Hyderabad IN,0,0.0
Air,Côte d'Ivoire,Inverness Japan,33,3727435.2,0,1.0,-0.12121212121212122,248805.87,27,6.0,0.0,0.8181818181818182,0.06674988474648734,Air | Côte d'Ivoire | Inverness Japan,Air,Inverness Japan,0,0.0
Air,Ethiopia,"KHB Test Kit Facility, Shanghai China",32,3707894.5,0,1.0,-0.75,1061739.77,32,0.0,0.0,1.0,0.28634573340746344,"Air | Ethiopia | KHB Test Kit Facility, Shanghai China",Air,"KHB Test Kit Facility, Shanghai China",0,0.0
Air,South Africa,GSK Mississauga (Canada),16,3691993.84,1,0.9375,-42.1875,81468.13,6,10.0,0.0625,0.375,0.022066160868784115,Air | South Africa | GSK Mississauga (Canada),Air,GSK Mississauga (Canada),1,0.0625
Truck,Tanzania,"Cipla, Goa, India",27,3562793.54,7,0.7407407407407407,-9.296296296296296,227540.65,18,9.0,0.25925925925925924,0.6666666666666666,0.06386579728669879,"Truck | Tanzania | Cipla, Goa, India",Truck,"Cipla, Goa, India",7,0.25925925925925924
Air Charter,Nigeria,"Aurobindo Unit VII, IN",7,3543027.8000000003,0,1.0,-32.714285714285715,166826.55,4,3.0,0.0,0.5714285714285714,0.047085871016874316,"Air Charter | Nigeria | Aurobindo Unit VII, IN",Air Charter,"Aurobindo Unit VII, IN",0,0.0
Air,Zimbabwe,"Cipla, Goa, India",36,3529274.98,2,0.9444444444444444,-3.138888888888889,169749.68,16,20.0,0.05555555555555555,0.4444444444444444,0.048097606721480224,"Air | Zimbabwe | Cipla, Goa, India",Air,"Cipla, Goa, India",2,0.05555555555555555
Air,Rwanda,"Cipla, Goa, India",19,3478504.9899999998,1,0.9473684210526315,-3.3157894736842106,204417.53,17,2.0,0.05263157894736842,0.8947368421052632,0.05876591541126408,"Air | Rwanda | Cipla, Goa, India",Air,"Cipla, Goa, India",1,0.05263157894736842
未记录,Zambia,"Aspen-OSD, Port Elizabeth, SA",4,3367980.0,0,1.0,0.0,45714.61,4,0.0,0.0,1.0,0.013573302097993456,"未记录 | Zambia | Aspen-OSD, Port Elizabeth, SA",未记录,"Aspen-OSD, Port Elizabeth, SA",0,0.0
Air,Vietnam,"Strides, Bangalore, India.",38,3225863.58,0,1.0,0.0,238693.11000000002,30,8.0,0.0,0.7894736842105263,0.07399355368896288,"Air | Vietnam | Strides, Bangalore, India.",Air,"Strides, Bangalore, India.",0,0.0
未记录,Tanzania,"Aurobindo Unit III, India",11,3126884.88,2,0.8181818181818182,0.18181818181818182,63947.630000000005,6,5.0,0.18181818181818182,0.5454545454545454,0.020450906398575188,"未记录 | Tanzania | Aurobindo Unit III, India",未记录,"Aurobindo Unit III, India",2,0.18181818181818182
Air,Mozambique,"Trinity Biotech, Plc",27,3094976.0,0,1.0,0.0,376286.1,24,3.0,0.0,0.8888888888888888,0.12157965037531793,"Air | Mozambique | Trinity Biotech, Plc",Air,"Trinity Biotech, Plc",0,0.0
Air,Côte d'Ivoire,"Strides, Bangalore, India.",29,2994235.41,4,0.8620689655172413,-6.137931034482759,107101.84,19,10.0,0.13793103448275862,0.6551724137931034,0.03576934520322168,"Air | Côte d'Ivoire | Strides, Bangalore, India.",Air,"Strides, Bangalore, India.",4,0.13793103448275862
Air,Zimbabwe,"Alere Medical Co., Ltd.",12,2925855.0,0,1.0,0.0,234811.94,7,5.0,0.0,0.5833333333333334,0.08025412742600026,"Air | Zimbabwe | Alere Medical Co., Ltd.",Air,"Alere Medical Co., Ltd.",0,0.0
Truck,Rwanda,Hetero Unit III Hyderabad IN,10,2904538.81,3,0.7,-18.4,116561.14,6,4.0,0.3,0.6,0.040130687735585806,Truck | Rwanda | Hetero Unit III Hyderabad IN,Truck,Hetero Unit III Hyderabad IN,3,0.3
Air,Côte d'Ivoire,"MSD, Haarlem, NL",26,2885676.23,0,1.0,-1.1538461538461537,67165.53,21,5.0,0.0,0.8076923076923077,0.023275490611779408,"Air | Côte d'Ivoire | MSD, Haarlem, NL",Air,"MSD, Haarlem, NL",0,0.0
Air,Rwanda,"KHB Test Kit Facility, Shanghai China",19,2820244.0,2,0.8947368421052632,5.157894736842105,1019485.72,19,0.0,0.10526315789473684,1.0,0.3614884811385114,"Air | Rwanda | KHB Test Kit Facility, Shanghai China",Air,"KHB Test Kit Facility, Shanghai China",2,0.10526315789473684
Truck,Tanzania,"Strides, Bangalore, India.",11,2696251.82,5,0.5454545454545454,-28.818181818181817,26351.12,8,3.0,0.45454545454545453,0.7272727272727273,0.009773241432619598,"Truck | Tanzania | Strides, Bangalore, India.",Truck,"Strides, Bangalore, India.",5,0.45454545454545453
Air,South Africa,"Strides, Bangalore, India.",4,2638990.75,0,1.0,0.0,75330.98999999999,4,0.0,0.0,1.0,0.02854537856943985,"Air | South Africa | Strides, Bangalore, India.",Air,"Strides, Bangalore, India.",0,0.0
Air,Haiti,Hetero Unit III Hyderabad IN,25,2637161.63,10,0.6,-0.2,154278.56,16,9.0,0.4,0.64,0.05850174606097238,Air | Haiti | Hetero Unit III Hyderabad IN,Air,Hetero Unit III Hyderabad IN,10,0.4
Truck,Zimbabwe,"Aurobindo Unit III, India",67,2630952.6,13,0.8059701492537313,-5.91044776119403,249728.25,34,33.0,0.19402985074626866,0.5074626865671642,0.09491932693884336,"Truck | Zimbabwe | Aurobindo Unit III, India",Truck,"Aurobindo Unit III, India",13,0.19402985074626866
Ocean,Uganda,Mylan (formerly Matrix) Nashik,4,2575412.63,0,1.0,0.0,52152.71,3,1.0,0.0,0.75,0.020250234619685004,Ocean | Uganda | Mylan (formerly Matrix) Nashik,Ocean,Mylan (formerly Matrix) Nashik,0,0.0
Truck,Mozambique,ABBVIE Ludwigshafen Germany,6,2547439.2,3,0.5,19.166666666666668,17092.02,4,2.0,0.5,0.6666666666666666,0.006709490848692287,Truck | Mozambique | ABBVIE Ludwigshafen Germany,Truck,ABBVIE Ludwigshafen Germany,3,0.5
Air,Zimbabwe,Inverness Japan,20,2532960.0,1,0.95,-0.85,288390.09,17,3.0,0.05,0.85,0.11385497204851243,Air | Zimbabwe | Inverness Japan,Air,Inverness Japan,1,0.05
Truck,South Africa,"Cipla, Goa, India",54,2500692.0,3,0.9444444444444444,-13.62962962962963,0.0,0,54.0,0.05555555555555555,0.0,0.0,"Truck | South Africa | Cipla, Goa, India",Truck,"Cipla, Goa, India",3,0.05555555555555555
Truck,Côte d'Ivoire,ABBVIE Ludwigshafen Germany,4,2492588.08,0,1.0,-25.25,128321.83,4,0.0,0.0,1.0,0.05148136229553019,Truck | Côte d'Ivoire | ABBVIE Ludwigshafen Germany,Truck,ABBVIE Ludwigshafen Germany,0,0.0
Truck,Kenya,Inverness Japan,12,2365200.0,0,1.0,0.0,596.03,2,10.0,0.0,0.16666666666666666,0.0002519998308811094,Truck | Kenya | Inverness Japan,Truck,Inverness Japan,0,0.0
Air Charter,Nigeria,"Hetero, Jadcherla, unit 5, IN",4,2336585.28,0,1.0,-26.25,0.0,0,4.0,0.0,0.0,0.0,"Air Charter | Nigeria | Hetero, Jadcherla, unit 5, IN",Air Charter,"Hetero, Jadcherla, unit 5, IN",0,0.0
Air,Kenya,"Trinity Biotech, Plc",14,2330944.0,0,1.0,0.0,170658.94,13,1.0,0.0,0.9285714285714286,0.07321451738008292,"Air | Kenya | Trinity Biotech, Plc",Air,"Trinity Biotech, Plc",0,0.0
Air,Uganda,"Strides, Bangalore, India.",33,2286627.36,2,0.9393939393939394,-5.909090909090909,364012.89,26,7.0,0.06060606060606061,0.7878787878787878,0.15919204692801367,"Air | Uganda | Strides, Bangalore, India.",Air,"Strides, Bangalore, India.",2,0.06060606060606061
Truck,Rwanda,"Aurobindo Unit III, India",21,2229698.21,6,0.7142857142857143,-16.285714285714285,94421.02,14,7.0,0.2857142857142857,0.6666666666666666,0.042346995470745795,"Truck | Rwanda | Aurobindo Unit III, India",Truck,"Aurobindo Unit III, India",6,0.2857142857142857
Air,Ethiopia,Mylan (formerly Matrix) Nashik,19,2210137.42,0,1.0,-4.842105263157895,112617.63,12,7.0,0.0,0.631578947368421,0.050955035185097225,Air | Ethiopia | Mylan (formerly Matrix) Nashik,Air,Mylan (formerly Matrix) Nashik,0,0.0
Truck,Uganda,"Strides, Bangalore, India.",32,2164342.58,3,0.90625,-21.4375,151235.09,15,17.0,0.09375,0.46875,0.06987576338307773,"Truck | Uganda | Strides, Bangalore, India.",Truck,"Strides, Bangalore, India.",3,0.09375
Ocean,South Africa,"Emcure Plot No.P-2, I.T-B.T. Park, Phase II, MIDC, Hinjwadi, Pune, India",5,2150000.0,2,0.6,11.4,44350.29,5,0.0,0.4,1.0,0.020628041860465116,"Ocean | South Africa | Emcure Plot No.P-2, I.T-B.T. Park, Phase II, MIDC, Hinjwadi, Pune, India",Ocean,"Emcure Plot No.P-2, I.T-B.T. Park, Phase II, MIDC, Hinjwadi, Pune, India",2,0.4
Truck,Zambia,"Emcure Plot No.P-2, I.T-B.T. Park, Phase II, MIDC, Hinjwadi, Pune, India",6,2034313.46,2,0.6666666666666666,-1.5,24012.64,3,3.0,0.3333333333333333,0.5,0.011803805299503844,"Truck | Zambia | Emcure Plot No.P-2, I.T-B.T. Park, Phase II, MIDC, Hinjwadi, Pune, India",Truck,"Emcure Plot No.P-2, I.T-B.T. Park, Phase II, MIDC, Hinjwadi, Pune, India",2,0.3333333333333333
Truck,Rwanda,"Aurobindo Unit VII, IN",5,1981367.8,3,0.4,-0.4,113499.70999999999,4,1.0,0.6,0.8,0.05728351394425608,"Truck | Rwanda | Aurobindo Unit VII, IN",Truck,"Aurobindo Unit VII, IN",3,0.6
Air,Rwanda,"Emcure Plot No.P-2, I.T-B.T. Park, Phase II, MIDC, Hinjwadi, Pune, India",10,1957133.76,0,1.0,0.0,86926.67000000001,7,3.0,0.0,0.7,0.04441529331137797,"Air | Rwanda | Emcure Plot No.P-2, I.T-B.T. Park, Phase II, MIDC, Hinjwadi, Pune, India",Air,"Emcure Plot No.P-2, I.T-B.T. Park, Phase II, MIDC, Hinjwadi, Pune, India",0,0.0
Air,Cameroon,Mylan (formerly Matrix) Nashik,6,1953861.96,0,1.0,0.0,175392.69999999998,6,0.0,0.0,1.0,0.08976719112746327,Air | Cameroon | Mylan (formerly Matrix) Nashik,Air,Mylan (formerly Matrix) Nashik,0,0.0
Air,Burundi,"Alere Medical Co., Ltd.",14,1916720.0,0,1.0,0.0,190011.81,12,2.0,0.0,0.8571428571428571,0.09913383801494219,"Air | Burundi | Alere Medical Co., Ltd.",Air,"Alere Medical Co., Ltd.",0,0.0
Air,Nigeria,"MSD, Haarlem, NL",7,1911160.0,1,0.8571428571428571,-11.0,29164.92,5,2.0,0.14285714285714285,0.7142857142857143,0.015260323573117896,"Air | Nigeria | MSD, Haarlem, NL",Air,"MSD, Haarlem, NL",1,0.14285714285714285
Air,Ghana,Mylan (formerly Matrix) Nashik,10,1859380.82,3,0.7,14.7,131219.2,9,1.0,0.3,0.9,0.07057144969366738,Air | Ghana | Mylan (formerly Matrix) Nashik,Air,Mylan (formerly Matrix) Nashik,3,0.3
Air,Tanzania,"Trinity Biotech, Plc",30,1858214.0,0,1.0,-0.7666666666666667,156867.78,29,1.0,0.0,0.9666666666666667,0.08441857611663672,"Air | Tanzania | Trinity Biotech, Plc",Air,"Trinity Biotech, Plc",0,0.0
Air,"Congo, DRC","Alere Medical Co., Ltd.",30,1852401.72,0,1.0,0.0,189819.59999999998,10,20.0,0.0,0.3333333333333333,0.10247215706536916,"Air | Congo, DRC | Alere Medical Co., Ltd.",Air,"Alere Medical Co., Ltd.",0,0.0
Air,Swaziland,Mylan (formerly Matrix) Nashik,8,1833154.65,2,0.75,-8.625,105635.5,8,0.0,0.25,1.0,0.057624979976457526,Air | Swaziland | Mylan (formerly Matrix) Nashik,Air,Mylan (formerly Matrix) Nashik,2,0.25
Air,Côte d'Ivoire,Hetero Unit III Hyderabad IN,14,1824262.3699999999,4,0.7142857142857143,3.5,64561.869999999995,8,6.0,0.2857142857142857,0.5714285714285714,0.03539067135392372,Air | Côte d'Ivoire | Hetero Unit III Hyderabad IN,Air,Hetero Unit III Hyderabad IN,4,0.2857142857142857
Air,Zimbabwe,ABBVIE (Abbott) Logis. UK,24,1816964.96,2,0.9166666666666666,1.9583333333333333,498265.19,21,3.0,0.08333333333333333,0.875,0.27422938855133455,Air | Zimbabwe | ABBVIE (Abbott) Logis. UK,Air,ABBVIE (Abbott) Logis. UK,2,0.08333333333333333
Air,Cameroon,"Aurobindo Unit III, India",11,1810477.8599999999,3,0.7272727272727273,2.909090909090909,292554.02,9,2.0,0.2727272727272727,0.8181818181818182,0.16158939386312077,"Air | Cameroon | Aurobindo Unit III, India",Air,"Aurobindo Unit III, India",3,0.2727272727272727
未记录,Zambia,"Cipla, Goa, India",5,1732640.5,0,1.0,0.0,21538.57,4,1.0,0.0,0.8,0.012431066917805511,"未记录 | Zambia | Cipla, Goa, India",未记录,"Cipla, Goa, India",0,0.0
Air Charter,Cameroon,Mylan (formerly Matrix) Nashik,2,1727640.0,0,1.0,-14.0,135465.09,2,0.0,0.0,1.0,0.07841048482322706,Air Charter | Cameroon | Mylan (formerly Matrix) Nashik,Air Charter,Mylan (formerly Matrix) Nashik,0,0.0
Truck,Tanzania,ABBVIE Ludwigshafen Germany,7,1675185.2799999998,2,0.7142857142857143,-2.2857142857142856,21603.739999999998,7,0.0,0.2857142857142857,1.0,0.012896328697444143,Truck | Tanzania | ABBVIE Ludwigshafen Germany,Truck,ABBVIE Ludwigshafen Germany,2,0.2857142857142857
Air,Côte d'Ivoire,"Cipla, Goa, India",18,1604039.6,3,0.8333333333333334,-3.6666666666666665,106581.12,12,6.0,0.16666666666666666,0.6666666666666666,0.0664454418706371,"Air | Côte d'Ivoire | Cipla, Goa, India",Air,"Cipla, Goa, India",3,0.16666666666666666
Truck,Zambia,ABBVIE Ludwigshafen Germany,2,1601312.2200000002,1,0.5,3.0,0.0,0,2.0,0.5,0.0,0.0,Truck | Zambia | ABBVIE Ludwigshafen Germany,Truck,ABBVIE Ludwigshafen Germany,1,0.5
未记录,Côte d'Ivoire,"Cipla, Goa, India",16,1596264.81,0,1.0,0.0,77562.0,12,4.0,0.0,0.75,0.0485896823096664,"未记录 | Côte d'Ivoire | Cipla, Goa, India",未记录,"Cipla, Goa, India",0,0.0
Truck,Tanzania,"Aspen-OSD, Port Elizabeth, SA",4,1538223.0,0,1.0,0.0,9276.51,3,1.0,0.0,0.75,0.006030666554849329,"Truck | Tanzania | Aspen-OSD, Port Elizabeth, SA",Truck,"Aspen-OSD, Port Elizabeth, SA",0,0.0
Truck,Uganda,ABBVIE Ludwigshafen Germany,9,1532602.26,1,0.8888888888888888,-24.11111111111111,28672.54,5,4.0,0.1111111111111111,0.5555555555555556,0.01870840253099979,Truck | Uganda | ABBVIE Ludwigshafen Germany,Truck,ABBVIE Ludwigshafen Germany,1,0.1111111111111111
Truck,South Africa,"Aurobindo Unit III, India",438,1503030.5999999999,1,0.997716894977169,-1.0502283105022832,7043.41,2,436.0,0.00228310502283105,0.0045662100456621,0.00468613879185161,"Truck | South Africa | Aurobindo Unit III, India",Truck,"Aurobindo Unit III, India",1,0.00228310502283105
Air,Mozambique,Mylan (formerly Matrix) Nashik,8,1490707.58,1,0.875,1.625,27739.34,4,4.0,0.125,0.5,0.01860816995376115,Air | Mozambique | Mylan (formerly Matrix) Nashik,Air,Mylan (formerly Matrix) Nashik,1,0.125
Air,Haiti,"Strides, Bangalore, India.",22,1477967.35,6,0.7272727272727273,-11.863636363636363,365337.51,14,8.0,0.2727272727272727,0.6363636363636364,0.24718916151970474,"Air | Haiti | Strides, Bangalore, India.",Air,"Strides, Bangalore, India.",6,0.2727272727272727
Air,Zambia,Hetero Unit III Hyderabad IN,5,1450363.04,0,1.0,-17.2,42382.07,3,2.0,0.0,0.6,0.029221697486168704,Air | Zambia | Hetero Unit III Hyderabad IN,Air,Hetero Unit III Hyderabad IN,0,0.0
Air,Zambia,ABBVIE (Abbott) Logis. UK,11,1440002.62,0,1.0,0.0,109611.7,9,2.0,0.0,0.8181818181818182,0.07611909761664183,Air | Zambia | ABBVIE (Abbott) Logis. UK,Air,ABBVIE (Abbott) Logis. UK,0,0.0
Air Charter,Zimbabwe,Hetero Unit III Hyderabad IN,9,1436793.18,0,1.0,0.0,215096.09,8,1.0,0.0,0.8888888888888888,0.1497056730182976,Air Charter | Zimbabwe | Hetero Unit III Hyderabad IN,Air Charter,Hetero Unit III Hyderabad IN,0,0.0
Air,Pakistan,"Alere Medical Co., Ltd.",5,1434880.0,0,1.0,0.0,103370.89,5,0.0,0.0,1.0,0.07204148778991971,"Air | Pakistan | Alere Medical Co., Ltd.",Air,"Alere Medical Co., Ltd.",0,0.0
Ocean,Côte d'Ivoire,ABBVIE Ludwigshafen Germany,4,1429215.8599999999,0,1.0,0.0,80578.0,2,2.0,0.0,0.5,0.0563791672448975,Ocean | Côte d'Ivoire | ABBVIE Ludwigshafen Germany,Ocean,ABBVIE Ludwigshafen Germany,0,0.0
Ocean,South Africa,GSK Mississauga (Canada),9,1388111.68,0,1.0,0.0,67524.5,9,0.0,0.0,1.0,0.04864486119733536,Ocean | South Africa | GSK Mississauga (Canada),Ocean,GSK Mississauga (Canada),0,0.0
Ocean,Swaziland,Mylan (formerly Matrix) Nashik,1,1371930.0,0,1.0,0.0,12323.93,1,0.0,0.0,1.0,0.008982914580189951,Ocean | Swaziland | Mylan (formerly Matrix) Nashik,Ocean,Mylan (formerly Matrix) Nashik,0,0.0
Air,Guyana,"Trinity Biotech, Plc",24,1368864.0,0,1.0,-0.16666666666666666,157810.86000000002,22,2.0,0.0,0.9166666666666666,0.11528600357668842,"Air | Guyana | Trinity Biotech, Plc",Air,"Trinity Biotech, Plc",0,0.0
Ocean,Rwanda,Cipla Ltd A-42 MIDC Mahar. IN,2,1363621.8,0,1.0,0.0,100369.47,2,0.0,0.0,1.0,0.0736050641020846,Ocean | Rwanda | Cipla Ltd A-42 MIDC Mahar. IN,Ocean,Cipla Ltd A-42 MIDC Mahar. IN,0,0.0
Air,Haiti,Inverness Japan,26,1353463.44,1,0.9615384615384616,-4.0,44310.14,16,10.0,0.038461538461538464,0.6153846153846154,0.0327383353627934,Air | Haiti | Inverness Japan,Air,Inverness Japan,1,0.038461538461538464
Truck,Uganda,"Cipla, Goa, India",11,1323961.87,0,1.0,-15.363636363636363,63680.89,7,4.0,0.0,0.6363636363636364,0.04809873414254747,"Truck | Uganda | Cipla, Goa, India",Truck,"Cipla, Goa, India",0,0.0
Air,Cameroon,Hetero Unit III Hyderabad IN,4,1314940.58,0,1.0,0.0,194696.35,3,1.0,0.0,0.75,0.14806475133652047,Air | Cameroon | Hetero Unit III Hyderabad IN,Air,Hetero Unit III Hyderabad IN,0,0.0
Air,Zambia,ABBVIE Ludwigshafen Germany,3,1300380.0,0,1.0,0.0,3273.6000000000004,2,1.0,0.0,0.6666666666666666,0.0025174179855119274,Air | Zambia | ABBVIE Ludwigshafen Germany,Air,ABBVIE Ludwigshafen Germany,0,0.0
Truck,Zimbabwe,"Mylan,  H-12 & H-13, India",6,1270864.02,0,1.0,-13.333333333333334,65798.96,3,3.0,0.0,0.5,0.05177498061515661,"Truck | Zimbabwe | Mylan,  H-12 & H-13, India",Truck,"Mylan,  H-12 & H-13, India",0,0.0
Air,Swaziland,"Aurobindo Unit III, India",7,1260030.2,1,0.8571428571428571,-5.571428571428571,37359.73,2,5.0,0.14285714285714285,0.2857142857142857,0.029649868709496013,"Air | Swaziland | Aurobindo Unit III, India",Air,"Aurobindo Unit III, India",1,0.14285714285714285
Air,Côte d'Ivoire,Chembio Diagnostics Sys. Inc.,27,1258664.0,0,1.0,0.0,151763.7,25,2.0,0.0,0.9259259259259259,0.12057522897294275,Air | Côte d'Ivoire | Chembio Diagnostics Sys. Inc.,Air,Chembio Diagnostics Sys. Inc.,0,0.0
Air,Ghana,"Aurobindo Unit III, India",15,1257421.08,1,0.9333333333333333,-0.9333333333333333,187723.56,15,0.0,0.06666666666666667,1.0,0.14929251862073123,"Air | Ghana | Aurobindo Unit III, India",Air,"Aurobindo Unit III, India",1,0.06666666666666667
Air,Cameroon,"Aurobindo Unit VII, IN",6,1254631.3,0,1.0,-2.6666666666666665,201173.33000000002,5,1.0,0.0,0.8333333333333334,0.16034458091393067,"Air | Cameroon | Aurobindo Unit VII, IN",Air,"Aurobindo Unit VII, IN",0,0.0
Air,Tanzania,"BMS Meymac, France",10,1237051.83,0,1.0,0.0,4535.26,5,5.0,0.0,0.5,0.003666184302075686,"Air | Tanzania | BMS Meymac, France",Air,"BMS Meymac, France",0,0.0
Air,Cameroon,"Alere Medical Co., Ltd.",9,1237016.0,0,1.0,0.0,117087.39,6,3.0,0.0,0.6666666666666666,0.09465309260349099,"Air | Cameroon | Alere Medical Co., Ltd.",Air,"Alere Medical Co., Ltd.",0,0.0
Air,"Congo, DRC",Mylan (formerly Matrix) Nashik,60,1229122.13,23,0.6166666666666667,17.383333333333333,184402.40000000002,14,46.0,0.38333333333333336,0.23333333333333334,0.1500277275131317,"Air | Congo, DRC | Mylan (formerly Matrix) Nashik",Air,Mylan (formerly Matrix) Nashik,23,0.38333333333333336
Air,Cameroon,"Cipla, Goa, India",5,1228277.02,0,1.0,0.0,154609.55,5,0.0,0.0,1.0,0.12587514663426658,"Air | Cameroon | Cipla, Goa, India",Air,"Cipla, Goa, India",0,0.0
Air,Dominican Republic,"Aurobindo Unit III, India",11,1223484.19,1,0.9090909090909091,-12.636363636363637,25203.989999999998,4,7.0,0.09090909090909091,0.36363636363636365,0.020600176288342556,"Air | Dominican Republic | Aurobindo Unit III, India",Air,"Aurobindo Unit III, India",1,0.09090909090909091
Ocean,Rwanda,"Aurobindo Unit VII, IN",2,1189800.0,0,1.0,0.0,110660.14,2,0.0,0.0,1.0,0.09300734577239872,"Ocean | Rwanda | Aurobindo Unit VII, IN",Ocean,"Aurobindo Unit VII, IN",0,0.0
Air,Uganda,ABBVIE Ludwigshafen Germany,34,1189701.18,4,0.8823529411764706,1.911764705882353,76136.65,32,2.0,0.11764705882352941,0.9411764705882353,0.06399644825098014,Air | Uganda | ABBVIE Ludwigshafen Germany,Air,ABBVIE Ludwigshafen Germany,4,0.11764705882352941
Air,Ethiopia,"Cipla, Goa, India",7,1166717.16,0,1.0,-19.0,35048.49,4,3.0,0.0,0.5714285714285714,0.03004026271457257,"Air | Ethiopia | Cipla, Goa, India",Air,"Cipla, Goa, India",0,0.0
Truck,Côte d'Ivoire,"Cipla, Goa, India",12,1158248.47,3,0.75,-9.666666666666666,104579.35,5,7.0,0.25,0.4166666666666667,0.09029094594875658,"Truck | Côte d'Ivoire | Cipla, Goa, India",Truck,"Cipla, Goa, India",3,0.25
Air,Nigeria,"Strides, Bangalore, India.",14,1148027.99,0,1.0,-10.785714285714286,137667.82,5,9.0,0.0,0.35714285714285715,0.11991678007780979,"Air | Nigeria | Strides, Bangalore, India.",Air,"Strides, Bangalore, India.",0,0.0
Ocean,Haiti,"Hetero, Jadcherla, unit 5, IN",3,1115773.44,0,1.0,0.0,7558.01,1,2.0,0.0,0.3333333333333333,0.006773785545567387,"Ocean | Haiti | Hetero, Jadcherla, unit 5, IN",Ocean,"Hetero, Jadcherla, unit 5, IN",0,0.0
Air,Botswana,"Hetero, Jadcherla, unit 5, IN",3,1109720.71,1,0.6666666666666666,0.6666666666666666,64577.69,3,0.0,0.3333333333333333,1.0,0.05819274112672909,"Air | Botswana | Hetero, Jadcherla, unit 5, IN",Air,"Hetero, Jadcherla, unit 5, IN",1,0.3333333333333333
Air,Kenya,"Standard Diagnostics, Korea",5,1074080.0,0,1.0,0.0,120408.51000000001,5,0.0,0.0,1.0,0.11210385632355133,"Air | Kenya | Standard Diagnostics, Korea",Air,"Standard Diagnostics, Korea",0,0.0
Air,Côte d'Ivoire,Bio-Rad Laboratories,21,1062902.57,3,0.8571428571428571,2.0952380952380953,172939.24,20,1.0,0.14285714285714285,0.9523809523809523,0.16270469644268523,Air | Côte d'Ivoire | Bio-Rad Laboratories,Air,Bio-Rad Laboratories,3,0.14285714285714285
Air,Cameroon,"Orasure Technologies, Inc",3,1060500.0,0,1.0,0.0,141298.03,3,0.0,0.0,1.0,0.13323718057520037,"Air | Cameroon | Orasure Technologies, Inc",Air,"Orasure Technologies, Inc",0,0.0
Air,Ethiopia,"Strides, Bangalore, India.",8,1034561.23,0,1.0,-20.125,82917.79,6,2.0,0.0,0.75,0.08014778400307926,"Air | Ethiopia | Strides, Bangalore, India.",Air,"Strides, Bangalore, India.",0,0.0
Air,Ethiopia,"Ranbaxy, Paonta Shahib, India",8,1031013.36,3,0.625,10.125,59278.17,7,1.0,0.375,0.875,0.05749505515622028,"Air | Ethiopia | Ranbaxy, Paonta Shahib, India",Air,"Ranbaxy, Paonta Shahib, India",3,0.375
Ocean,Haiti,Cipla Ltd A-42 MIDC Mahar. IN,2,1024932.5,0,1.0,0.0,17699.72,2,0.0,0.0,1.0,0.017269156749346908,Ocean | Haiti | Cipla Ltd A-42 MIDC Mahar. IN,Ocean,Cipla Ltd A-42 MIDC Mahar. IN,0,0.0
Truck,Kenya,"Standard Diagnostics, Korea",8,1014490.0,0,1.0,-3.25,4215.1900000000005,7,1.0,0.0,0.875,0.004154984277814469,"Truck | Kenya | Standard Diagnostics, Korea",Truck,"Standard Diagnostics, Korea",0,0.0
Truck,South Africa,ABBVIE Ludwigshafen Germany,27,1011976.3799999999,0,1.0,-3.7037037037037037,0.0,0,27.0,0.0,0.0,0.0,Truck | South Africa | ABBVIE Ludwigshafen Germany,Truck,ABBVIE Ludwigshafen Germany,0,0.0
Air,Namibia,"Mylan,  H-12 & H-13, India",4,1005900.0,0,1.0,0.0,55459.91,3,1.0,0.0,0.75,0.05513461576697485,"Air | Namibia | Mylan,  H-12 & H-13, India",Air,"Mylan,  H-12 & H-13, India",0,0.0
Air,Rwanda,"Trinity Biotech, Plc",27,991619.0,1,0.9629629629629629,1.3333333333333333,163710.21,23,4.0,0.037037037037037035,0.8518518518518519,0.16509386165452658,"Air | Rwanda | Trinity Biotech, Plc",Air,"Trinity Biotech, Plc",1,0.037037037037037035
Air,Ethiopia,Chembio Diagnostics Sys. Inc.,19,985580.59,0,1.0,-5.157894736842105,65749.99,16,3.0,0.0,0.8421052631578947,0.0667119367681541,Air | Ethiopia | Chembio Diagnostics Sys. Inc.,Air,Chembio Diagnostics Sys. Inc.,0,0.0
Truck,Tanzania,"Aurobindo Unit VII, IN",2,983913.9,0,1.0,-21.5,9041.19,2,0.0,0.0,1.0,0.009189005257472224,"Truck | Tanzania | Aurobindo Unit VII, IN",Truck,"Aurobindo Unit VII, IN",0,0.0
Ocean,Haiti,"Aurobindo Unit III, India",24,979495.39,0,1.0,0.0,32704.1,7,17.0,0.0,0.2916666666666667,0.03338872273814377,"Ocean | Haiti | Aurobindo Unit III, India",Ocean,"Aurobindo Unit III, India",0,0.0
Air,Nigeria,ABBVIE GmbH & Co.KG Wiesbaden,5,960000.0,1,0.8,9.6,28796.46,5,0.0,0.2,1.0,0.0299963125,Air | Nigeria | ABBVIE GmbH & Co.KG Wiesbaden,Air,ABBVIE GmbH & Co.KG Wiesbaden,1,0.2
Truck,Mozambique,"Hetero, Jadcherla, unit 5, IN",6,955219.51,2,0.6666666666666666,1.1666666666666667,24822.19,5,1.0,0.3333333333333333,0.8333333333333334,0.025985849053690287,"Truck | Mozambique | Hetero, Jadcherla, unit 5, IN",Truck,"Hetero, Jadcherla, unit 5, IN",2,0.3333333333333333
Air,Rwanda,Cipla Ltd A-42 MIDC Mahar. IN,6,917292.16,0,1.0,0.0,7470.8,2,4.0,0.0,0.3333333333333333,0.008144406248931637,Air | Rwanda | Cipla Ltd A-42 MIDC Mahar. IN,Air,Cipla Ltd A-42 MIDC Mahar. IN,0,0.0
Ocean,Zambia,"Aurobindo Unit VII, IN",1,916317.2,0,1.0,0.0,54417.75,1,0.0,0.0,1.0,0.05938745884067221,"Ocean | Zambia | Aurobindo Unit VII, IN",Ocean,"Aurobindo Unit VII, IN",0,0.0
Air,Namibia,"Hetero, Jadcherla, unit 5, IN",5,913117.43,0,1.0,0.0,69396.70999999999,4,1.0,0.0,0.8,0.0759997648933281,"Air | Namibia | Hetero, Jadcherla, unit 5, IN",Air,"Hetero, Jadcherla, unit 5, IN",0,0.0
Air,Rwanda,"Aurobindo Unit VII, IN",5,908763.92,2,0.6,0.6,176697.33,5,0.0,0.4,1.0,0.19443699965553207,"Air | Rwanda | Aurobindo Unit VII, IN",Air,"Aurobindo Unit VII, IN",2,0.4
Truck,Tanzania,"Hetero, Jadcherla, unit 5, IN",1,905233.26,1,0.0,46.0,43758.8,1,0.0,1.0,1.0,0.04833980580872603,"Truck | Tanzania | Hetero, Jadcherla, unit 5, IN",Truck,"Hetero, Jadcherla, unit 5, IN",1,1.0
Air Charter,Cameroon,"Aurobindo Unit III, India",3,904239.84,2,0.3333333333333333,3.6666666666666665,123945.0,1,2.0,0.6666666666666666,0.3333333333333333,0.13707093463167913,"Air Charter | Cameroon | Aurobindo Unit III, India",Air Charter,"Aurobindo Unit III, India",2,0.6666666666666666
Ocean,South Africa,Hetero Unit III Hyderabad IN,2,871350.0,0,1.0,0.0,28819.1,2,0.0,0.0,1.0,0.03307408044987663,Ocean | South Africa | Hetero Unit III Hyderabad IN,Ocean,Hetero Unit III Hyderabad IN,0,0.0
Air,Guyana,ABBVIE Ludwigshafen Germany,10,866987.77,1,0.9,-12.0,20680.42,7,3.0,0.1,0.7,0.023853185379996766,Air | Guyana | ABBVIE Ludwigshafen Germany,Air,ABBVIE Ludwigshafen Germany,1,0.1
Air,Zimbabwe,Mylan (formerly Matrix) Nashik,7,863190.2,0,1.0,0.0,35205.18,5,2.0,0.0,0.7142857142857143,0.04078496257255933,Air | Zimbabwe | Mylan (formerly Matrix) Nashik,Air,Mylan (formerly Matrix) Nashik,0,0.0
Air,Ghana,"Strides, Bangalore, India.",6,849384.64,3,0.5,0.5,102059.03,6,0.0,0.5,1.0,0.12015643466309915,"Air | Ghana | Strides, Bangalore, India.",Air,"Strides, Bangalore, India.",3,0.5
Air,Zambia,"Cipla, Goa, India",3,845723.5,0,1.0,0.0,69260.84,3,0.0,0.0,1.0,0.08189537124130995,"Air | Zambia | Cipla, Goa, India",Air,"Cipla, Goa, India",0,0.0
Air,Ghana,Hetero Unit III Hyderabad IN,6,840286.05,1,0.8333333333333334,2.6666666666666665,53682.729999999996,4,2.0,0.16666666666666666,0.6666666666666666,0.06388625635282175,Air | Ghana | Hetero Unit III Hyderabad IN,Air,Hetero Unit III Hyderabad IN,1,0.16666666666666666
Air,Côte d'Ivoire,GSK Ware (UK),7,822510.98,0,1.0,0.0,15036.400000000001,4,3.0,0.0,0.5714285714285714,0.01828109334175697,Air | Côte d'Ivoire | GSK Ware (UK),Air,GSK Ware (UK),0,0.0
Air,Tanzania,Inverness Japan,8,798964.0,0,1.0,0.0,77236.28,8,0.0,0.0,1.0,0.09667053834715957,Air | Tanzania | Inverness Japan,Air,Inverness Japan,0,0.0
Air,Namibia,"Aurobindo Unit III, India",5,798776.2,0,1.0,0.0,16080.89,5,0.0,0.0,1.0,0.020131909288233676,"Air | Namibia | Aurobindo Unit III, India",Air,"Aurobindo Unit III, India",0,0.0
Air,Nigeria,"Cipla, Kurkumbh, India",4,796195.8400000001,2,0.5,-2.25,66549.09,2,2.0,0.5,0.5,0.08358382028220593,"Air | Nigeria | Cipla, Kurkumbh, India",Air,"Cipla, Kurkumbh, India",2,0.5
未记录,Ethiopia,"Aurobindo Unit III, India",14,788112.87,0,1.0,0.0,133938.56,5,9.0,0.0,0.35714285714285715,0.1699484491352108,"未记录 | Ethiopia | Aurobindo Unit III, India",未记录,"Aurobindo Unit III, India",0,0.0
未记录,Zambia,Gilead(Nycomed) Oranienburg DE,3,775643.75,0,1.0,0.0,11136.539999999999,3,0.0,0.0,1.0,0.014357802792841429,未记录 | Zambia | Gilead(Nycomed) Oranienburg DE,未记录,Gilead(Nycomed) Oranienburg DE,0,0.0
Truck,Uganda,"Cipla, Kurkumbh, India",4,771528.4700000001,0,1.0,-12.75,11330.46,2,2.0,0.0,0.5,0.014685731558292331,"Truck | Uganda | Cipla, Kurkumbh, India",Truck,"Cipla, Kurkumbh, India",0,0.0
Truck,Zimbabwe,Cipla Ltd A-42 MIDC Mahar. IN,2,768883.25,0,1.0,-93.0,0.0,0,2.0,0.0,0.0,0.0,Truck | Zimbabwe | Cipla Ltd A-42 MIDC Mahar. IN,Truck,Cipla Ltd A-42 MIDC Mahar. IN,0,0.0
Air,Nigeria,"Emcure Plot No.P-2, I.T-B.T. Park, Phase II, MIDC, Hinjwadi, Pune, India",5,767970.0,0,1.0,0.0,11732.9,1,4.0,0.0,0.2,0.015277810331132726,"Air | Nigeria | Emcure Plot No.P-2, I.T-B.T. Park, Phase II, MIDC, Hinjwadi, Pune, India",Air,"Emcure Plot No.P-2, I.T-B.T. Park, Phase II, MIDC, Hinjwadi, Pune, India",0,0.0
Ocean,Haiti,"Aurobindo Unit VII, IN",4,745694.3,0,1.0,0.0,32261.57,3,1.0,0.0,0.75,0.04326380126547836,"Ocean | Haiti | Aurobindo Unit VII, IN",Ocean,"Aurobindo Unit VII, IN",0,0.0
Ocean,Zimbabwe,Mylan (formerly Matrix) Nashik,1,736966.8,0,1.0,0.0,22059.25,1,0.0,0.0,1.0,0.029932488139221468,Ocean | Zimbabwe | Mylan (formerly Matrix) Nashik,Ocean,Mylan (formerly Matrix) Nashik,0,0.0
未记录,Côte d'Ivoire,MSD Elkton USA,5,720595.2,0,1.0,0.0,12713.939999999999,3,2.0,0.0,0.6,0.01764366457062162,未记录 | Côte d'Ivoire | MSD Elkton USA,未记录,MSD Elkton USA,0,0.0
Air,Haiti,ABBVIE Ludwigshafen Germany,33,712604.3200000001,2,0.9393939393939394,1.5454545454545454,112824.88,30,3.0,0.06060606060606061,0.9090909090909091,0.15832752739977776,Air | Haiti | ABBVIE Ludwigshafen Germany,Air,ABBVIE Ludwigshafen Germany,2,0.06060606060606061
Air,Côte d'Ivoire,"Standard Diagnostics, Korea",22,710549.7,0,1.0,0.0,122732.11,22,0.0,0.0,1.0,0.17272839605730606,"Air | Côte d'Ivoire | Standard Diagnostics, Korea",Air,"Standard Diagnostics, Korea",0,0.0
Ocean,Mozambique,"Trinity Biotech, Plc",3,696480.0,0,1.0,0.0,57281.17,2,1.0,0.0,0.6666666666666666,0.08224381173903055,"Ocean | Mozambique | Trinity Biotech, Plc",Ocean,"Trinity Biotech, Plc",0,0.0
Air,South Sudan,"Alere Medical Co., Ltd.",70,696440.0,11,0.8428571428571429,0.7857142857142857,69868.25,17,53.0,0.15714285714285714,0.24285714285714285,0.10032199471598414,"Air | South Sudan | Alere Medical Co., Ltd.",Air,"Alere Medical Co., Ltd.",11,0.15714285714285714
Air Charter,Cameroon,Hetero Unit III Hyderabad IN,2,690000.04,1,0.5,1.0,0.0,0,2.0,0.5,0.0,0.0,Air Charter | Cameroon | Hetero Unit III Hyderabad IN,Air Charter,Hetero Unit III Hyderabad IN,1,0.5
Air,Tanzania,Bristol-Myers Squibb Anagni IT,6,680442.31,0,1.0,0.0,25376.93,3,3.0,0.0,0.5,0.03729475611238813,Air | Tanzania | Bristol-Myers Squibb Anagni IT,Air,Bristol-Myers Squibb Anagni IT,0,0.0
Ocean,Côte d'Ivoire,"Aurobindo Unit III, India",1,678000.0,0,1.0,0.0,24624.0,1,0.0,0.0,1.0,0.03631858407079646,"Ocean | Côte d'Ivoire | Aurobindo Unit III, India",Ocean,"Aurobindo Unit III, India",0,0.0
Air,Rwanda,"Strides, Bangalore, India.",12,671552.35,2,0.8333333333333334,-15.75,82198.44,7,5.0,0.16666666666666666,0.5833333333333334,0.12240064382173632,"Air | Rwanda | Strides, Bangalore, India.",Air,"Strides, Bangalore, India.",2,0.16666666666666666
Air,"Congo, DRC","Aurobindo Unit III, India",80,669534.85,27,0.6625,16.2,165149.78,30,50.0,0.3375,0.375,0.24666345597992398,"Air | Congo, DRC | Aurobindo Unit III, India",Air,"Aurobindo Unit III, India",27,0.3375
Truck,Ghana,Mylan (formerly Matrix) Nashik,3,667458.79,0,1.0,-4.0,3975.7,1,2.0,0.0,0.3333333333333333,0.0059564726085935575,Truck | Ghana | Mylan (formerly Matrix) Nashik,Truck,Mylan (formerly Matrix) Nashik,0,0.0
未记录,Nigeria,"Aspen-OSD, Port Elizabeth, SA",6,654913.5,0,1.0,0.0,15666.779999999999,4,2.0,0.0,0.6666666666666666,0.023921907244239125,"未记录 | Nigeria | Aspen-OSD, Port Elizabeth, SA",未记录,"Aspen-OSD, Port Elizabeth, SA",0,0.0
Air,Namibia,"Cipla, Goa, India",4,653607.83,1,0.75,3.25,37532.28,3,1.0,0.25,0.75,0.05742324108938536,"Air | Namibia | Cipla, Goa, India",Air,"Cipla, Goa, India",1,0.25
Truck,Swaziland,Mylan (formerly Matrix) Nashik,1,649350.0,0,1.0,-11.0,4971.05,1,0.0,0.0,1.0,0.007655424655424656,Truck | Swaziland | Mylan (formerly Matrix) Nashik,Truck,Mylan (formerly Matrix) Nashik,0,0.0
Air,South Sudan,Mylan (formerly Matrix) Nashik,9,648839.7,2,0.7777777777777778,-7.444444444444445,17207.07,4,5.0,0.2222222222222222,0.4444444444444444,0.026519755187606433,Air | South Sudan | Mylan (formerly Matrix) Nashik,Air,Mylan (formerly Matrix) Nashik,2,0.2222222222222222
Air,Uganda,"Aurobindo Unit VII, IN",4,648371.6,0,1.0,0.0,43098.9,1,3.0,0.0,0.25,0.06647252902502207,"Air | Uganda | Aurobindo Unit VII, IN",Air,"Aurobindo Unit VII, IN",0,0.0
Air,Rwanda,Premier Med. Corp Ltd. India,10,646174.5,0,1.0,-4.8,79008.34,10,0.0,0.0,1.0,0.1222709036026646,Air | Rwanda | Premier Med. Corp Ltd. India,Air,Premier Med. Corp Ltd. India,0,0.0
未记录,Zambia,ABBVIE Ludwigshafen Germany,4,644694.6,0,1.0,0.0,15829.900000000001,4,0.0,0.0,1.0,0.024554106704166596,未记录 | Zambia | ABBVIE Ludwigshafen Germany,未记录,ABBVIE Ludwigshafen Germany,0,0.0
Air,Namibia,"Trinity Biotech, Plc",23,643360.25,0,1.0,0.0,121162.78,22,1.0,0.0,0.9565217391304348,0.18832804793270955,"Air | Namibia | Trinity Biotech, Plc",Air,"Trinity Biotech, Plc",0,0.0
Air,Nigeria,"Cipla, Goa, India",20,637654.91,2,0.9,-2.25,8645.24,4,16.0,0.1,0.2,0.013557866275976766,"Air | Nigeria | Cipla, Goa, India",Air,"Cipla, Goa, India",2,0.1
Ocean,Swaziland,"Aurobindo Unit III, India",1,637228.0,0,1.0,0.0,13491.19,1,0.0,0.0,1.0,0.021171684232331286,"Ocean | Swaziland | Aurobindo Unit III, India",Ocean,"Aurobindo Unit III, India",0,0.0
Ocean,Uganda,"Strides, Bangalore, India.",3,633699.88,0,1.0,0.0,28875.28,3,0.0,0.0,1.0,0.04556617558456852,"Ocean | Uganda | Strides, Bangalore, India.",Ocean,"Strides, Bangalore, India.",0,0.0
Air,Zambia,"Strides, Bangalore, India.",2,631915.9,0,1.0,-13.5,26188.93,2,0.0,0.0,1.0,0.04144369527653917,"Air | Zambia | Strides, Bangalore, India.",Air,"Strides, Bangalore, India.",0,0.0
Ocean,Mozambique,"Alere Medical Co., Ltd.",1,630560.0,0,1.0,0.0,15105.99,1,0.0,0.0,1.0,0.023956467267191067,"Ocean | Mozambique | Alere Medical Co., Ltd.",Ocean,"Alere Medical Co., Ltd.",0,0.0
Air Charter,Nigeria,"Cipla, Kurkumbh, India",5,627847.4,0,1.0,-48.6,153164.74,5,0.0,0.0,1.0,0.2439521769143266,"Air Charter | Nigeria | Cipla, Kurkumbh, India",Air Charter,"Cipla, Kurkumbh, India",0,0.0
Truck,Uganda,"Aurobindo Unit VII, IN",6,616007.4099999999,2,0.6666666666666666,2.8333333333333335,38558.979999999996,6,0.0,0.3333333333333333,1.0,0.06259499378424685,"Truck | Uganda | Aurobindo Unit VII, IN",Truck,"Aurobindo Unit VII, IN",2,0.3333333333333333
Air,"Congo, DRC",Hetero Unit III Hyderabad IN,39,615891.71,15,0.6153846153846154,26.76923076923077,53615.05,15,24.0,0.38461538461538464,0.38461538461538464,0.0870527223040557,"Air | Congo, DRC | Hetero Unit III Hyderabad IN",Air,Hetero Unit III Hyderabad IN,15,0.38461538461538464
Air,Mozambique,GSK Ware (UK),10,615487.0,0,1.0,-0.6,988.6100000000001,2,8.0,0.0,0.2,0.0016062240144795912,Air | Mozambique | GSK Ware (UK),Air,GSK Ware (UK),0,0.0
Air,Haiti,"Hetero, Jadcherla, unit 5, IN",3,614577.8400000001,0,1.0,-2.0,64825.16,2,1.0,0.0,0.6666666666666666,0.10547916924567276,"Air | Haiti | Hetero, Jadcherla, unit 5, IN",Air,"Hetero, Jadcherla, unit 5, IN",0,0.0
Air,Dominican Republic,Inverness Japan,3,607200.0,0,1.0,0.0,8776.57,1,2.0,0.0,0.3333333333333333,0.014454166666666666,Air | Dominican Republic | Inverness Japan,Air,Inverness Japan,0,0.0
Air,Uganda,"Aspen-OSD, Port Elizabeth, SA",27,600788.51,0,1.0,0.0,23646.42,22,5.0,0.0,0.8148148148148148,0.03935897509091843,"Air | Uganda | Aspen-OSD, Port Elizabeth, SA",Air,"Aspen-OSD, Port Elizabeth, SA",0,0.0
Air,Kenya,"KHB Test Kit Facility, Shanghai China",1,600000.0,0,1.0,0.0,241407.27,1,0.0,0.0,1.0,0.40234545,"Air | Kenya | KHB Test Kit Facility, Shanghai China",Air,"KHB Test Kit Facility, Shanghai China",0,0.0
Air,Nigeria,"Novartis Pharma Suffern, USA",7,596905.4,0,1.0,0.0,78824.09,7,0.0,0.0,1.0,0.13205457682239094,"Air | Nigeria | Novartis Pharma Suffern, USA",Air,"Novartis Pharma Suffern, USA",0,0.0
Truck,Zimbabwe,"Cipla, Kurkumbh, India",3,594305.37,1,0.6666666666666666,-58.666666666666664,15000.0,1,2.0,0.3333333333333333,0.3333333333333333,0.025239549829408407,"Truck | Zimbabwe | Cipla, Kurkumbh, India",Truck,"Cipla, Kurkumbh, India",1,0.3333333333333333
Air,Uganda,Chembio Diagnostics Sys. Inc.,7,591336.2,0,1.0,0.0,36387.53,7,0.0,0.0,1.0,0.061534419844413386,Air | Uganda | Chembio Diagnostics Sys. Inc.,Air,Chembio Diagnostics Sys. Inc.,0,0.0
Air,Côte d'Ivoire,"Aspen-OSD, Port Elizabeth, SA",8,591097.5,0,1.0,-3.25,21148.370000000003,5,3.0,0.0,0.625,0.03577814150795766,"Air | Côte d'Ivoire | Aspen-OSD, Port Elizabeth, SA",Air,"Aspen-OSD, Port Elizabeth, SA",0,0.0
Truck,Uganda,"Hetero, Jadcherla, unit 5, IN",2,590912.35,0,1.0,-8.0,0.0,0,2.0,0.0,0.0,0.0,"Truck | Uganda | Hetero, Jadcherla, unit 5, IN",Truck,"Hetero, Jadcherla, unit 5, IN",0,0.0
Air,Nigeria,ABBVIE Ludwigshafen Germany,14,589483.56,0,1.0,0.0,45032.450000000004,10,4.0,0.0,0.7142857142857143,0.07639305496492557,Air | Nigeria | ABBVIE Ludwigshafen Germany,Air,ABBVIE Ludwigshafen Germany,0,0.0
Air,Zimbabwe,"Aurobindo Unit VII, IN",4,573851.85,0,1.0,0.0,97410.08,4,0.0,0.0,1.0,0.16974778420597583,"Air | Zimbabwe | Aurobindo Unit VII, IN",Air,"Aurobindo Unit VII, IN",0,0.0
Truck,Zambia,"Cipla, Patalganga, India",3,572380.78,1,0.6666666666666666,-3.0,21991.5,2,1.0,0.3333333333333333,0.6666666666666666,0.038421101421330046,"Truck | Zambia | Cipla, Patalganga, India",Truck,"Cipla, Patalganga, India",1,0.3333333333333333
Air,Zimbabwe,"Standard Diagnostics, Korea",5,563040.0,0,1.0,0.0,52394.93,5,0.0,0.0,1.0,0.09305720730321114,"Air | Zimbabwe | Standard Diagnostics, Korea",Air,"Standard Diagnostics, Korea",0,0.0
Air,Dominican Republic,"Alere Medical Co., Ltd.",5,557000.0,0,1.0,0.0,33396.14,4,1.0,0.0,0.8,0.059957163375224415,"Air | Dominican Republic | Alere Medical Co., Ltd.",Air,"Alere Medical Co., Ltd.",0,0.0
Air,Namibia,Hetero Unit III Hyderabad IN,5,554850.0,0,1.0,-5.6,72817.19,5,0.0,0.0,1.0,0.13123761376948725,Air | Namibia | Hetero Unit III Hyderabad IN,Air,Hetero Unit III Hyderabad IN,0,0.0
Air,"Congo, DRC","Hetero, Jadcherla, unit 5, IN",1,547896.12,1,0.0,30.0,0.0,0,1.0,1.0,0.0,0.0,"Air | Congo, DRC | Hetero, Jadcherla, unit 5, IN",Air,"Hetero, Jadcherla, unit 5, IN",1,1.0
Air,Guyana,"Aurobindo Unit III, India",106,542323.72,13,0.8773584905660378,-31.245283018867923,147729.35,51,55.0,0.12264150943396226,0.4811320754716981,0.272400679800618,"Air | Guyana | Aurobindo Unit III, India",Air,"Aurobindo Unit III, India",13,0.12264150943396226
Air,Burundi,Mylan (formerly Matrix) Nashik,23,538420.71,12,0.4782608695652174,-11.73913043478261,38195.19,11,12.0,0.5217391304347826,0.4782608695652174,0.0709393032077091,Air | Burundi | Mylan (formerly Matrix) Nashik,Air,Mylan (formerly Matrix) Nashik,12,0.5217391304347826
Air,Côte d'Ivoire,"BMS Meymac, France",16,536811.0,0,1.0,0.0,5883.29,6,10.0,0.0,0.375,0.010959704626022939,"Air | Côte d'Ivoire | BMS Meymac, France",Air,"BMS Meymac, France",0,0.0
Ocean,Ghana,"Strides, Bangalore, India.",1,535014.04,0,1.0,0.0,24636.23,1,0.0,0.0,1.0,0.04604781960488363,"Ocean | Ghana | Strides, Bangalore, India.",Ocean,"Strides, Bangalore, India.",0,0.0
Air,Tanzania,Roche Basel,2,534510.54,0,1.0,0.0,20062.47,2,0.0,0.0,1.0,0.03753428323415287,Air | Tanzania | Roche Basel,Air,Roche Basel,0,0.0
Truck,Rwanda,"Cipla, Kurkumbh, India",3,526667.27,2,0.3333333333333333,19.0,13915.4,2,1.0,0.6666666666666666,0.6666666666666666,0.026421615301820443,"Truck | Rwanda | Cipla, Kurkumbh, India",Truck,"Cipla, Kurkumbh, India",2,0.6666666666666666
Air Charter,Zimbabwe,"Aurobindo Unit VII, IN",4,520800.0,0,1.0,-0.25,75961.44,4,0.0,0.0,1.0,0.1458552995391705,"Air Charter | Zimbabwe | Aurobindo Unit VII, IN",Air Charter,"Aurobindo Unit VII, IN",0,0.0
Air,Zambia,ABBVIE GmbH & Co.KG Wiesbaden,5,520000.0,0,1.0,0.0,14035.76,5,0.0,0.0,1.0,0.026991846153846154,Air | Zambia | ABBVIE GmbH & Co.KG Wiesbaden,Air,ABBVIE GmbH & Co.KG Wiesbaden,0,0.0
Air,Tanzania,"Strides, Bangalore, India.",5,515027.94999999995,0,1.0,-16.2,67860.26,5,0.0,0.0,1.0,0.13176034426869454,"Air | Tanzania | Strides, Bangalore, India.",Air,"Strides, Bangalore, India.",0,0.0
Air,Rwanda,"Alere Medical Co., Ltd.",3,514750.0,0,1.0,0.0,34787.979999999996,3,0.0,0.0,1.0,0.06758228266148615,"Air | Rwanda | Alere Medical Co., Ltd.",Air,"Alere Medical Co., Ltd.",0,0.0
Air,Vietnam,"Micro labs, Verna, Goa, India",17,513350.0,0,1.0,0.0,56257.21,12,5.0,0.0,0.7058823529411765,0.10958840946722509,"Air | Vietnam | Micro labs, Verna, Goa, India",Air,"Micro labs, Verna, Goa, India",0,0.0
未记录,Côte d'Ivoire,ABBVIE Ludwigshafen Germany,5,498502.2,0,1.0,0.0,10033.0,4,1.0,0.0,0.8,0.020126290315268417,未记录 | Côte d'Ivoire | ABBVIE Ludwigshafen Germany,未记录,ABBVIE Ludwigshafen Germany,0,0.0
未记录,Côte d'Ivoire,"Strides, Bangalore, India.",4,489988.62,0,1.0,0.0,21323.0,2,2.0,0.0,0.5,0.04351733719856596,"未记录 | Côte d'Ivoire | Strides, Bangalore, India.",未记录,"Strides, Bangalore, India.",0,0.0
Air,Guyana,Inverness Japan,20,482068.0,2,0.9,-0.1,48053.78,17,3.0,0.1,0.85,0.09968257590215487,Air | Guyana | Inverness Japan,Air,Inverness Japan,2,0.1
Air,Zambia,Gilead(Nycomed) Oranienburg DE,2,478038.75,0,1.0,0.0,8079.099999999999,2,0.0,0.0,1.0,0.01690051277223865,Air | Zambia | Gilead(Nycomed) Oranienburg DE,Air,Gilead(Nycomed) Oranienburg DE,0,0.0
Air,Vietnam,"Ranbaxy, Paonta Shahib, India",7,475658.0,1,0.8571428571428571,0.42857142857142855,61658.12,6,1.0,0.14285714285714285,0.8571428571428571,0.12962700091242027,"Air | Vietnam | Ranbaxy, Paonta Shahib, India",Air,"Ranbaxy, Paonta Shahib, India",1,0.14285714285714285
Air Charter,Côte d'Ivoire,"Cipla, Goa, India",1,471323.86,0,1.0,-79.0,0.0,0,1.0,0.0,0.0,0.0,"Air Charter | Côte d'Ivoire | Cipla, Goa, India",Air Charter,"Cipla, Goa, India",0,0.0
Air,Uganda,"Cipla, Kurkumbh, India",6,471270.03,0,1.0,0.0,63234.37,5,1.0,0.0,0.8333333333333334,0.1341786363966323,"Air | Uganda | Cipla, Kurkumbh, India",Air,"Cipla, Kurkumbh, India",0,0.0
Air,Zambia,"Aspen-OSD, Port Elizabeth, SA",1,464782.5,0,1.0,0.0,6035.4,1,0.0,0.0,1.0,0.012985428668248051,"Air | Zambia | Aspen-OSD, Port Elizabeth, SA",Air,"Aspen-OSD, Port Elizabeth, SA",0,0.0
Air,Zimbabwe,"Strides, Bangalore, India.",5,463126.7,1,0.8,-6.0,32664.73,3,2.0,0.2,0.6,0.07053087200543609,"Air | Zimbabwe | Strides, Bangalore, India.",Air,"Strides, Bangalore, India.",1,0.2
Air,Côte d'Ivoire,Roche Basel,6,461008.63,0,1.0,0.0,18014.620000000003,3,3.0,0.0,0.5,0.039076535291757995,Air | Côte d'Ivoire | Roche Basel,Air,Roche Basel,0,0.0
Ocean,Ethiopia,"Aurobindo Unit III, India",1,460420.8,0,1.0,0.0,11729.82,1,0.0,0.0,1.0,0.02547630341635304,"Ocean | Ethiopia | Aurobindo Unit III, India",Ocean,"Aurobindo Unit III, India",0,0.0
Truck,Haiti,"Alere Medical Co., Ltd.",5,459375.0,1,0.8,1.4,0.0,0,5.0,0.2,0.0,0.0,"Truck | Haiti | Alere Medical Co., Ltd.",Truck,"Alere Medical Co., Ltd.",1,0.2
Truck,South Africa,"Aspen-OSD, Port Elizabeth, SA",28,454461.91,1,0.9642857142857143,-12.785714285714286,0.0,0,28.0,0.03571428571428571,0.0,0.0,"Truck | South Africa | Aspen-OSD, Port Elizabeth, SA",Truck,"Aspen-OSD, Port Elizabeth, SA",1,0.03571428571428571
Truck,Uganda,"Emcure Plot No.P-2, I.T-B.T. Park, Phase II, MIDC, Hinjwadi, Pune, India",1,449306.08,0,1.0,0.0,29545.05,1,0.0,0.0,1.0,0.06575706698649615,"Truck | Uganda | Emcure Plot No.P-2, I.T-B.T. Park, Phase II, MIDC, Hinjwadi, Pune, India",Truck,"Emcure Plot No.P-2, I.T-B.T. Park, Phase II, MIDC, Hinjwadi, Pune, India",0,0.0
Truck,Namibia,"Cipla, Goa, India",4,437528.41,0,1.0,-7.5,18560.93,2,2.0,0.0,0.5,0.04242222807885779,"Truck | Namibia | Cipla, Goa, India",Truck,"Cipla, Goa, India",0,0.0
Air,South Africa,Hetero Unit III Hyderabad IN,1,435675.0,0,1.0,0.0,9706.85,1,0.0,0.0,1.0,0.022280025248178115,Air | South Africa | Hetero Unit III Hyderabad IN,Air,Hetero Unit III Hyderabad IN,0,0.0
Air,Côte d'Ivoire,ABBVIE (Abbott) Logis. UK,23,433613.8,0,1.0,0.0,81479.45,14,9.0,0.0,0.6086956521739131,0.18790788023812896,Air | Côte d'Ivoire | ABBVIE (Abbott) Logis. UK,Air,ABBVIE (Abbott) Logis. UK,0,0.0
Air,Burundi,Hetero Unit III Hyderabad IN,15,417793.29,5,0.6666666666666666,-24.733333333333334,10006.57,5,10.0,0.3333333333333333,0.3333333333333333,0.02395100696806308,Air | Burundi | Hetero Unit III Hyderabad IN,Air,Hetero Unit III Hyderabad IN,5,0.3333333333333333
Air,Zimbabwe,ABBVIE Ludwigshafen Germany,6,415943.23,0,1.0,0.0,72543.43,5,1.0,0.0,0.8333333333333334,0.17440704588460304,Air | Zimbabwe | ABBVIE Ludwigshafen Germany,Air,ABBVIE Ludwigshafen Germany,0,0.0
Truck,Zambia,"Micro labs, Verna, Goa, India",4,415318.0,0,1.0,-10.0,17712.81,3,1.0,0.0,0.75,0.04264878960218435,"Truck | Zambia | Micro labs, Verna, Goa, India",Truck,"Micro labs, Verna, Goa, India",0,0.0
Air,South Africa,ABBVIE Ludwigshafen Germany,6,413022.0,0,1.0,-76.16666666666667,0.0,0,6.0,0.0,0.0,0.0,Air | South Africa | ABBVIE Ludwigshafen Germany,Air,ABBVIE Ludwigshafen Germany,0,0.0
未记录,Zambia,"Trinity Biotech, Plc",4,405280.0,0,1.0,0.0,33373.31,4,0.0,0.0,1.0,0.08234630378997236,"未记录 | Zambia | Trinity Biotech, Plc",未记录,"Trinity Biotech, Plc",0,0.0
Truck,Zambia,"Hetero, Jadcherla, unit 5, IN",2,398046.74,2,0.0,15.0,49684.56,2,0.0,1.0,1.0,0.12482091927194279,"Truck | Zambia | Hetero, Jadcherla, unit 5, IN",Truck,"Hetero, Jadcherla, unit 5, IN",2,1.0
Air,Haiti,"Cipla, Goa, India",20,394057.63,4,0.8,-11.65,83964.68,12,8.0,0.2,0.6,0.2130771582826603,"Air | Haiti | Cipla, Goa, India",Air,"Cipla, Goa, India",4,0.2
Air,Rwanda,"Cipla, Patalganga, India",3,393597.25,0,1.0,-19.666666666666668,6220.48,1,2.0,0.0,0.3333333333333333,0.015804175461083633,"Air | Rwanda | Cipla, Patalganga, India",Air,"Cipla, Patalganga, India",0,0.0
Air,Mozambique,ABBVIE Ludwigshafen Germany,12,389789.9,0,1.0,0.0,11873.26,9,3.0,0.0,0.75,0.030460666117823984,Air | Mozambique | ABBVIE Ludwigshafen Germany,Air,ABBVIE Ludwigshafen Germany,0,0.0
Air,Benin,Mylan (formerly Matrix) Nashik,4,389785.93000000005,0,1.0,-3.0,34406.35,2,2.0,0.0,0.5,0.0882698613569761,Air | Benin | Mylan (formerly Matrix) Nashik,Air,Mylan (formerly Matrix) Nashik,0,0.0
Ocean,Rwanda,"Micro labs, Verna, Goa, India",1,388550.5,0,1.0,0.0,36173.15,1,0.0,0.0,1.0,0.09309767970958731,"Ocean | Rwanda | Micro labs, Verna, Goa, India",Ocean,"Micro labs, Verna, Goa, India",0,0.0
Air,Ethiopia,ABBVIE GmbH & Co.KG Wiesbaden,2,388000.0,0,1.0,0.0,24859.45,1,1.0,0.0,0.5,0.06407074742268042,Air | Ethiopia | ABBVIE GmbH & Co.KG Wiesbaden,Air,ABBVIE GmbH & Co.KG Wiesbaden,0,0.0
Air,Ethiopia,ABBVIE Ludwigshafen Germany,2,386188.8,2,0.0,1.0,7201.3,2,0.0,1.0,1.0,0.018647096963972026,Air | Ethiopia | ABBVIE Ludwigshafen Germany,Air,ABBVIE Ludwigshafen Germany,2,1.0
未记录,Nigeria,Chembio Diagnostics Sys. Inc.,4,384750.0,0,1.0,-17.25,19544.940000000002,3,1.0,0.0,0.75,0.050799064327485384,未记录 | Nigeria | Chembio Diagnostics Sys. Inc.,未记录,Chembio Diagnostics Sys. Inc.,0,0.0
Truck,South Africa,Mylan (formerly Matrix) Nashik,26,384730.86,0,1.0,0.0,0.0,0,26.0,0.0,0.0,0.0,Truck | South Africa | Mylan (formerly Matrix) Nashik,Truck,Mylan (formerly Matrix) Nashik,0,0.0
Air,Ethiopia,"Aspen-OSD, Port Elizabeth, SA",4,378801.8,0,1.0,0.0,17226.88,3,1.0,0.0,0.75,0.04547729181857109,"Air | Ethiopia | Aspen-OSD, Port Elizabeth, SA",Air,"Aspen-OSD, Port Elizabeth, SA",0,0.0
Air,Uganda,"MSD, Haarlem, NL",17,375282.0,0,1.0,0.0,8746.83,15,2.0,0.0,0.8823529411764706,0.023307352870641278,"Air | Uganda | MSD, Haarlem, NL",Air,"MSD, Haarlem, NL",0,0.0
Air,Uganda,"Emcure Plot No.P-2, I.T-B.T. Park, Phase II, MIDC, Hinjwadi, Pune, India",9,372170.3,0,1.0,-5.222222222222222,12417.33,7,2.0,0.0,0.7777777777777778,0.03336464516378658,"Air | Uganda | Emcure Plot No.P-2, I.T-B.T. Park, Phase II, MIDC, Hinjwadi, Pune, India",Air,"Emcure Plot No.P-2, I.T-B.T. Park, Phase II, MIDC, Hinjwadi, Pune, India",0,0.0
Air,Mozambique,ABBVIE GmbH & Co.KG Wiesbaden,2,368000.0,0,1.0,0.0,5370.23,2,0.0,0.0,1.0,0.014593016304347825,Air | Mozambique | ABBVIE GmbH & Co.KG Wiesbaden,Air,ABBVIE GmbH & Co.KG Wiesbaden,0,0.0
Air Charter,Cameroon,"Strides, Bangalore, India.",3,367836.94,1,0.6666666666666666,-2.0,20893.21,1,2.0,0.3333333333333333,0.3333333333333333,0.05680019521693498,"Air Charter | Cameroon | Strides, Bangalore, India.",Air Charter,"Strides, Bangalore, India.",1,0.3333333333333333
Air Charter,Zimbabwe,"Strides, Bangalore, India.",2,363000.0,0,1.0,0.0,80165.09,2,0.0,0.0,1.0,0.22084046831955922,"Air Charter | Zimbabwe | Strides, Bangalore, India.",Air Charter,"Strides, Bangalore, India.",0,0.0
Truck,Zimbabwe,Ranbaxy per Shasun Pharma,1,356278.5,0,1.0,-93.0,0.0,0,1.0,0.0,0.0,0.0,Truck | Zimbabwe | Ranbaxy per Shasun Pharma,Truck,Ranbaxy per Shasun Pharma,0,0.0
Air,Vietnam,ABBVIE (Abbott) Logis. UK,14,352664.2,0,1.0,0.0,65078.74,14,0.0,0.0,1.0,0.18453457992050226,Air | Vietnam | ABBVIE (Abbott) Logis. UK,Air,ABBVIE (Abbott) Logis. UK,0,0.0
Truck,Rwanda,"Micro labs, Verna, Goa, India",1,347107.02,1,0.0,1.0,12757.0,1,0.0,1.0,1.0,0.036752353784144154,"Truck | Rwanda | Micro labs, Verna, Goa, India",Truck,"Micro labs, Verna, Goa, India",1,1.0
Truck,Côte d'Ivoire,"Cipla, Kurkumbh, India",5,346031.72,2,0.6,-10.8,30970.41,4,1.0,0.4,0.8,0.08950165031113333,"Truck | Côte d'Ivoire | Cipla, Kurkumbh, India",Truck,"Cipla, Kurkumbh, India",2,0.4
Air,Haiti,"Emcure Plot No.P-2, I.T-B.T. Park, Phase II, MIDC, Hinjwadi, Pune, India",6,345924.0,0,1.0,0.0,11338.03,4,2.0,0.0,0.6666666666666666,0.032776072200830245,"Air | Haiti | Emcure Plot No.P-2, I.T-B.T. Park, Phase II, MIDC, Hinjwadi, Pune, India",Air,"Emcure Plot No.P-2, I.T-B.T. Park, Phase II, MIDC, Hinjwadi, Pune, India",0,0.0
Ocean,Haiti,"Cipla, Goa, India",3,342142.38,0,1.0,0.0,11446.88,2,1.0,0.0,0.6666666666666666,0.033456480895468134,"Ocean | Haiti | Cipla, Goa, India",Ocean,"Cipla, Goa, India",0,0.0
Truck,Rwanda,"Strides, Bangalore, India.",8,341882.7,2,0.75,-9.5,45852.079999999994,7,1.0,0.25,0.875,0.13411640893206936,"Truck | Rwanda | Strides, Bangalore, India.",Truck,"Strides, Bangalore, India.",2,0.25
Ocean,Zimbabwe,"Aurobindo Unit III, India",1,341700.0,0,1.0,0.0,16210.31,1,0.0,0.0,1.0,0.04744018144571261,"Ocean | Zimbabwe | Aurobindo Unit III, India",Ocean,"Aurobindo Unit III, India",0,0.0
Air,South Africa,"Boehringer Ing., Koropi, GR",5,336104.0,0,1.0,-102.8,0.0,0,5.0,0.0,0.0,0.0,"Air | South Africa | Boehringer Ing., Koropi, GR",Air,"Boehringer Ing., Koropi, GR",0,0.0
未记录,Zimbabwe,"Aurobindo Unit III, India",7,333685.93,0,1.0,0.0,9322.6,7,0.0,0.0,1.0,0.027938247201492735,"未记录 | Zimbabwe | Aurobindo Unit III, India",未记录,"Aurobindo Unit III, India",0,0.0
Truck,Tanzania,"Ranbaxy, Paonta Shahib, India",2,324033.75,0,1.0,0.0,0.0,0,2.0,0.0,0.0,0.0,"Truck | Tanzania | Ranbaxy, Paonta Shahib, India",Truck,"Ranbaxy, Paonta Shahib, India",0,0.0
Truck,South Africa,Hetero Unit III Hyderabad IN,37,323206.96,0,1.0,0.0,0.0,0,37.0,0.0,0.0,0.0,Truck | South Africa | Hetero Unit III Hyderabad IN,Truck,Hetero Unit III Hyderabad IN,0,0.0
Air,Haiti,"Cipla, Kurkumbh, India",2,322560.66,0,1.0,-11.5,59937.03,2,0.0,0.0,1.0,0.1858163050633639,"Air | Haiti | Cipla, Kurkumbh, India",Air,"Cipla, Kurkumbh, India",0,0.0
Air,Mozambique,Roche Basel,10,320842.19,0,1.0,-3.1,20450.21,7,3.0,0.0,0.7,0.06373915475393058,Air | Mozambique | Roche Basel,Air,Roche Basel,0,0.0
Air,Sierra Leone,"Alere Medical Co., Ltd.",1,320000.0,0,1.0,0.0,28703.53,1,0.0,0.0,1.0,0.08969853124999999,"Air | Sierra Leone | Alere Medical Co., Ltd.",Air,"Alere Medical Co., Ltd.",0,0.0
Truck,"Congo, DRC","Alere Medical Co., Ltd.",2,306750.0,0,1.0,0.0,0.0,0,2.0,0.0,0.0,0.0,"Truck | Congo, DRC | Alere Medical Co., Ltd.",Truck,"Alere Medical Co., Ltd.",0,0.0
Air,Nigeria,Roche Basel,4,296692.91000000003,0,1.0,0.0,4083.1000000000004,3,1.0,0.0,0.75,0.013762041027539215,Air | Nigeria | Roche Basel,Air,Roche Basel,0,0.0
Air,Uganda,"Trinity Biotech, Plc",7,291872.0,0,1.0,0.0,24881.95,7,0.0,0.0,1.0,0.0852495271900011,"Air | Uganda | Trinity Biotech, Plc",Air,"Trinity Biotech, Plc",0,0.0
未记录,Tanzania,"Standard Diagnostics, Korea",2,289040.0,0,1.0,0.0,23295.559999999998,2,0.0,0.0,1.0,0.08059631884860226,"未记录 | Tanzania | Standard Diagnostics, Korea",未记录,"Standard Diagnostics, Korea",0,0.0
Air,Ghana,"Cipla, Goa, India",1,284053.8,0,1.0,0.0,20654.13,1,0.0,0.0,1.0,0.07271203553692998,"Air | Ghana | Cipla, Goa, India",Air,"Cipla, Goa, India",0,0.0
未记录,Tanzania,ABBVIE Ludwigshafen Germany,2,276808.5,0,1.0,0.0,3562.4,1,1.0,0.0,0.5,0.012869546997292352,未记录 | Tanzania | ABBVIE Ludwigshafen Germany,未记录,ABBVIE Ludwigshafen Germany,0,0.0
未记录,Zambia,"Ranbaxy, Paonta Shahib, India",3,276240.64,0,1.0,0.0,32639.8,3,0.0,0.0,1.0,0.11815712561337824,"未记录 | Zambia | Ranbaxy, Paonta Shahib, India",未记录,"Ranbaxy, Paonta Shahib, India",0,0.0
Truck,South Africa,GSK Ware (UK),19,272044.26,0,1.0,-18.42105263157895,0.0,0,19.0,0.0,0.0,0.0,Truck | South Africa | GSK Ware (UK),Truck,GSK Ware (UK),0,0.0
Air,Ethiopia,"Trinity Biotech, Plc",15,269587.42,0,1.0,0.0,35006.21,14,1.0,0.0,0.9333333333333333,0.12985105165515512,"Air | Ethiopia | Trinity Biotech, Plc",Air,"Trinity Biotech, Plc",0,0.0
Truck,Zimbabwe,"Cipla, Patalganga, India",1,268626.37,0,1.0,-12.0,1955.17,1,0.0,0.0,1.0,0.007278399361909257,"Truck | Zimbabwe | Cipla, Patalganga, India",Truck,"Cipla, Patalganga, India",0,0.0
Air Charter,Cameroon,"Cipla, Kurkumbh, India",3,268000.0,0,1.0,-16.333333333333332,76176.43,1,2.0,0.0,0.3333333333333333,0.28424041044776116,"Air Charter | Cameroon | Cipla, Kurkumbh, India",Air Charter,"Cipla, Kurkumbh, India",0,0.0
Air,Mozambique,Roche Madrid,2,266102.8,0,1.0,0.0,2683.25,2,0.0,0.0,1.0,0.010083509079949553,Air | Mozambique | Roche Madrid,Air,Roche Madrid,0,0.0
Air Charter,Nigeria,"Cipla, Patalganga, India",1,264626.96,0,1.0,-10.0,28812.57,1,0.0,0.0,1.0,0.10887994934454145,"Air Charter | Nigeria | Cipla, Patalganga, India",Air Charter,"Cipla, Patalganga, India",0,0.0
Air,Zimbabwe,"Aurobindo Unit III, India",10,264615.28,1,0.9,-16.9,12929.64,6,4.0,0.1,0.6,0.04886203094545409,"Air | Zimbabwe | Aurobindo Unit III, India",Air,"Aurobindo Unit III, India",1,0.1
Air,Côte d'Ivoire,"Emcure Plot No.P-2, I.T-B.T. Park, Phase II, MIDC, Hinjwadi, Pune, India",1,259621.2,0,1.0,0.0,6111.2,1,0.0,0.0,1.0,0.02353890976545829,"Air | Côte d'Ivoire | Emcure Plot No.P-2, I.T-B.T. Park, Phase II, MIDC, Hinjwadi, Pune, India",Air,"Emcure Plot No.P-2, I.T-B.T. Park, Phase II, MIDC, Hinjwadi, Pune, India",0,0.0
Truck,Zimbabwe,"Standard Diagnostics, Korea",4,256680.0,0,1.0,0.0,16757.489999999998,3,1.0,0.0,0.75,0.06528553062178587,"Truck | Zimbabwe | Standard Diagnostics, Korea",Truck,"Standard Diagnostics, Korea",0,0.0
Air,Haiti,"Pacific Biotech, Thailand",14,254750.0,0,1.0,0.0,36652.39,12,2.0,0.0,0.8571428571428571,0.1438759175662414,"Air | Haiti | Pacific Biotech, Thailand",Air,"Pacific Biotech, Thailand",0,0.0
Air,Namibia,Inverness Japan,24,252651.5,0,1.0,0.0,41724.49,18,6.0,0.0,0.75,0.1651464171002349,Air | Namibia | Inverness Japan,Air,Inverness Japan,0,0.0
Truck,South Africa,GSK Cape Town Factory (South Africa),15,252397.25,1,0.9333333333333333,-21.2,0.0,0,15.0,0.06666666666666667,0.0,0.0,Truck | South Africa | GSK Cape Town Factory (South Africa),Truck,GSK Cape Town Factory (South Africa),1,0.06666666666666667
Air,Guyana,"Alere Medical Co., Ltd.",6,251900.0,0,1.0,0.0,18246.94,4,2.0,0.0,0.6666666666666666,0.07243723699880905,"Air | Guyana | Alere Medical Co., Ltd.",Air,"Alere Medical Co., Ltd.",0,0.0
Truck,Namibia,Mylan (formerly Matrix) Nashik,1,250000.0,0,1.0,0.0,8502.12,1,0.0,0.0,1.0,0.03400848,Truck | Namibia | Mylan (formerly Matrix) Nashik,Truck,Mylan (formerly Matrix) Nashik,0,0.0
Truck,Zambia,Ranbaxy per Shasun Pharma,3,249238.4,3,0.0,9.333333333333334,1157.78,1,2.0,1.0,0.3333333333333333,0.0046452713546548206,Truck | Zambia | Ranbaxy per Shasun Pharma,Truck,Ranbaxy per Shasun Pharma,3,1.0
Truck,Mozambique,"Micro labs, Verna, Goa, India",3,249063.12,2,0.3333333333333333,13.0,830.49,2,1.0,0.6666666666666666,0.6666666666666666,0.0033344559403254885,"Truck | Mozambique | Micro labs, Verna, Goa, India",Truck,"Micro labs, Verna, Goa, India",2,0.6666666666666666
Ocean,Zimbabwe,ABBVIE Ludwigshafen Germany,1,248529.6,0,1.0,0.0,25189.51,1,0.0,0.0,1.0,0.10135416465483386,Ocean | Zimbabwe | ABBVIE Ludwigshafen Germany,Ocean,ABBVIE Ludwigshafen Germany,0,0.0
Air,Cameroon,"Cipla, Kurkumbh, India",2,241463.2,0,1.0,-5.0,66350.3,2,0.0,0.0,1.0,0.2747843149597951,"Air | Cameroon | Cipla, Kurkumbh, India",Air,"Cipla, Kurkumbh, India",0,0.0
Air,Zambia,"Cipla, Patalganga, India",1,240000.0,0,1.0,0.0,20188.13,1,0.0,0.0,1.0,0.08411720833333333,"Air | Zambia | Cipla, Patalganga, India",Air,"Cipla, Patalganga, India",0,0.0
Truck,Rwanda,"Cipla, Patalganga, India",5,235778.97999999998,1,0.8,-8.0,13469.32,2,3.0,0.2,0.4,0.05712689061594889,"Truck | Rwanda | Cipla, Patalganga, India",Truck,"Cipla, Patalganga, India",1,0.2
Truck,Zimbabwe,"Micro labs, Verna, Goa, India",2,235542.98,0,1.0,-52.5,43469.49,2,0.0,0.0,1.0,0.1845501402758851,"Truck | Zimbabwe | Micro labs, Verna, Goa, India",Truck,"Micro labs, Verna, Goa, India",0,0.0
Air,Mozambique,"MSD, Haarlem, NL",12,235394.0,0,1.0,-0.5,6494.570000000001,2,10.0,0.0,0.16666666666666666,0.027590210455661575,"Air | Mozambique | MSD, Haarlem, NL",Air,"MSD, Haarlem, NL",0,0.0
Ocean,Haiti,"Micro labs, Verna, Goa, India",4,234859.7,0,1.0,0.0,12336.45,1,3.0,0.0,0.25,0.05252689158676435,"Ocean | Haiti | Micro labs, Verna, Goa, India",Ocean,"Micro labs, Verna, Goa, India",0,0.0
Air,Guyana,Mylan (formerly Matrix) Nashik,12,232597.36000000002,2,0.8333333333333334,-30.666666666666668,19206.91,6,6.0,0.16666666666666666,0.5,0.08257578675871471,Air | Guyana | Mylan (formerly Matrix) Nashik,Air,Mylan (formerly Matrix) Nashik,2,0.16666666666666666
Air,South Sudan,"Trinity Biotech, Plc",42,232480.0,0,1.0,0.0,44928.479999999996,20,22.0,0.0,0.47619047619047616,0.19325739848589124,"Air | South Sudan | Trinity Biotech, Plc",Air,"Trinity Biotech, Plc",0,0.0
Air,Tanzania,ABBVIE (Abbott) Logis. UK,13,231941.34,0,1.0,0.0,42498.880000000005,11,2.0,0.0,0.8461538461538461,0.18323115663641507,Air | Tanzania | ABBVIE (Abbott) Logis. UK,Air,ABBVIE (Abbott) Logis. UK,0,0.0
Truck,Rwanda,ABBVIE Ludwigshafen Germany,1,226322.46,0,1.0,-6.0,33986.07,1,0.0,0.0,1.0,0.1501665809040782,Truck | Rwanda | ABBVIE Ludwigshafen Germany,Truck,ABBVIE Ludwigshafen Germany,0,0.0
Air,Ethiopia,Hetero Unit III Hyderabad IN,3,225209.24,0,1.0,-6.666666666666667,1366.22,1,2.0,0.0,0.3333333333333333,0.006066447362461683,Air | Ethiopia | Hetero Unit III Hyderabad IN,Air,Hetero Unit III Hyderabad IN,0,0.0
Truck,Tanzania,Macleods Daman Plant INDIA,1,223721.94,0,1.0,-52.0,3825.8,1,0.0,0.0,1.0,0.01710069204656459,Truck | Tanzania | Macleods Daman Plant INDIA,Truck,Macleods Daman Plant INDIA,0,0.0
Truck,South Africa,"Boehringer Ing., Koropi, GR",8,221505.14,0,1.0,-14.125,0.0,0,8.0,0.0,0.0,0.0,"Truck | South Africa | Boehringer Ing., Koropi, GR",Truck,"Boehringer Ing., Koropi, GR",0,0.0
Air,Botswana,"Trinity Biotech, Plc",20,221301.0,0,1.0,0.0,33454.38,20,0.0,0.0,1.0,0.1511713910013963,"Air | Botswana | Trinity Biotech, Plc",Air,"Trinity Biotech, Plc",0,0.0
Air,Vietnam,"Hetero, Jadcherla, unit 5, IN",4,215904.4,0,1.0,0.0,9032.89,4,0.0,0.0,1.0,0.041837452131591575,"Air | Vietnam | Hetero, Jadcherla, unit 5, IN",Air,"Hetero, Jadcherla, unit 5, IN",0,0.0
Truck,Côte d'Ivoire,"Hetero, Jadcherla, unit 5, IN",3,214335.0,1,0.6666666666666666,-15.666666666666666,36328.8,2,1.0,0.3333333333333333,0.6666666666666666,0.1694954160543075,"Truck | Côte d'Ivoire | Hetero, Jadcherla, unit 5, IN",Truck,"Hetero, Jadcherla, unit 5, IN",1,0.3333333333333333
Air,Swaziland,"Aurobindo Unit VII, IN",1,214302.0,0,1.0,-1.0,3148.12,1,0.0,0.0,1.0,0.014690110218290076,"Air | Swaziland | Aurobindo Unit VII, IN",Air,"Aurobindo Unit VII, IN",0,0.0
未记录,Zambia,Inverness Japan,4,213984.0,0,1.0,0.0,2292.6,1,3.0,0.0,0.25,0.01071388515029161,未记录 | Zambia | Inverness Japan,未记录,Inverness Japan,0,0.0
Air,Dominican Republic,Mylan (formerly Matrix) Nashik,10,210449.34,1,0.9,-23.2,33158.21,6,4.0,0.1,0.6,0.15755910662395045,Air | Dominican Republic | Mylan (formerly Matrix) Nashik,Air,Mylan (formerly Matrix) Nashik,1,0.1
Truck,Côte d'Ivoire,"Micro labs, Verna, Goa, India",4,210000.09,1,0.75,-10.5,0.0,0,4.0,0.25,0.0,0.0,"Truck | Côte d'Ivoire | Micro labs, Verna, Goa, India",Truck,"Micro labs, Verna, Goa, India",1,0.25
Air,Mozambique,Bio-Rad Laboratories,2,207053.59999999998,0,1.0,0.0,1368.78,1,1.0,0.0,0.5,0.006610751998516327,Air | Mozambique | Bio-Rad Laboratories,Air,Bio-Rad Laboratories,0,0.0
Truck,South Africa,"Aurobindo Unit VII, IN",1,206791.05,0,1.0,0.0,0.0,0,1.0,0.0,0.0,0.0,"Truck | South Africa | Aurobindo Unit VII, IN",Truck,"Aurobindo Unit VII, IN",0,0.0
Air,Guatemala,ABBVIE Ludwigshafen Germany,1,203371.58,0,1.0,0.0,0.0,0,1.0,0.0,0.0,0.0,Air | Guatemala | ABBVIE Ludwigshafen Germany,Air,ABBVIE Ludwigshafen Germany,0,0.0
Air,Uganda,Bio-Rad Laboratories,6,201393.9,0,1.0,0.0,4991.92,5,1.0,0.0,0.8333333333333334,0.024786848062428903,Air | Uganda | Bio-Rad Laboratories,Air,Bio-Rad Laboratories,0,0.0
未记录,Côte d'Ivoire,Bio-Rad Laboratories,8,200255.34,0,1.0,0.0,18287.05,7,1.0,0.0,0.875,0.0913186634623576,未记录 | Côte d'Ivoire | Bio-Rad Laboratories,未记录,Bio-Rad Laboratories,0,0.0
Truck,South Africa,ABBVIE (Abbott) Logis. UK,50,199816.88,2,0.96,-14.4,0.0,0,50.0,0.04,0.0,0.0,Truck | South Africa | ABBVIE (Abbott) Logis. UK,Truck,ABBVIE (Abbott) Logis. UK,2,0.04
未记录,Côte d'Ivoire,Roche Basel,8,198808.0,0,1.0,0.0,15919.54,2,6.0,0.0,0.25,0.08007494668222608,未记录 | Côte d'Ivoire | Roche Basel,未记录,Roche Basel,0,0.0
Air,Vietnam,Roche Madrid,2,197308.0,0,1.0,0.0,21810.239999999998,2,0.0,0.0,1.0,0.11053905568958176,Air | Vietnam | Roche Madrid,Air,Roche Madrid,0,0.0
Air,Côte d'Ivoire,ABBVIE GmbH & Co.KG Wiesbaden,4,196000.0,0,1.0,0.0,7196.75,4,0.0,0.0,1.0,0.03671811224489796,Air | Côte d'Ivoire | ABBVIE GmbH & Co.KG Wiesbaden,Air,ABBVIE GmbH & Co.KG Wiesbaden,0,0.0
Air,Cameroon,Ranbaxy per Shasun Pharma Ltd,1,193406.4,0,1.0,0.0,28778.76,1,0.0,0.0,1.0,0.1487994192539647,Air | Cameroon | Ranbaxy per Shasun Pharma Ltd,Air,Ranbaxy per Shasun Pharma Ltd,0,0.0
Air,South Sudan,"Cipla, Goa, India",7,190549.66,2,0.7142857142857143,-5.285714285714286,15301.86,3,4.0,0.2857142857142857,0.42857142857142855,0.08030379062339969,"Air | South Sudan | Cipla, Goa, India",Air,"Cipla, Goa, India",2,0.2857142857142857
Air Charter,Zimbabwe,"Cipla, Goa, India",1,188700.0,0,1.0,0.0,84791.1,1,0.0,0.0,1.0,0.4493434022257552,"Air Charter | Zimbabwe | Cipla, Goa, India",Air Charter,"Cipla, Goa, India",0,0.0
Air,South Africa,"BMS Meymac, France",20,188144.9,0,1.0,-100.8,0.0,0,20.0,0.0,0.0,0.0,"Air | South Africa | BMS Meymac, France",Air,"BMS Meymac, France",0,0.0
Air,Côte d'Ivoire,"Cipla, Kurkumbh, India",3,185979.0,0,1.0,-6.666666666666667,16988.61,2,1.0,0.0,0.6666666666666666,0.09134692626586872,"Air | Côte d'Ivoire | Cipla, Kurkumbh, India",Air,"Cipla, Kurkumbh, India",0,0.0
Air,Zambia,"Hetero, Jadcherla, unit 5, IN",1,183144.0,0,1.0,0.0,0.0,0,1.0,0.0,0.0,0.0,"Air | Zambia | Hetero, Jadcherla, unit 5, IN",Air,"Hetero, Jadcherla, unit 5, IN",0,0.0
未记录,Ethiopia,"Ranbaxy, Paonta Shahib, India",1,182488.16,0,1.0,0.0,0.0,0,1.0,0.0,0.0,0.0,"未记录 | Ethiopia | Ranbaxy, Paonta Shahib, India",未记录,"Ranbaxy, Paonta Shahib, India",0,0.0
Truck,Rwanda,"Cipla, Goa, India",5,182211.35,1,0.8,-31.6,33441.22,4,1.0,0.2,0.8,0.1835298404846899,"Truck | Rwanda | Cipla, Goa, India",Truck,"Cipla, Goa, India",1,0.2
Truck,Kenya,"Trinity Biotech, Plc",6,181920.0,0,1.0,0.0,4287.110000000001,5,1.0,0.0,0.8333333333333334,0.02356590809146878,"Truck | Kenya | Trinity Biotech, Plc",Truck,"Trinity Biotech, Plc",0,0.0
Air,Haiti,"Trinity Biotech, Plc",19,181117.0,0,1.0,-0.47368421052631576,24638.64,14,5.0,0.0,0.7368421052631579,0.13603714725840202,"Air | Haiti | Trinity Biotech, Plc",Air,"Trinity Biotech, Plc",0,0.0
Air,Haiti,ABBVIE GmbH & Co.KG Wiesbaden,3,180000.0,0,1.0,0.0,5778.58,3,0.0,0.0,1.0,0.03210322222222222,Air | Haiti | ABBVIE GmbH & Co.KG Wiesbaden,Air,ABBVIE GmbH & Co.KG Wiesbaden,0,0.0
Air,Zimbabwe,Premier Med. Corp Ltd. India,1,180000.0,0,1.0,0.0,13380.07,1,0.0,0.0,1.0,0.07433372222222222,Air | Zimbabwe | Premier Med. Corp Ltd. India,Air,Premier Med. Corp Ltd. India,0,0.0
Truck,Mozambique,Ranbaxy per Shasun Pharma,1,179911.36,0,1.0,-61.0,0.0,0,1.0,0.0,0.0,0.0,Truck | Mozambique | Ranbaxy per Shasun Pharma,Truck,Ranbaxy per Shasun Pharma,0,0.0
Air,South Africa,GSK Aranda,5,178863.0,0,1.0,-101.8,1521.4,1,4.0,0.0,0.2,0.008505951482419507,Air | South Africa | GSK Aranda,Air,GSK Aranda,0,0.0
Air,"Congo, DRC","Trinity Biotech, Plc",56,177536.0,0,1.0,0.0,29752.36,10,46.0,0.0,0.17857142857142858,0.167584940519106,"Air | Congo, DRC | Trinity Biotech, Plc",Air,"Trinity Biotech, Plc",0,0.0
Air,Haiti,"Micro labs, Verna, Goa, India",4,172926.28,0,1.0,0.0,27907.66,2,2.0,0.0,0.5,0.16138472417263588,"Air | Haiti | Micro labs, Verna, Goa, India",Air,"Micro labs, Verna, Goa, India",0,0.0
Air,South Africa,"Cipla, Patalganga, India",1,172800.0,0,1.0,0.0,2531.3,1,0.0,0.0,1.0,0.014648726851851854,"Air | South Africa | Cipla, Patalganga, India",Air,"Cipla, Patalganga, India",0,0.0
Truck,South Africa,"MSD Midrand, J'burg, SA",10,172699.6,0,1.0,-49.6,0.0,0,10.0,0.0,0.0,0.0,"Truck | South Africa | MSD Midrand, J'burg, SA",Truck,"MSD Midrand, J'burg, SA",0,0.0
Air,Lesotho,"Alere Medical Co., Ltd.",1,168320.0,0,1.0,0.0,11063.78,1,0.0,0.0,1.0,0.06573063212927757,"Air | Lesotho | Alere Medical Co., Ltd.",Air,"Alere Medical Co., Ltd.",0,0.0
Truck,Zambia,"Cipla, Kurkumbh, India",2,166260.95,2,0.0,15.5,17803.56,2,0.0,1.0,1.0,0.10708202978510588,"Truck | Zambia | Cipla, Kurkumbh, India",Truck,"Cipla, Kurkumbh, India",2,1.0
Air,Mozambique,Gilead(Nycomed) Oranienburg DE,4,165682.0,0,1.0,0.0,1338.04,1,3.0,0.0,0.25,0.008075952728721286,Air | Mozambique | Gilead(Nycomed) Oranienburg DE,Air,Gilead(Nycomed) Oranienburg DE,0,0.0
未记录,Côte d'Ivoire,"Cipla, Patalganga, India",1,165180.0,0,1.0,0.0,0.0,0,1.0,0.0,0.0,0.0,"未记录 | Côte d'Ivoire | Cipla, Patalganga, India",未记录,"Cipla, Patalganga, India",0,0.0
Air,Burundi,Chembio Diagnostics Sys. Inc.,11,162585.9,0,1.0,0.0,9831.6,11,0.0,0.0,1.0,0.060470188374268624,Air | Burundi | Chembio Diagnostics Sys. Inc.,Air,Chembio Diagnostics Sys. Inc.,0,0.0
Truck,Zimbabwe,"Hetero, Jadcherla, unit 5, IN",3,162368.0,2,0.3333333333333333,-3.3333333333333335,22582.059999999998,3,0.0,0.6666666666666666,1.0,0.13907949842333464,"Truck | Zimbabwe | Hetero, Jadcherla, unit 5, IN",Truck,"Hetero, Jadcherla, unit 5, IN",2,0.6666666666666666
未记录,Nigeria,ABBVIE GmbH & Co.KG Wiesbaden,2,160000.0,0,1.0,-61.5,0.0,0,2.0,0.0,0.0,0.0,未记录 | Nigeria | ABBVIE GmbH & Co.KG Wiesbaden,未记录,ABBVIE GmbH & Co.KG Wiesbaden,0,0.0
Air,South Sudan,Hetero Unit III Hyderabad IN,10,158281.13999999998,0,1.0,-13.4,33166.62,4,6.0,0.0,0.4,0.20954246349249195,Air | South Sudan | Hetero Unit III Hyderabad IN,Air,Hetero Unit III Hyderabad IN,0,0.0
Truck,Tanzania,"Cipla, Patalganga, India",1,157500.0,0,1.0,-22.0,2352.52,1,0.0,0.0,1.0,0.01493663492063492,"Truck | Tanzania | Cipla, Patalganga, India",Truck,"Cipla, Patalganga, India",0,0.0
Air,Haiti,"KHB Test Kit Facility, Shanghai China",15,157402.5,0,1.0,0.0,50963.71,15,0.0,0.0,1.0,0.3237795460682009,"Air | Haiti | KHB Test Kit Facility, Shanghai China",Air,"KHB Test Kit Facility, Shanghai China",0,0.0
Air,Côte d'Ivoire,Roche Madrid,1,154437.73,0,1.0,0.0,4204.67,1,0.0,0.0,1.0,0.027225665645305715,Air | Côte d'Ivoire | Roche Madrid,Air,Roche Madrid,0,0.0
Air,Haiti,"MSD, Haarlem, NL",22,153063.63999999998,1,0.9545454545454546,0.045454545454545456,49066.84,15,7.0,0.045454545454545456,0.6818181818181818,0.32056496239080684,"Air | Haiti | MSD, Haarlem, NL",Air,"MSD, Haarlem, NL",1,0.045454545454545456
Ocean,Nigeria,Mylan (formerly Matrix) Nashik,1,152007.6,0,1.0,0.0,17096.24,1,0.0,0.0,1.0,0.11246963967591095,Ocean | Nigeria | Mylan (formerly Matrix) Nashik,Ocean,Mylan (formerly Matrix) Nashik,0,0.0
Air,Guatemala,"Emcure Plot No.P-2, I.T-B.T. Park, Phase II, MIDC, Hinjwadi, Pune, India",1,149268.96,1,0.0,10.0,0.0,0,1.0,1.0,0.0,0.0,"Air | Guatemala | Emcure Plot No.P-2, I.T-B.T. Park, Phase II, MIDC, Hinjwadi, Pune, India",Air,"Emcure Plot No.P-2, I.T-B.T. Park, Phase II, MIDC, Hinjwadi, Pune, India",1,1.0
Air,Dominican Republic,ABBVIE Labs North Chicago US,1,148250.8,0,1.0,0.0,0.0,0,1.0,0.0,0.0,0.0,Air | Dominican Republic | ABBVIE Labs North Chicago US,Air,ABBVIE Labs North Chicago US,0,0.0
Air,Guyana,Gilead(Nycomed) Oranienburg DE,1,147931.0,0,1.0,0.0,2748.16,1,0.0,0.0,1.0,0.01857730969168058,Air | Guyana | Gilead(Nycomed) Oranienburg DE,Air,Gilead(Nycomed) Oranienburg DE,0,0.0
Air,Kenya,Premier Med. Corp Ltd. India,2,147844.0,0,1.0,0.0,13327.2,2,0.0,0.0,1.0,0.0901436649441303,Air | Kenya | Premier Med. Corp Ltd. India,Air,Premier Med. Corp Ltd. India,0,0.0
Air Charter,Côte d'Ivoire,Mylan (formerly Matrix) Nashik,2,146730.0,0,1.0,-11.0,4660.43,2,0.0,0.0,1.0,0.0317619437061269,Air Charter | Côte d'Ivoire | Mylan (formerly Matrix) Nashik,Air Charter,Mylan (formerly Matrix) Nashik,0,0.0
Air,Burundi,"Strides, Bangalore, India.",6,145649.79,5,0.16666666666666666,4.333333333333333,4373.11,2,4.0,0.8333333333333334,0.3333333333333333,0.030024828734734183,"Air | Burundi | Strides, Bangalore, India.",Air,"Strides, Bangalore, India.",5,0.8333333333333334
Air,Mozambique,"Aurobindo Unit VII, IN",1,145064.79,1,0.0,5.0,28602.94,1,0.0,1.0,1.0,0.1971735525898462,"Air | Mozambique | Aurobindo Unit VII, IN",Air,"Aurobindo Unit VII, IN",1,1.0
Air,Côte d'Ivoire,ABBVIE (Abbott) France,4,144715.6,0,1.0,0.0,8956.05,1,3.0,0.0,0.25,0.06188724643369477,Air | Côte d'Ivoire | ABBVIE (Abbott) France,Air,ABBVIE (Abbott) France,0,0.0
Air,Angola,Inverness Japan,1,144000.0,0,1.0,0.0,13790.1,1,0.0,0.0,1.0,0.09576458333333333,Air | Angola | Inverness Japan,Air,Inverness Japan,0,0.0
Air,Sudan,Inverness Japan,8,143905.0,0,1.0,-1.0,16334.39,7,1.0,0.0,0.875,0.11350814773635384,Air | Sudan | Inverness Japan,Air,Inverness Japan,0,0.0
Air,Ethiopia,Inverness Japan,2,142967.1,0,1.0,0.0,4856.14,1,1.0,0.0,0.5,0.03396683572654128,Air | Ethiopia | Inverness Japan,Air,Inverness Japan,0,0.0
Air,Nigeria,"Cipla, Patalganga, India",4,139490.0,0,1.0,0.0,4967.03,1,3.0,0.0,0.25,0.035608502401605846,"Air | Nigeria | Cipla, Patalganga, India",Air,"Cipla, Patalganga, India",0,0.0
未记录,Zambia,ABBVIE GmbH & Co.KG Wiesbaden,2,138240.0,0,1.0,0.0,2938.27,1,1.0,0.0,0.5,0.021254846643518517,未记录 | Zambia | ABBVIE GmbH & Co.KG Wiesbaden,未记录,ABBVIE GmbH & Co.KG Wiesbaden,0,0.0
Truck,Côte d'Ivoire,"Cipla, Patalganga, India",5,136000.37,2,0.6,-13.8,10496.19,4,1.0,0.4,0.8,0.07717765767843132,"Truck | Côte d'Ivoire | Cipla, Patalganga, India",Truck,"Cipla, Patalganga, India",2,0.4
Air,Rwanda,Gilead(Nycomed) Oranienburg DE,2,136000.0,0,1.0,0.0,24136.4,2,0.0,0.0,1.0,0.17747352941176472,Air | Rwanda | Gilead(Nycomed) Oranienburg DE,Air,Gilead(Nycomed) Oranienburg DE,0,0.0
未记录,Zambia,Hetero Unit III Hyderabad IN,1,136000.0,0,1.0,0.0,0.0,0,1.0,0.0,0.0,0.0,未记录 | Zambia | Hetero Unit III Hyderabad IN,未记录,Hetero Unit III Hyderabad IN,0,0.0
未记录,Zambia,ABBVIE (Abbott) Logis. UK,4,135671.1,0,1.0,0.0,11277.97,4,0.0,0.0,1.0,0.08312728355559879,未记录 | Zambia | ABBVIE (Abbott) Logis. UK,未记录,ABBVIE (Abbott) Logis. UK,0,0.0
Air,South Sudan,"Aurobindo Unit III, India",13,130670.51,3,0.7692307692307693,1.2307692307692308,49180.479999999996,8,5.0,0.23076923076923078,0.6153846153846154,0.3763701542145967,"Air | South Sudan | Aurobindo Unit III, India",Air,"Aurobindo Unit III, India",3,0.23076923076923078
Truck,Zimbabwe,Inverness Japan,2,129600.0,0,1.0,0.0,2185.82,1,1.0,0.0,0.5,0.016865895061728396,Truck | Zimbabwe | Inverness Japan,Truck,Inverness Japan,0,0.0
Truck,Zambia,Ranbaxy per Shasun Pharma Ltd,1,129456.0,1,0.0,13.0,19564.23,1,0.0,1.0,1.0,0.15112648312940305,Truck | Zambia | Ranbaxy per Shasun Pharma Ltd,Truck,Ranbaxy per Shasun Pharma Ltd,1,1.0
Air,Benin,"Aurobindo Unit III, India",2,126326.5,0,1.0,-4.0,6477.67,1,1.0,0.0,0.5,0.05127720628688359,"Air | Benin | Aurobindo Unit III, India",Air,"Aurobindo Unit III, India",0,0.0
Truck,Uganda,Ranbaxy per Shasun Pharma,1,125605.35,1,0.0,45.0,2564.94,1,0.0,1.0,1.0,0.020420626987624334,Truck | Uganda | Ranbaxy per Shasun Pharma,Truck,Ranbaxy per Shasun Pharma,1,1.0
Air,Botswana,Inverness Japan,17,125250.0,0,1.0,-12.294117647058824,12010.25,13,4.0,0.0,0.7647058823529411,0.09589021956087825,Air | Botswana | Inverness Japan,Air,Inverness Japan,0,0.0
Truck,Haiti,INVERNESS ANY,1,125000.0,0,1.0,0.0,0.0,0,1.0,0.0,0.0,0.0,Truck | Haiti | INVERNESS ANY,Truck,INVERNESS ANY,0,0.0
Air,Togo,"Aurobindo Unit III, India",1,123207.04,0,1.0,-8.0,8834.07,1,0.0,0.0,1.0,0.07170101643542447,"Air | Togo | Aurobindo Unit III, India",Air,"Aurobindo Unit III, India",0,0.0
Air,Rwanda,"Standard Diagnostics, Korea",3,120000.0,0,1.0,0.0,23039.04,3,0.0,0.0,1.0,0.191992,"Air | Rwanda | Standard Diagnostics, Korea",Air,"Standard Diagnostics, Korea",0,0.0
Truck,Zimbabwe,ABBVIE GmbH & Co.KG Wiesbaden,1,120000.0,0,1.0,0.0,1645.12,1,0.0,0.0,1.0,0.013709333333333332,Truck | Zimbabwe | ABBVIE GmbH & Co.KG Wiesbaden,Truck,ABBVIE GmbH & Co.KG Wiesbaden,0,0.0
Air,Guyana,Hetero Unit III Hyderabad IN,8,119682.34,2,0.75,-5.75,32872.81,8,0.0,0.25,1.0,0.27466717311844,Air | Guyana | Hetero Unit III Hyderabad IN,Air,Hetero Unit III Hyderabad IN,2,0.25
Air Charter,Zimbabwe,"Cipla, Kurkumbh, India",1,118472.49,0,1.0,0.0,24936.5,1,0.0,0.0,1.0,0.21048346329177348,"Air Charter | Zimbabwe | Cipla, Kurkumbh, India",Air Charter,"Cipla, Kurkumbh, India",0,0.0
Air,Haiti,"MSD Patheon, Canada",2,118296.0,0,1.0,0.0,1143.0700000000002,2,0.0,0.0,1.0,0.009662795022655036,"Air | Haiti | MSD Patheon, Canada",Air,"MSD Patheon, Canada",0,0.0
Air,Guatemala,Mylan (formerly Matrix) Nashik,2,118295.54,1,0.5,1.5,20805.8,1,1.0,0.5,0.5,0.17587983452292455,Air | Guatemala | Mylan (formerly Matrix) Nashik,Air,Mylan (formerly Matrix) Nashik,1,0.5
Truck,South Africa,"BMS Meymac, France",46,118112.65,1,0.9782608695652174,-41.608695652173914,0.0,0,46.0,0.021739130434782608,0.0,0.0,"Truck | South Africa | BMS Meymac, France",Truck,"BMS Meymac, France",1,0.021739130434782608
Air,Uganda,"Janssen-Cilag, Latina, IT",14,117533.14,0,1.0,0.0,5213.29,13,1.0,0.0,0.9285714285714286,0.04435591527632121,"Air | Uganda | Janssen-Cilag, Latina, IT",Air,"Janssen-Cilag, Latina, IT",0,0.0
Air,Mali,"Alere Medical Co., Ltd.",9,116325.0,0,1.0,0.0,20069.55,7,2.0,0.0,0.7777777777777778,0.17252998065764022,"Air | Mali | Alere Medical Co., Ltd.",Air,"Alere Medical Co., Ltd.",0,0.0
Air Charter,Côte d'Ivoire,"Aurobindo Unit III, India",1,116309.06,0,1.0,-79.0,24940.97,1,0.0,0.0,1.0,0.2144370352576145,"Air Charter | Côte d'Ivoire | Aurobindo Unit III, India",Air Charter,"Aurobindo Unit III, India",0,0.0
Air,Zambia,ABBVIE (Abbott) St. P'burg USA,1,115080.0,0,1.0,0.0,0.0,0,1.0,0.0,0.0,0.0,Air | Zambia | ABBVIE (Abbott) St. P'burg USA,Air,ABBVIE (Abbott) St. P'burg USA,0,0.0
Air Charter,Zimbabwe,"Micro labs, Verna, Goa, India",1,114400.0,0,1.0,0.0,46213.4,1,0.0,0.0,1.0,0.40396328671328674,"Air Charter | Zimbabwe | Micro labs, Verna, Goa, India",Air Charter,"Micro labs, Verna, Goa, India",0,0.0
Air,Haiti,"Ranbaxy, Paonta Shahib, India",2,112872.16,0,1.0,-6.0,0.0,0,2.0,0.0,0.0,0.0,"Air | Haiti | Ranbaxy, Paonta Shahib, India",Air,"Ranbaxy, Paonta Shahib, India",0,0.0
Air,"Congo, DRC","Strides, Bangalore, India.",34,111763.57,10,0.7058823529411765,3.411764705882353,7838.41,4,30.0,0.29411764705882354,0.11764705882352941,0.07013385488670414,"Air | Congo, DRC | Strides, Bangalore, India.",Air,"Strides, Bangalore, India.",10,0.29411764705882354
Air,Cameroon,"Strides, Bangalore, India.",2,111603.85,0,1.0,-9.0,22399.53,2,0.0,0.0,1.0,0.20070571042128024,"Air | Cameroon | Strides, Bangalore, India.",Air,"Strides, Bangalore, India.",0,0.0
Air,Haiti,"Orasure Technologies, Inc",3,109200.0,0,1.0,0.0,12235.74,3,0.0,0.0,1.0,0.1120489010989011,"Air | Haiti | Orasure Technologies, Inc",Air,"Orasure Technologies, Inc",0,0.0
未记录,Côte d'Ivoire,Inverness Japan,2,108360.0,0,1.0,0.0,1759.4,1,1.0,0.0,0.5,0.016236618678479146,未记录 | Côte d'Ivoire | Inverness Japan,未记录,Inverness Japan,0,0.0
Air,Benin,"Cipla, Goa, India",2,107622.6,2,0.0,22.0,10829.6,1,1.0,1.0,0.5,0.10062570500991427,"Air | Benin | Cipla, Goa, India",Air,"Cipla, Goa, India",2,1.0
Air,Tanzania,"Emcure Plot No.P-2, I.T-B.T. Park, Phase II, MIDC, Hinjwadi, Pune, India",5,105868.8,0,1.0,-1.4,14877.650000000001,5,0.0,0.0,1.0,0.14052912661709588,"Air | Tanzania | Emcure Plot No.P-2, I.T-B.T. Park, Phase II, MIDC, Hinjwadi, Pune, India",Air,"Emcure Plot No.P-2, I.T-B.T. Park, Phase II, MIDC, Hinjwadi, Pune, India",0,0.0
Air,Dominican Republic,"Cipla, Goa, India",1,105560.0,0,1.0,-47.0,15181.0,1,0.0,0.0,1.0,0.14381394467601363,"Air | Dominican Republic | Cipla, Goa, India",Air,"Cipla, Goa, India",0,0.0
Air,Nigeria,ABBVIE (Abbott) Logis. UK,5,104032.36,0,1.0,0.0,31217.669999999995,5,0.0,0.0,1.0,0.300076533878497,Air | Nigeria | ABBVIE (Abbott) Logis. UK,Air,ABBVIE (Abbott) Logis. UK,0,0.0
Air,Benin,Inverness Japan,2,103392.0,0,1.0,-3.0,6687.51,1,1.0,0.0,0.5,0.0646811165273909,Air | Benin | Inverness Japan,Air,Inverness Japan,0,0.0
Air,Haiti,"Micro Labs, Hosur, India",2,100856.5,0,1.0,0.0,37744.27,1,1.0,0.0,0.5,0.37423735703697825,"Air | Haiti | Micro Labs, Hosur, India",Air,"Micro Labs, Hosur, India",0,0.0
Truck,Rwanda,Ranbaxy per Shasun Pharma,1,100374.12,0,1.0,-7.0,9426.33,1,0.0,0.0,1.0,0.09391195658801293,Truck | Rwanda | Ranbaxy per Shasun Pharma,Truck,Ranbaxy per Shasun Pharma,0,0.0
Air,Malawi,"Alere Medical Co., Ltd.",5,94960.0,0,1.0,0.0,14001.220000000001,5,0.0,0.0,1.0,0.14744334456613312,"Air | Malawi | Alere Medical Co., Ltd.",Air,"Alere Medical Co., Ltd.",0,0.0
Air,Sudan,"Trinity Biotech, Plc",14,92096.0,0,1.0,-0.5714285714285714,13302.98,13,1.0,0.0,0.9285714285714286,0.14444688151494092,"Air | Sudan | Trinity Biotech, Plc",Air,"Trinity Biotech, Plc",0,0.0
Truck,South Africa,GSK Mississauga (Canada),25,90615.42,0,1.0,-19.96,0.0,0,25.0,0.0,0.0,0.0,Truck | South Africa | GSK Mississauga (Canada),Truck,GSK Mississauga (Canada),0,0.0
Air,"Congo, DRC","Cipla, Goa, India",6,90176.9,3,0.5,10.333333333333334,19844.12,3,3.0,0.5,0.5,0.22005768661375585,"Air | Congo, DRC | Cipla, Goa, India",Air,"Cipla, Goa, India",3,0.5
Air,South Africa,GSK Cape Town Factory (South Africa),4,89352.0,0,1.0,-98.5,0.0,0,4.0,0.0,0.0,0.0,Air | South Africa | GSK Cape Town Factory (South Africa),Air,GSK Cape Town Factory (South Africa),0,0.0
未记录,Zambia,Roche Madrid,2,88295.04000000001,0,1.0,0.0,1218.91,1,1.0,0.0,0.5,0.013804965714948427,未记录 | Zambia | Roche Madrid,未记录,Roche Madrid,0,0.0
Truck,Namibia,"Aurobindo Unit III, India",1,86957.24,0,1.0,-15.0,0.0,0,1.0,0.0,0.0,0.0,"Truck | Namibia | Aurobindo Unit III, India",Truck,"Aurobindo Unit III, India",0,0.0
Air,Namibia,Chembio Diagnostics Sys. Inc.,6,84325.0,0,1.0,0.0,6556.160000000001,6,0.0,0.0,1.0,0.07774871034687222,Air | Namibia | Chembio Diagnostics Sys. Inc.,Air,Chembio Diagnostics Sys. Inc.,0,0.0
未记录,Côte d'Ivoire,"Ranbaxy, Paonta Shahib, India",2,83432.40000000001,0,1.0,0.0,4325.55,2,0.0,0.0,1.0,0.051844966703582775,"未记录 | Côte d'Ivoire | Ranbaxy, Paonta Shahib, India",未记录,"Ranbaxy, Paonta Shahib, India",0,0.0
Truck,Ghana,"Strides, Bangalore, India.",1,83236.68,0,1.0,-6.0,0.0,0,1.0,0.0,0.0,0.0,"Truck | Ghana | Strides, Bangalore, India.",Truck,"Strides, Bangalore, India.",0,0.0
Air,Rwanda,ABBVIE (Abbott) Logis. UK,9,82448.58,0,1.0,0.0,27263.489999999998,8,1.0,0.0,0.8888888888888888,0.33067264469563934,Air | Rwanda | ABBVIE (Abbott) Logis. UK,Air,ABBVIE (Abbott) Logis. UK,0,0.0
Air,Zambia,"Emcure Plot No.P-2, I.T-B.T. Park, Phase II, MIDC, Hinjwadi, Pune, India",1,80578.98,0,1.0,0.0,5097.09,1,0.0,0.0,1.0,0.06325582676772529,"Air | Zambia | Emcure Plot No.P-2, I.T-B.T. Park, Phase II, MIDC, Hinjwadi, Pune, India",Air,"Emcure Plot No.P-2, I.T-B.T. Park, Phase II, MIDC, Hinjwadi, Pune, India",0,0.0
Truck,Côte d'Ivoire,"Aurobindo Unit VII, IN",2,80276.0,0,1.0,-67.0,7477.05,2,0.0,0.0,1.0,0.09314178583885595,"Truck | Côte d'Ivoire | Aurobindo Unit VII, IN",Truck,"Aurobindo Unit VII, IN",0,0.0
Air,Lesotho,"Trinity Biotech, Plc",1,80000.0,0,1.0,0.0,0.0,0,1.0,0.0,0.0,0.0,"Air | Lesotho | Trinity Biotech, Plc",Air,"Trinity Biotech, Plc",0,0.0
Air,Kyrgyzstan,Not Applicable,2,79000.0,0,1.0,0.0,0.0,0,2.0,0.0,0.0,0.0,Air | Kyrgyzstan | Not Applicable,Air,Not Applicable,0,0.0
Air,Zimbabwe,bioLytical Laboratories,4,78567.12,0,1.0,0.0,9448.77,2,2.0,0.0,0.5,0.12026366754947873,Air | Zimbabwe | bioLytical Laboratories,Air,bioLytical Laboratories,0,0.0
Air,Côte d'Ivoire,"Ranbaxy, Paonta Shahib, India",2,77621.1,0,1.0,0.0,0.0,0,2.0,0.0,0.0,0.0,"Air | Côte d'Ivoire | Ranbaxy, Paonta Shahib, India",Air,"Ranbaxy, Paonta Shahib, India",0,0.0
Truck,Mozambique,"Cipla, Patalganga, India",2,77429.04000000001,0,1.0,-1.0,186.77,2,0.0,0.0,1.0,0.002412144074109662,"Truck | Mozambique | Cipla, Patalganga, India",Truck,"Cipla, Patalganga, India",0,0.0
Air,Guyana,"Strides, Bangalore, India.",10,75852.76999999999,4,0.6,-20.7,12670.86,4,6.0,0.4,0.4,0.16704544870279625,"Air | Guyana | Strides, Bangalore, India.",Air,"Strides, Bangalore, India.",4,0.4
Air,Rwanda,ABBVIE Ludwigshafen Germany,8,74843.13,0,1.0,0.0,20279.95,8,0.0,0.0,1.0,0.27096608599880845,Air | Rwanda | ABBVIE Ludwigshafen Germany,Air,ABBVIE Ludwigshafen Germany,0,0.0
Air,Rwanda,"Hetero, Jadcherla, unit 5, IN",1,72973.78,0,1.0,-12.0,0.0,0,1.0,0.0,0.0,0.0,"Air | Rwanda | Hetero, Jadcherla, unit 5, IN",Air,"Hetero, Jadcherla, unit 5, IN",0,0.0
Air,Zambia,"BMS Meymac, France",2,72767.0,0,1.0,0.0,0.0,0,2.0,0.0,0.0,0.0,"Air | Zambia | BMS Meymac, France",Air,"BMS Meymac, France",0,0.0
Ocean,Haiti,"Cipla, Kurkumbh, India",2,70590.06,0,1.0,0.0,2251.94,1,1.0,0.0,0.5,0.03190165867545657,"Ocean | Haiti | Cipla, Kurkumbh, India",Ocean,"Cipla, Kurkumbh, India",0,0.0
Air,"Congo, DRC","Micro Labs, Hosur, India",4,70135.0,0,1.0,0.0,18997.3,4,0.0,0.0,1.0,0.270867612461681,"Air | Congo, DRC | Micro Labs, Hosur, India",Air,"Micro Labs, Hosur, India",0,0.0
未记录,Zambia,"Cipla, Patalganga, India",1,68522.17,0,1.0,0.0,0.0,0,1.0,0.0,0.0,0.0,"未记录 | Zambia | Cipla, Patalganga, India",未记录,"Cipla, Patalganga, India",0,0.0
Air,Rwanda,ABBVIE GmbH & Co.KG Wiesbaden,1,68000.0,0,1.0,0.0,4613.67,1,0.0,0.0,1.0,0.06784808823529412,Air | Rwanda | ABBVIE GmbH & Co.KG Wiesbaden,Air,ABBVIE GmbH & Co.KG Wiesbaden,0,0.0
Air,Namibia,Inverness USA,8,67500.0,0,1.0,0.0,8498.45,8,0.0,0.0,1.0,0.12590296296296297,Air | Namibia | Inverness USA,Air,Inverness USA,0,0.0
Truck,Zimbabwe,"Emcure Plot No.P-2, I.T-B.T. Park, Phase II, MIDC, Hinjwadi, Pune, India",2,67274.94,0,1.0,-53.0,0.0,0,2.0,0.0,0.0,0.0,"Truck | Zimbabwe | Emcure Plot No.P-2, I.T-B.T. Park, Phase II, MIDC, Hinjwadi, Pune, India",Truck,"Emcure Plot No.P-2, I.T-B.T. Park, Phase II, MIDC, Hinjwadi, Pune, India",0,0.0
Air,Vietnam,Gilead(Nycomed) Oranienburg DE,3,66300.0,0,1.0,0.0,24536.760000000002,3,0.0,0.0,1.0,0.37008687782805433,Air | Vietnam | Gilead(Nycomed) Oranienburg DE,Air,Gilead(Nycomed) Oranienburg DE,0,0.0
Air,Zambia,MSD Elkton USA,1,64461.24,0,1.0,0.0,0.0,0,1.0,0.0,0.0,0.0,Air | Zambia | MSD Elkton USA,Air,MSD Elkton USA,0,0.0
未记录,Tanzania,MSD South Granville Australia,1,64418.54,0,1.0,0.0,2465.0,1,0.0,0.0,1.0,0.03826538136381234,未记录 | Tanzania | MSD South Granville Australia,未记录,MSD South Granville Australia,0,0.0
Air,Mozambique,MSD Elkton USA,2,64313.28,0,1.0,0.0,8892.48,1,1.0,0.0,0.5,0.13826817727225232,Air | Mozambique | MSD Elkton USA,Air,MSD Elkton USA,0,0.0
Air,Cameroon,"Trinity Biotech, Plc",1,64000.0,0,1.0,0.0,7805.33,1,0.0,0.0,1.0,0.12195828125,"Air | Cameroon | Trinity Biotech, Plc",Air,"Trinity Biotech, Plc",0,0.0
Air,Burundi,"Aurobindo Unit III, India",17,63794.64,11,0.35294117647058826,6.294117647058823,39748.72,11,6.0,0.6470588235294118,0.6470588235294118,0.6230730356029911,"Air | Burundi | Aurobindo Unit III, India",Air,"Aurobindo Unit III, India",11,0.6470588235294118
Air,Rwanda,"Cipla, Kurkumbh, India",1,63665.68,0,1.0,-1.0,0.0,0,1.0,0.0,0.0,0.0,"Air | Rwanda | Cipla, Kurkumbh, India",Air,"Cipla, Kurkumbh, India",0,0.0
Air,Rwanda,Bristol-Myers Squibb Anagni IT,2,62798.52,0,1.0,0.0,1830.9499999999998,2,0.0,0.0,1.0,0.029155941891624196,Air | Rwanda | Bristol-Myers Squibb Anagni IT,Air,Bristol-Myers Squibb Anagni IT,0,0.0
未记录,Côte d'Ivoire,ABBVIE (Abbott) France,3,62526.8,0,1.0,0.0,14174.3,3,0.0,0.0,1.0,0.22669159464421654,未记录 | Côte d'Ivoire | ABBVIE (Abbott) France,未记录,ABBVIE (Abbott) France,0,0.0
Air,Cameroon,"Hetero, Jadcherla, unit 5, IN",1,62191.8,0,1.0,0.0,15773.2,1,0.0,0.0,1.0,0.25362186011660703,"Air | Cameroon | Hetero, Jadcherla, unit 5, IN",Air,"Hetero, Jadcherla, unit 5, IN",0,0.0
Air,Swaziland,"Trinity Biotech, Plc",5,61760.0,0,1.0,0.0,7220.17,4,1.0,0.0,0.8,0.11690689766839378,"Air | Swaziland | Trinity Biotech, Plc",Air,"Trinity Biotech, Plc",0,0.0
Air,Dominican Republic,"BMS Evansville, US",1,61512.12,0,1.0,0.0,0.0,0,1.0,0.0,0.0,0.0,"Air | Dominican Republic | BMS Evansville, US",Air,"BMS Evansville, US",0,0.0
Air,Rwanda,Roche Madrid,3,61367.76,0,1.0,0.0,26254.89,3,0.0,0.0,1.0,0.4278287165769127,Air | Rwanda | Roche Madrid,Air,Roche Madrid,0,0.0
Air,Dominican Republic,Hetero Unit III Hyderabad IN,5,61337.880000000005,2,0.6,-6.4,26327.82,2,3.0,0.4,0.4,0.4292261160640048,Air | Dominican Republic | Hetero Unit III Hyderabad IN,Air,Hetero Unit III Hyderabad IN,2,0.4
Air,Uganda,Inverness Japan,2,61200.0,0,1.0,0.0,3002.45,2,0.0,0.0,1.0,0.049059640522875814,Air | Uganda | Inverness Japan,Air,Inverness Japan,0,0.0
Air,Côte d'Ivoire,Ipca Dadra/Nagar Haveli IN,4,60750.0,0,1.0,0.0,21361.2,2,2.0,0.0,0.5,0.3516246913580247,Air | Côte d'Ivoire | Ipca Dadra/Nagar Haveli IN,Air,Ipca Dadra/Nagar Haveli IN,0,0.0
未记录,Nigeria,ABBVIE (Abbott) Japan Co. Ltd.,1,60000.0,0,1.0,0.0,0.0,0,1.0,0.0,0.0,0.0,未记录 | Nigeria | ABBVIE (Abbott) Japan Co. Ltd.,未记录,ABBVIE (Abbott) Japan Co. Ltd.,0,0.0
Air,Libya,Mylan (formerly Matrix) Nashik,3,58736.5,0,1.0,-19.333333333333332,3062.18,1,2.0,0.0,0.3333333333333333,0.05213419253785976,Air | Libya | Mylan (formerly Matrix) Nashik,Air,Mylan (formerly Matrix) Nashik,0,0.0
Air,Vietnam,"BMS Meymac, France",17,58475.0,0,1.0,0.0,23228.41,11,6.0,0.0,0.6470588235294118,0.3972365968362548,"Air | Vietnam | BMS Meymac, France",Air,"BMS Meymac, France",0,0.0
Air,Sudan,"Alere Medical Co., Ltd.",16,58374.0,0,1.0,0.0,19030.77,16,0.0,0.0,1.0,0.3260144927536232,"Air | Sudan | Alere Medical Co., Ltd.",Air,"Alere Medical Co., Ltd.",0,0.0
Air,Nigeria,Bio-Rad Laboratories,3,57750.29,1,0.6666666666666666,5.0,7592.75,2,1.0,0.3333333333333333,0.6666666666666666,0.13147553025274852,Air | Nigeria | Bio-Rad Laboratories,Air,Bio-Rad Laboratories,1,0.3333333333333333
Truck,Dominican Republic,ABBVIE (Abbott) St. P'burg USA,3,57600.0,0,1.0,0.0,666.66,1,2.0,0.0,0.3333333333333333,0.011573958333333332,Truck | Dominican Republic | ABBVIE (Abbott) St. P'burg USA,Truck,ABBVIE (Abbott) St. P'burg USA,0,0.0
Truck,Uganda,"Cipla, Patalganga, India",1,57180.2,0,1.0,-6.0,8402.24,1,0.0,0.0,1.0,0.14694317263668194,"Truck | Uganda | Cipla, Patalganga, India",Truck,"Cipla, Patalganga, India",0,0.0
Air,Mozambique,ABBVIE (Abbott) Logis. UK,11,56795.979999999996,0,1.0,-0.2727272727272727,3242.13,3,8.0,0.0,0.2727272727272727,0.05708379360651934,Air | Mozambique | ABBVIE (Abbott) Logis. UK,Air,ABBVIE (Abbott) Logis. UK,0,0.0
Air,Liberia,"Alere Medical Co., Ltd.",1,55600.0,0,1.0,0.0,8738.06,1,0.0,0.0,1.0,0.1571593525179856,"Air | Liberia | Alere Medical Co., Ltd.",Air,"Alere Medical Co., Ltd.",0,0.0
未记录,South Africa,ABBVIE (Abbott) Logis. UK,6,54980.61,0,1.0,-11.333333333333334,0.0,0,6.0,0.0,0.0,0.0,未记录 | South Africa | ABBVIE (Abbott) Logis. UK,未记录,ABBVIE (Abbott) Logis. UK,0,0.0
Air,"Congo, DRC","Guilin OSD site, No 17, China",2,53565.0,0,1.0,0.0,12783.51,2,0.0,0.0,1.0,0.23865415849901989,"Air | Congo, DRC | Guilin OSD site, No 17, China",Air,"Guilin OSD site, No 17, China",0,0.0
Air,Cameroon,ABBVIE Ludwigshafen Germany,1,52272.0,0,1.0,0.0,10334.23,1,0.0,0.0,1.0,0.19770106366697274,Air | Cameroon | ABBVIE Ludwigshafen Germany,Air,ABBVIE Ludwigshafen Germany,0,0.0
Air,Nigeria,BUNDI INTERNATIONAL DIAGNOSTICS LTD,1,51337.5,0,1.0,0.0,0.0,0,1.0,0.0,0.0,0.0,Air | Nigeria | BUNDI INTERNATIONAL DIAGNOSTICS LTD,Air,BUNDI INTERNATIONAL DIAGNOSTICS LTD,0,0.0
Air,Côte d'Ivoire,Gilead(Nycomed) Oranienburg DE,1,50813.0,0,1.0,0.0,2056.98,1,0.0,0.0,1.0,0.04048137287701966,Air | Côte d'Ivoire | Gilead(Nycomed) Oranienburg DE,Air,Gilead(Nycomed) Oranienburg DE,0,0.0
Air,Haiti,"Access BIO, L.C.",1,50520.6,0,1.0,0.0,5642.36,1,0.0,0.0,1.0,0.11168434262459273,"Air | Haiti | Access BIO, L.C.",Air,"Access BIO, L.C.",0,0.0
Air,Namibia,Mylan (formerly Matrix) Nashik,1,50000.0,0,1.0,0.0,2317.2,1,0.0,0.0,1.0,0.046343999999999996,Air | Namibia | Mylan (formerly Matrix) Nashik,Air,Mylan (formerly Matrix) Nashik,0,0.0
Air,Guatemala,"Aurobindo Unit III, India",4,48916.65,0,1.0,-7.0,16252.95,1,3.0,0.0,0.25,0.3322580348408977,"Air | Guatemala | Aurobindo Unit III, India",Air,"Aurobindo Unit III, India",0,0.0
未记录,Nigeria,"Cipla, Goa, India",5,48725.7,0,1.0,0.0,11160.68,3,2.0,0.0,0.6,0.2290511988539929,"未记录 | Nigeria | Cipla, Goa, India",未记录,"Cipla, Goa, India",0,0.0
Air,Botswana,"Pacific Biotech, Thailand",11,47600.0,1,0.9090909090909091,2.5454545454545454,10162.77,10,1.0,0.09090909090909091,0.9090909090909091,0.21350357142857143,"Air | Botswana | Pacific Biotech, Thailand",Air,"Pacific Biotech, Thailand",1,0.09090909090909091
未记录,Ethiopia,"Trinity Biotech, Plc",3,47599.25,0,1.0,0.0,2129.46,1,2.0,0.0,0.3333333333333333,0.044737259515643626,"未记录 | Ethiopia | Trinity Biotech, Plc",未记录,"Trinity Biotech, Plc",0,0.0
Air,Vietnam,"Emcure Plot No.P-2, I.T-B.T. Park, Phase II, MIDC, Hinjwadi, Pune, India",2,46000.0,0,1.0,0.0,3951.59,2,0.0,0.0,1.0,0.08590413043478261,"Air | Vietnam | Emcure Plot No.P-2, I.T-B.T. Park, Phase II, MIDC, Hinjwadi, Pune, India",Air,"Emcure Plot No.P-2, I.T-B.T. Park, Phase II, MIDC, Hinjwadi, Pune, India",0,0.0
Truck,South Africa,GSK Aranda,7,45204.96,1,0.8571428571428571,-53.714285714285715,0.0,0,7.0,0.14285714285714285,0.0,0.0,Truck | South Africa | GSK Aranda,Truck,GSK Aranda,1,0.14285714285714285
Air,Swaziland,"Alere Medical Co., Ltd.",6,45145.0,0,1.0,0.0,5775.4,4,2.0,0.0,0.6666666666666666,0.12793000332262708,"Air | Swaziland | Alere Medical Co., Ltd.",Air,"Alere Medical Co., Ltd.",0,0.0
Air,Ghana,"Mylan,  H-12 & H-13, India",2,44894.399999999994,0,1.0,0.0,12580.0,1,1.0,0.0,0.5,0.2802131223493354,"Air | Ghana | Mylan,  H-12 & H-13, India",Air,"Mylan,  H-12 & H-13, India",0,0.0
Air,Guatemala,Roche Madrid,1,44639.99,0,1.0,0.0,660.3,1,0.0,0.0,1.0,0.014791669980212809,Air | Guatemala | Roche Madrid,Air,Roche Madrid,0,0.0
Air,Haiti,ABBVIE (Abbott) Logis. UK,9,44496.4,0,1.0,0.0,19468.31,8,1.0,0.0,0.8888888888888888,0.4375255076815203,Air | Haiti | ABBVIE (Abbott) Logis. UK,Air,ABBVIE (Abbott) Logis. UK,0,0.0
Air,Uganda,"Cipla, Patalganga, India",1,44250.96,1,0.0,1.0,2786.61,1,0.0,1.0,1.0,0.06297287109703383,"Air | Uganda | Cipla, Patalganga, India",Air,"Cipla, Patalganga, India",1,1.0
Air,Burundi,"Cipla, Goa, India",3,43948.63,2,0.3333333333333333,-22.0,3810.39,1,2.0,0.6666666666666666,0.3333333333333333,0.0867009961402665,"Air | Burundi | Cipla, Goa, India",Air,"Cipla, Goa, India",2,0.6666666666666666
Air,Haiti,"Janssen-Cilag, Latina, IT",3,43434.0,0,1.0,0.0,2067.01,2,1.0,0.0,0.6666666666666666,0.0475896762904637,"Air | Haiti | Janssen-Cilag, Latina, IT",Air,"Janssen-Cilag, Latina, IT",0,0.0
未记录,Haiti,ABBVIE GmbH & Co.KG Wiesbaden,1,43200.0,0,1.0,0.0,1732.74,1,0.0,0.0,1.0,0.04010972222222222,未记录 | Haiti | ABBVIE GmbH & Co.KG Wiesbaden,未记录,ABBVIE GmbH & Co.KG Wiesbaden,0,0.0
Air,Ethiopia,ABBVIE (Abbott) Logis. UK,2,43117.18,0,1.0,0.0,11613.89,2,0.0,0.0,1.0,0.26935643750356586,Air | Ethiopia | ABBVIE (Abbott) Logis. UK,Air,ABBVIE (Abbott) Logis. UK,0,0.0
未记录,South Africa,"MSD Midrand, J'burg, SA",5,42909.0,0,1.0,-10.2,0.0,0,5.0,0.0,0.0,0.0,"未记录 | South Africa | MSD Midrand, J'burg, SA",未记录,"MSD Midrand, J'burg, SA",0,0.0
Air,Dominican Republic,"Trinity Biotech, Plc",3,42400.0,0,1.0,0.0,3250.43,3,0.0,0.0,1.0,0.07666108490566037,"Air | Dominican Republic | Trinity Biotech, Plc",Air,"Trinity Biotech, Plc",0,0.0
Air,Zambia,"Standard Diagnostics, Korea",6,41820.0,0,1.0,0.0,7068.04,6,0.0,0.0,1.0,0.16901099952175994,"Air | Zambia | Standard Diagnostics, Korea",Air,"Standard Diagnostics, Korea",0,0.0
未记录,Tanzania,"Trinity Biotech, Plc",1,41700.0,0,1.0,0.0,2102.0,1,0.0,0.0,1.0,0.05040767386091127,"未记录 | Tanzania | Trinity Biotech, Plc",未记录,"Trinity Biotech, Plc",0,0.0
Air,Liberia,Inverness Japan,1,41600.0,0,1.0,0.0,8678.71,1,0.0,0.0,1.0,0.20862283653846153,Air | Liberia | Inverness Japan,Air,Inverness Japan,0,0.0
Air,Guatemala,Roche Basel,1,41553.18,0,1.0,0.0,566.56,1,0.0,0.0,1.0,0.013634576222565876,Air | Guatemala | Roche Basel,Air,Roche Basel,0,0.0
Air,South Sudan,"Strides, Bangalore, India.",7,41142.0,3,0.5714285714285714,3.0,0.0,0,7.0,0.42857142857142855,0.0,0.0,"Air | South Sudan | Strides, Bangalore, India.",Air,"Strides, Bangalore, India.",3,0.42857142857142855
Truck,Vietnam,Gilead(Nycomed) Oranienburg DE,1,40717.92,0,1.0,-26.0,1401.49,1,0.0,0.0,1.0,0.03441948901122651,Truck | Vietnam | Gilead(Nycomed) Oranienburg DE,Truck,Gilead(Nycomed) Oranienburg DE,0,0.0
Air,Mozambique,"Ranbaxy, Paonta Shahib, India",2,40482.24,0,1.0,0.0,1515.6,2,0.0,0.0,1.0,0.03743863975906472,"Air | Mozambique | Ranbaxy, Paonta Shahib, India",Air,"Ranbaxy, Paonta Shahib, India",0,0.0
未记录,Uganda,"Aurobindo Unit III, India",2,40213.5,0,1.0,0.0,739.0,1,1.0,0.0,0.5,0.01837691322565805,"未记录 | Uganda | Aurobindo Unit III, India",未记录,"Aurobindo Unit III, India",0,0.0
Air Charter,Nigeria,"MSD, Haarlem, NL",2,40000.0,0,1.0,0.0,7329.83,1,1.0,0.0,0.5,0.18324574999999999,"Air Charter | Nigeria | MSD, Haarlem, NL",Air Charter,"MSD, Haarlem, NL",0,0.0
Air,Botswana,"KHB Test Kit Facility, Shanghai China",2,39660.0,0,1.0,0.0,9029.12,2,0.0,0.0,1.0,0.22766313666162383,"Air | Botswana | KHB Test Kit Facility, Shanghai China",Air,"KHB Test Kit Facility, Shanghai China",0,0.0
Air,South Africa,"MSD Midrand, J'burg, SA",7,39327.9,0,1.0,-104.85714285714286,4230.75,1,6.0,0.0,0.14285714285714285,0.10757630079409274,"Air | South Africa | MSD Midrand, J'burg, SA",Air,"MSD Midrand, J'burg, SA",0,0.0
Air,Ethiopia,Gilead(Nycomed) Oranienburg DE,3,39270.0,0,1.0,0.0,1899.25,3,0.0,0.0,1.0,0.04836389101094984,Air | Ethiopia | Gilead(Nycomed) Oranienburg DE,Air,Gilead(Nycomed) Oranienburg DE,0,0.0
Air,Mozambique,"MSD Manati, Puerto Rico, (USA)",5,38462.22,0,1.0,0.0,1027.69,2,3.0,0.0,0.4,0.02671946653105307,"Air | Mozambique | MSD Manati, Puerto Rico, (USA)",Air,"MSD Manati, Puerto Rico, (USA)",0,0.0
Air,Dominican Republic,"Emcure Plot No.P-2, I.T-B.T. Park, Phase II, MIDC, Hinjwadi, Pune, India",1,38040.0,0,1.0,0.0,1965.62,1,0.0,0.0,1.0,0.05167245005257623,"Air | Dominican Republic | Emcure Plot No.P-2, I.T-B.T. Park, Phase II, MIDC, Hinjwadi, Pune, India",Air,"Emcure Plot No.P-2, I.T-B.T. Park, Phase II, MIDC, Hinjwadi, Pune, India",0,0.0
未记录,Côte d'Ivoire,Roche Madrid,1,37453.2,0,1.0,0.0,0.0,0,1.0,0.0,0.0,0.0,未记录 | Côte d'Ivoire | Roche Madrid,未记录,Roche Madrid,0,0.0
Air,Swaziland,Inverness Japan,2,37360.0,0,1.0,0.0,4504.46,1,1.0,0.0,0.5,0.12056905781584583,Air | Swaziland | Inverness Japan,Air,Inverness Japan,0,0.0
未记录,Côte d'Ivoire,"MSD, Haarlem, NL",4,37260.86,0,1.0,0.0,3485.0,2,2.0,0.0,0.5,0.09352977896913812,"未记录 | Côte d'Ivoire | MSD, Haarlem, NL",未记录,"MSD, Haarlem, NL",0,0.0
Air,Cameroon,"Pacific Biotech, Thailand",4,36750.0,0,1.0,0.0,4788.58,3,1.0,0.0,0.75,0.13030149659863946,"Air | Cameroon | Pacific Biotech, Thailand",Air,"Pacific Biotech, Thailand",0,0.0
Air,Vietnam,ABBVIE (Abbott) St. P'burg USA,1,35802.36,0,1.0,0.0,7286.16,1,0.0,0.0,1.0,0.2035106065633662,Air | Vietnam | ABBVIE (Abbott) St. P'burg USA,Air,ABBVIE (Abbott) St. P'burg USA,0,0.0
Air,Benin,"Strides, Bangalore, India.",1,35343.31,0,1.0,-4.0,0.0,0,1.0,0.0,0.0,0.0,"Air | Benin | Strides, Bangalore, India.",Air,"Strides, Bangalore, India.",0,0.0
未记录,Nigeria,"Aurobindo Unit III, India",13,35236.9,0,1.0,0.0,13805.24,4,9.0,0.0,0.3076923076923077,0.39178361320093424,"未记录 | Nigeria | Aurobindo Unit III, India",未记录,"Aurobindo Unit III, India",0,0.0
Air,Guyana,ABBVIE GmbH & Co.KG Wiesbaden,2,35200.0,0,1.0,0.0,6813.54,2,0.0,0.0,1.0,0.19356647727272727,Air | Guyana | ABBVIE GmbH & Co.KG Wiesbaden,Air,ABBVIE GmbH & Co.KG Wiesbaden,0,0.0
Air,Kazakhstan,"Pacific Biotech, Thailand",2,35000.0,0,1.0,0.0,0.0,0,2.0,0.0,0.0,0.0,"Air | Kazakhstan | Pacific Biotech, Thailand",Air,"Pacific Biotech, Thailand",0,0.0
Air,Mozambique,"Janssen-Cilag, Latina, IT",5,34326.0,0,1.0,0.0,277.4,1,4.0,0.0,0.2,0.008081337761463614,"Air | Mozambique | Janssen-Cilag, Latina, IT",Air,"Janssen-Cilag, Latina, IT",0,0.0
未记录,Uganda,"Cipla, Goa, India",3,34027.2,0,1.0,0.0,4520.51,3,0.0,0.0,1.0,0.1328498965533456,"未记录 | Uganda | Cipla, Goa, India",未记录,"Cipla, Goa, India",0,0.0
未记录,Côte d'Ivoire,Gilead(Nycomed) Oranienburg DE,4,33813.0,0,1.0,0.0,5534.0,3,1.0,0.0,0.75,0.16366486262680036,未记录 | Côte d'Ivoire | Gilead(Nycomed) Oranienburg DE,未记录,Gilead(Nycomed) Oranienburg DE,0,0.0
Air,Swaziland,"Strides, Bangalore, India.",1,33599.34,0,1.0,0.0,3787.65,1,0.0,0.0,1.0,0.11272989290861071,"Air | Swaziland | Strides, Bangalore, India.",Air,"Strides, Bangalore, India.",0,0.0
未记录,South Africa,GSK Aranda,3,33523.0,0,1.0,-5.666666666666667,0.0,0,3.0,0.0,0.0,0.0,未记录 | South Africa | GSK Aranda,未记录,GSK Aranda,0,0.0
Air,Côte d'Ivoire,"Aurobindo Unit VII, IN",1,33511.0,0,1.0,-37.0,2431.39,1,0.0,0.0,1.0,0.0725549819462266,"Air | Côte d'Ivoire | Aurobindo Unit VII, IN",Air,"Aurobindo Unit VII, IN",0,0.0
Air,Burundi,"Aurobindo Unit VII, IN",1,33210.0,0,1.0,0.0,4373.84,1,0.0,0.0,1.0,0.1317024992472147,"Air | Burundi | Aurobindo Unit VII, IN",Air,"Aurobindo Unit VII, IN",0,0.0
Truck,South Africa,"MSD, Haarlem, NL",20,33036.33,0,1.0,0.0,0.0,0,20.0,0.0,0.0,0.0,"Truck | South Africa | MSD, Haarlem, NL",Truck,"MSD, Haarlem, NL",0,0.0
Ocean,Zambia,"Aurobindo Unit III, India",2,32904.3,0,1.0,-37.5,9522.31,2,0.0,0.0,1.0,0.28939409134976274,"Ocean | Zambia | Aurobindo Unit III, India",Ocean,"Aurobindo Unit III, India",0,0.0
Truck,Botswana,"Trinity Biotech, Plc",1,32000.0,0,1.0,0.0,0.0,0,1.0,0.0,0.0,0.0,"Truck | Botswana | Trinity Biotech, Plc",Truck,"Trinity Biotech, Plc",0,0.0
Air Charter,Côte d'Ivoire,"Emcure Plot No.P-2, I.T-B.T. Park, Phase II, MIDC, Hinjwadi, Pune, India",1,31881.6,0,1.0,0.0,1854.88,1,0.0,0.0,1.0,0.05818026698785507,"Air Charter | Côte d'Ivoire | Emcure Plot No.P-2, I.T-B.T. Park, Phase II, MIDC, Hinjwadi, Pune, India",Air Charter,"Emcure Plot No.P-2, I.T-B.T. Park, Phase II, MIDC, Hinjwadi, Pune, India",0,0.0
未记录,South Africa,"BMS Meymac, France",13,30865.38,1,0.9230769230769231,-30.615384615384617,0.0,0,13.0,0.07692307692307693,0.0,0.0,"未记录 | South Africa | BMS Meymac, France",未记录,"BMS Meymac, France",1,0.07692307692307693
Truck,South Africa,"Janssen-Cilag, Latina, IT",32,30782.55,0,1.0,0.0,0.0,0,32.0,0.0,0.0,0.0,"Truck | South Africa | Janssen-Cilag, Latina, IT",Truck,"Janssen-Cilag, Latina, IT",0,0.0
Air,Sierra Leone,"Standard Diagnostics, Korea",1,30750.0,0,1.0,0.0,0.0,0,1.0,0.0,0.0,0.0,"Air | Sierra Leone | Standard Diagnostics, Korea",Air,"Standard Diagnostics, Korea",0,0.0
Truck,Zambia,ABBVIE (Abbott) Logis. UK,1,30660.6,0,1.0,0.0,0.0,0,1.0,0.0,0.0,0.0,Truck | Zambia | ABBVIE (Abbott) Logis. UK,Truck,ABBVIE (Abbott) Logis. UK,0,0.0
Air,Togo,Hetero Unit III Hyderabad IN,2,30574.2,1,0.5,12.0,3710.65,1,1.0,0.5,0.5,0.12136539958527125,Air | Togo | Hetero Unit III Hyderabad IN,Air,Hetero Unit III Hyderabad IN,1,0.5
Air,Libya,Hetero Unit III Hyderabad IN,1,29245.32,0,1.0,0.0,0.0,0,1.0,0.0,0.0,0.0,Air | Libya | Hetero Unit III Hyderabad IN,Air,Hetero Unit III Hyderabad IN,0,0.0
Air,Sierra Leone,"Trinity Biotech, Plc",2,28800.0,0,1.0,0.0,7795.0,1,1.0,0.0,0.5,0.27065972222222223,"Air | Sierra Leone | Trinity Biotech, Plc",Air,"Trinity Biotech, Plc",0,0.0
Air,Haiti,"Cipla, Patalganga, India",4,28691.8,0,1.0,0.0,4532.74,4,0.0,0.0,1.0,0.15798032887445193,"Air | Haiti | Cipla, Patalganga, India",Air,"Cipla, Patalganga, India",0,0.0
Truck,Côte d'Ivoire,"Mylan,  H-12 & H-13, India",1,28544.56,1,0.0,12.0,5942.68,1,0.0,1.0,1.0,0.20818958148242608,"Truck | Côte d'Ivoire | Mylan,  H-12 & H-13, India",Truck,"Mylan,  H-12 & H-13, India",1,1.0
Air,Uganda,Roche Basel,2,28487.260000000002,0,1.0,0.0,1658.5099999999998,2,0.0,0.0,1.0,0.05821935840793392,Air | Uganda | Roche Basel,Air,Roche Basel,0,0.0
未记录,Côte d'Ivoire,GSK Ware (UK),1,28000.0,0,1.0,0.0,6889.0,1,0.0,0.0,1.0,0.24603571428571427,未记录 | Côte d'Ivoire | GSK Ware (UK),未记录,GSK Ware (UK),0,0.0
Air,Haiti,"Medopharm Malur Factory, INDIA",1,27750.0,0,1.0,0.0,0.0,0,1.0,0.0,0.0,0.0,"Air | Haiti | Medopharm Malur Factory, INDIA",Air,"Medopharm Malur Factory, INDIA",0,0.0
Air,Rwanda,"Aspen-OSD, Port Elizabeth, SA",2,27353.84,0,1.0,0.0,7922.24,1,1.0,0.0,0.5,0.2896207625693504,"Air | Rwanda | Aspen-OSD, Port Elizabeth, SA",Air,"Aspen-OSD, Port Elizabeth, SA",0,0.0
未记录,Zambia,GSK Crawley,1,27279.2,0,1.0,0.0,1007.34,1,0.0,0.0,1.0,0.03692703598345993,未记录 | Zambia | GSK Crawley,未记录,GSK Crawley,0,0.0
Air Charter,Cameroon,"Aurobindo Unit VII, IN",1,27260.0,0,1.0,-8.0,0.0,0,1.0,0.0,0.0,0.0,"Air Charter | Cameroon | Aurobindo Unit VII, IN",Air Charter,"Aurobindo Unit VII, IN",0,0.0
Truck,Uganda,"Mylan,  H-12 & H-13, India",2,27250.559999999998,0,1.0,-20.0,0.0,0,2.0,0.0,0.0,0.0,"Truck | Uganda | Mylan,  H-12 & H-13, India",Truck,"Mylan,  H-12 & H-13, India",0,0.0
Air,Ethiopia,"MSD Manati, Puerto Rico, (USA)",1,27072.0,0,1.0,0.0,1722.0,1,0.0,0.0,1.0,0.06360815602836879,"Air | Ethiopia | MSD Manati, Puerto Rico, (USA)",Air,"MSD Manati, Puerto Rico, (USA)",0,0.0
Truck,South Africa,"Cipla, Patalganga, India",4,26577.97,0,1.0,0.0,0.0,0,4.0,0.0,0.0,0.0,"Truck | South Africa | Cipla, Patalganga, India",Truck,"Cipla, Patalganga, India",0,0.0
Air,Zimbabwe,"BMS Meymac, France",3,26115.0,0,1.0,0.0,0.0,0,3.0,0.0,0.0,0.0,"Air | Zimbabwe | BMS Meymac, France",Air,"BMS Meymac, France",0,0.0
Air,Libya,"Strides, Bangalore, India.",1,26067.97,0,1.0,-15.0,3062.18,1,0.0,0.0,1.0,0.11746906260825064,"Air | Libya | Strides, Bangalore, India.",Air,"Strides, Bangalore, India.",0,0.0
Air,Guyana,Cipla Ltd A-42 MIDC Mahar. IN,1,25567.0,0,1.0,0.0,1703.62,1,0.0,0.0,1.0,0.06663355106191575,Air | Guyana | Cipla Ltd A-42 MIDC Mahar. IN,Air,Cipla Ltd A-42 MIDC Mahar. IN,0,0.0
未记录,Tanzania,"Cipla, Goa, India",1,25395.0,0,1.0,0.0,2554.39,1,0.0,0.0,1.0,0.1005863358928923,"未记录 | Tanzania | Cipla, Goa, India",未记录,"Cipla, Goa, India",0,0.0
Air,Rwanda,"Ranbaxy, Paonta Shahib, India",3,25126.38,0,1.0,0.0,5079.75,2,1.0,0.0,0.6666666666666666,0.20216800032475826,"Air | Rwanda | Ranbaxy, Paonta Shahib, India",Air,"Ranbaxy, Paonta Shahib, India",0,0.0
Air,Mali,Chembio Diagnostics Sys. Inc.,3,24795.0,0,1.0,0.0,4558.139999999999,3,0.0,0.0,1.0,0.18383303085299454,Air | Mali | Chembio Diagnostics Sys. Inc.,Air,Chembio Diagnostics Sys. Inc.,0,0.0
Air,South Africa,"Aspen-OSD, Port Elizabeth, SA",5,24203.6,0,1.0,-85.2,0.0,0,5.0,0.0,0.0,0.0,"Air | South Africa | Aspen-OSD, Port Elizabeth, SA",Air,"Aspen-OSD, Port Elizabeth, SA",0,0.0
Air,Tanzania,ABBVIE GmbH & Co.KG Wiesbaden,1,24160.0,0,1.0,0.0,1266.39,1,0.0,0.0,1.0,0.052416804635761594,Air | Tanzania | ABBVIE GmbH & Co.KG Wiesbaden,Air,ABBVIE GmbH & Co.KG Wiesbaden,0,0.0
未记录,South Africa,GSK Cape Town Factory (South Africa),2,24125.0,0,1.0,-8.5,0.0,0,2.0,0.0,0.0,0.0,未记录 | South Africa | GSK Cape Town Factory (South Africa),未记录,GSK Cape Town Factory (South Africa),0,0.0
未记录,Namibia,ABBVIE GmbH & Co.KG Wiesbaden,1,24000.0,0,1.0,0.0,0.0,0,1.0,0.0,0.0,0.0,未记录 | Namibia | ABBVIE GmbH & Co.KG Wiesbaden,未记录,ABBVIE GmbH & Co.KG Wiesbaden,0,0.0
Air,Zimbabwe,"Micro labs, Verna, Goa, India",1,23386.22,0,1.0,0.0,5697.64,1,0.0,0.0,1.0,0.24363236127942012,"Air | Zimbabwe | Micro labs, Verna, Goa, India",Air,"Micro labs, Verna, Goa, India",0,0.0
Air,Guatemala,Bristol-Myers Squibb Anagni IT,2,22576.18,0,1.0,0.0,0.0,0,2.0,0.0,0.0,0.0,Air | Guatemala | Bristol-Myers Squibb Anagni IT,Air,Bristol-Myers Squibb Anagni IT,0,0.0
Air,Haiti,ABBVIE (Abbott) Japan Co. Ltd.,1,22500.0,0,1.0,0.0,0.0,0,1.0,0.0,0.0,0.0,Air | Haiti | ABBVIE (Abbott) Japan Co. Ltd.,Air,ABBVIE (Abbott) Japan Co. Ltd.,0,0.0
未记录,Nigeria,Not Applicable,1,22500.0,0,1.0,0.0,0.0,0,1.0,0.0,0.0,0.0,未记录 | Nigeria | Not Applicable,未记录,Not Applicable,0,0.0
Air,Côte d'Ivoire,"Pacific Biotech, Thailand",2,22400.0,0,1.0,0.0,4044.12,2,0.0,0.0,1.0,0.18054107142857143,"Air | Côte d'Ivoire | Pacific Biotech, Thailand",Air,"Pacific Biotech, Thailand",0,0.0
Air,Guyana,ABBVIE (Abbott) Logis. UK,8,22168.5,0,1.0,0.0,8831.05,8,0.0,0.0,1.0,0.3983602859913841,Air | Guyana | ABBVIE (Abbott) Logis. UK,Air,ABBVIE (Abbott) Logis. UK,0,0.0
Air,Haiti,Not Applicable,3,21615.0,0,1.0,0.0,1604.3000000000002,2,1.0,0.0,0.6666666666666666,0.07422160536664354,Air | Haiti | Not Applicable,Air,Not Applicable,0,0.0
未记录,Zimbabwe,"Ranbaxy, Paonta Shahib, India",4,21538.08,0,1.0,0.0,1530.08,2,2.0,0.0,0.5,0.07104068700645554,"未记录 | Zimbabwe | Ranbaxy, Paonta Shahib, India",未记录,"Ranbaxy, Paonta Shahib, India",0,0.0
Air,Guatemala,"BMS Meymac, France",2,21362.04,0,1.0,0.0,0.0,0,2.0,0.0,0.0,0.0,"Air | Guatemala | BMS Meymac, France",Air,"BMS Meymac, France",0,0.0
Air,Swaziland,Hetero Unit III Hyderabad IN,1,21354.66,0,1.0,-55.0,0.0,0,1.0,0.0,0.0,0.0,Air | Swaziland | Hetero Unit III Hyderabad IN,Air,Hetero Unit III Hyderabad IN,0,0.0
Air,Uganda,"Ranbaxy, Paonta Shahib, India",1,21269.15,0,1.0,0.0,2623.49,1,0.0,0.0,1.0,0.12334719535101307,"Air | Uganda | Ranbaxy, Paonta Shahib, India",Air,"Ranbaxy, Paonta Shahib, India",0,0.0
Air Charter,Nigeria,"Micro labs, Verna, Goa, India",1,21141.12,0,1.0,-1.0,898.0,1,0.0,0.0,1.0,0.04247646293100839,"Air Charter | Nigeria | Micro labs, Verna, Goa, India",Air Charter,"Micro labs, Verna, Goa, India",0,0.0
Air,Benin,ABBVIE Ludwigshafen Germany,1,20615.14,1,0.0,17.0,6477.67,1,0.0,1.0,1.0,0.31421906424113544,Air | Benin | ABBVIE Ludwigshafen Germany,Air,ABBVIE Ludwigshafen Germany,1,1.0
Air,Uganda,Gilead(Nycomed) Oranienburg DE,3,20081.25,0,1.0,0.0,7896.0,2,1.0,0.0,0.6666666666666666,0.393202614379085,Air | Uganda | Gilead(Nycomed) Oranienburg DE,Air,Gilead(Nycomed) Oranienburg DE,0,0.0
Air,Rwanda,"Mylan,  H-12 & H-13, India",3,19951.95,0,1.0,-19.333333333333332,1061.37,1,2.0,0.0,0.3333333333333333,0.05319630412064985,"Air | Rwanda | Mylan,  H-12 & H-13, India",Air,"Mylan,  H-12 & H-13, India",0,0.0
Air,Zambia,"Mylan,  H-12 & H-13, India",1,19900.0,0,1.0,0.0,4316.34,1,0.0,0.0,1.0,0.21690150753768844,"Air | Zambia | Mylan,  H-12 & H-13, India",Air,"Mylan,  H-12 & H-13, India",0,0.0
Air,Zimbabwe,Bristol-Myers Squibb Anagni IT,4,19852.0,0,1.0,0.0,10602.630000000001,4,0.0,0.0,1.0,0.5340837195244812,Air | Zimbabwe | Bristol-Myers Squibb Anagni IT,Air,Bristol-Myers Squibb Anagni IT,0,0.0
Ocean,Ghana,"Aurobindo Unit III, India",1,19824.09,0,1.0,0.0,11447.38,1,0.0,0.0,1.0,0.577447943386052,"Ocean | Ghana | Aurobindo Unit III, India",Ocean,"Aurobindo Unit III, India",0,0.0
Air,Libya,Macleods Daman Plant INDIA,1,19418.22,0,1.0,0.0,0.0,0,1.0,0.0,0.0,0.0,Air | Libya | Macleods Daman Plant INDIA,Air,Macleods Daman Plant INDIA,0,0.0
Air,Rwanda,"BMS Evansville, US",3,18820.6,0,1.0,0.0,2355.29,3,0.0,0.0,1.0,0.12514425682496838,"Air | Rwanda | BMS Evansville, US",Air,"BMS Evansville, US",0,0.0
Truck,South Africa,GSK Crawley,4,18553.920000000002,0,1.0,-2.75,0.0,0,4.0,0.0,0.0,0.0,Truck | South Africa | GSK Crawley,Truck,GSK Crawley,0,0.0
Air,South Sudan,"Cipla, Patalganga, India",1,18432.62,0,1.0,0.0,0.0,0,1.0,0.0,0.0,0.0,"Air | South Sudan | Cipla, Patalganga, India",Air,"Cipla, Patalganga, India",0,0.0
Air,Uganda,ABBVIE (Abbott) Logis. UK,7,18263.059999999998,0,1.0,0.0,10855.18,7,0.0,0.0,1.0,0.5943790361527587,Air | Uganda | ABBVIE (Abbott) Logis. UK,Air,ABBVIE (Abbott) Logis. UK,0,0.0
Air,"Congo, DRC","Micro labs, Verna, Goa, India",3,17328.48,1,0.6666666666666666,2.6666666666666665,3743.84,1,2.0,0.3333333333333333,0.3333333333333333,0.2160512635845729,"Air | Congo, DRC | Micro labs, Verna, Goa, India",Air,"Micro labs, Verna, Goa, India",1,0.3333333333333333
未记录,Uganda,"Aspen-OSD, Port Elizabeth, SA",1,17220.0,0,1.0,0.0,794.22,1,0.0,0.0,1.0,0.046121951219512194,"未记录 | Uganda | Aspen-OSD, Port Elizabeth, SA",未记录,"Aspen-OSD, Port Elizabeth, SA",0,0.0
未记录,Zimbabwe,ABBVIE Ludwigshafen Germany,1,16440.0,0,1.0,0.0,907.41,1,0.0,0.0,1.0,0.05519525547445255,未记录 | Zimbabwe | ABBVIE Ludwigshafen Germany,未记录,ABBVIE Ludwigshafen Germany,0,0.0
Air,Angola,"Trinity Biotech, Plc",1,16000.0,0,1.0,0.0,9597.9,1,0.0,0.0,1.0,0.59986875,"Air | Angola | Trinity Biotech, Plc",Air,"Trinity Biotech, Plc",0,0.0
未记录,Botswana,"Trinity Biotech, Plc",1,16000.0,0,1.0,0.0,1225.37,1,0.0,0.0,1.0,0.07658562499999999,"未记录 | Botswana | Trinity Biotech, Plc",未记录,"Trinity Biotech, Plc",0,0.0
Air,Guyana,Not Applicable,4,15825.0,0,1.0,0.0,828.27,2,2.0,0.0,0.5,0.05233933649289099,Air | Guyana | Not Applicable,Air,Not Applicable,0,0.0
Air,Libya,"Aurobindo Unit III, India",1,15488.0,1,0.0,3.0,1474.9,1,0.0,1.0,1.0,0.09522856404958678,"Air | Libya | Aurobindo Unit III, India",Air,"Aurobindo Unit III, India",1,1.0
Air,Libya,ABBVIE Ludwigshafen Germany,1,15410.0,0,1.0,0.0,761.91,1,0.0,0.0,1.0,0.04944256975989617,Air | Libya | ABBVIE Ludwigshafen Germany,Air,ABBVIE Ludwigshafen Germany,0,0.0
Air,Haiti,Bristol-Myers Squibb Anagni IT,6,15124.24,0,1.0,0.0,5467.98,5,1.0,0.0,0.8333333333333334,0.361537505355641,Air | Haiti | Bristol-Myers Squibb Anagni IT,Air,Bristol-Myers Squibb Anagni IT,0,0.0
Air,Angola,ABBVIE (Abbott) Logis. UK,1,14793.6,0,1.0,0.0,4281.43,1,0.0,0.0,1.0,0.2894109614968635,Air | Angola | ABBVIE (Abbott) Logis. UK,Air,ABBVIE (Abbott) Logis. UK,0,0.0
未记录,Guyana,Not Applicable,1,14625.0,0,1.0,0.0,186.25,1,0.0,0.0,1.0,0.012735042735042735,未记录 | Guyana | Not Applicable,未记录,Not Applicable,0,0.0
Air,Dominican Republic,"Strides, Bangalore, India.",2,14582.630000000001,0,1.0,-36.5,90360.12,1,1.0,0.0,0.5,6.19642135883582,"Air | Dominican Republic | Strides, Bangalore, India.",Air,"Strides, Bangalore, India.",0,0.0
Air,Malawi,"Trinity Biotech, Plc",5,14496.0,0,1.0,0.0,6278.6900000000005,5,0.0,0.0,1.0,0.4331325883002208,"Air | Malawi | Trinity Biotech, Plc",Air,"Trinity Biotech, Plc",0,0.0
Truck,Botswana,Inverness Japan,2,14400.0,0,1.0,0.0,1220.73,1,1.0,0.0,0.5,0.08477291666666667,Truck | Botswana | Inverness Japan,Truck,Inverness Japan,0,0.0
Air,Burundi,ABBVIE Ludwigshafen Germany,2,14145.6,2,0.0,4.5,0.0,0,2.0,1.0,0.0,0.0,Air | Burundi | ABBVIE Ludwigshafen Germany,Air,ABBVIE Ludwigshafen Germany,2,1.0
Air,"Congo, DRC",ABBVIE (Abbott) Logis. UK,8,13992.279999999999,0,1.0,-0.25,11208.17,8,0.0,0.0,1.0,0.8010252796542094,"Air | Congo, DRC | ABBVIE (Abbott) Logis. UK",Air,ABBVIE (Abbott) Logis. UK,0,0.0
Ocean,Rwanda,"Cipla, Goa, India",1,13720.0,0,1.0,0.0,20193.21,1,0.0,0.0,1.0,1.4718083090379008,"Ocean | Rwanda | Cipla, Goa, India",Ocean,"Cipla, Goa, India",0,0.0
Air,Haiti,"BMS Meymac, France",10,13647.44,0,1.0,0.0,2360.31,4,6.0,0.0,0.4,0.17294891935776965,"Air | Haiti | BMS Meymac, France",Air,"BMS Meymac, France",0,0.0
Air,South Sudan,"Aurobindo Unit VII, IN",2,13601.8,0,1.0,-8.0,18525.0,2,0.0,0.0,1.0,1.361952094575718,"Air | South Sudan | Aurobindo Unit VII, IN",Air,"Aurobindo Unit VII, IN",0,0.0
Air,Namibia,ABBVIE GmbH & Co.KG Wiesbaden,1,13600.0,0,1.0,0.0,541.42,1,0.0,0.0,1.0,0.039810294117647055,Air | Namibia | ABBVIE GmbH & Co.KG Wiesbaden,Air,ABBVIE GmbH & Co.KG Wiesbaden,0,0.0
Truck,Mozambique,ABBVIE (Abbott) Logis. UK,1,13023.22,0,1.0,0.0,2107.14,1,0.0,0.0,1.0,0.1617986949464111,Truck | Mozambique | ABBVIE (Abbott) Logis. UK,Truck,ABBVIE (Abbott) Logis. UK,0,0.0
Truck,Tanzania,Inverness Japan,1,12650.0,0,1.0,0.0,0.0,0,1.0,0.0,0.0,0.0,Truck | Tanzania | Inverness Japan,Truck,Inverness Japan,0,0.0
Air,Guyana,"BMS Meymac, France",1,12501.0,0,1.0,0.0,180.0,1,0.0,0.0,1.0,0.014398848092152628,"Air | Guyana | BMS Meymac, France",Air,"BMS Meymac, France",0,0.0
Air,Guyana,Chembio Diagnostics Sys. Inc.,12,12380.0,0,1.0,-2.4166666666666665,4301.85,12,0.0,0.0,1.0,0.34748384491114703,Air | Guyana | Chembio Diagnostics Sys. Inc.,Air,Chembio Diagnostics Sys. Inc.,0,0.0
Air,Ghana,ABBVIE Ludwigshafen Germany,3,12200.76,0,1.0,0.0,4851.02,3,0.0,0.0,1.0,0.3975998216504546,Air | Ghana | ABBVIE Ludwigshafen Germany,Air,ABBVIE Ludwigshafen Germany,0,0.0
未记录,Tanzania,ABBVIE (Abbott) Logis. UK,2,12064.220000000001,0,1.0,0.0,0.0,0,2.0,0.0,0.0,0.0,未记录 | Tanzania | ABBVIE (Abbott) Logis. UK,未记录,ABBVIE (Abbott) Logis. UK,0,0.0
Air,Dominican Republic,"Standard Diagnostics, Korea",4,12025.800000000001,0,1.0,0.0,1328.04,2,2.0,0.0,0.5,0.1104325699745547,"Air | Dominican Republic | Standard Diagnostics, Korea",Air,"Standard Diagnostics, Korea",0,0.0
Truck,Angola,ABBVIE GmbH & Co.KG Wiesbaden,1,12000.0,0,1.0,0.0,1012.59,1,0.0,0.0,1.0,0.0843825,Truck | Angola | ABBVIE GmbH & Co.KG Wiesbaden,Truck,ABBVIE GmbH & Co.KG Wiesbaden,0,0.0
未记录,Botswana,"Pacific Biotech, Thailand",1,12000.0,0,1.0,0.0,947.05,1,0.0,0.0,1.0,0.07892083333333333,"未记录 | Botswana | Pacific Biotech, Thailand",未记录,"Pacific Biotech, Thailand",0,0.0
未记录,South Africa,"BI, Ingelheim, Germany",3,11620.0,0,1.0,-11.666666666666666,0.0,0,3.0,0.0,0.0,0.0,"未记录 | South Africa | BI, Ingelheim, Germany",未记录,"BI, Ingelheim, Germany",0,0.0
Air,Namibia,Not Applicable,1,11250.0,0,1.0,0.0,0.0,0,1.0,0.0,0.0,0.0,Air | Namibia | Not Applicable,Air,Not Applicable,0,0.0
未记录,Zambia,"Standard Diagnostics, Korea",1,11220.0,0,1.0,0.0,1200.12,1,0.0,0.0,1.0,0.10696256684491978,"未记录 | Zambia | Standard Diagnostics, Korea",未记录,"Standard Diagnostics, Korea",0,0.0
Air,Zimbabwe,ABBVIE (Abbott) St. P'burg USA,1,11096.8,0,1.0,0.0,0.0,0,1.0,0.0,0.0,0.0,Air | Zimbabwe | ABBVIE (Abbott) St. P'burg USA,Air,ABBVIE (Abbott) St. P'burg USA,0,0.0
未记录,Guyana,Inverness Japan,2,10944.0,0,1.0,0.0,798.59,1,1.0,0.0,0.5,0.07297057748538012,未记录 | Guyana | Inverness Japan,未记录,Inverness Japan,0,0.0
Air,Côte d'Ivoire,Bristol-Myers Squibb Anagni IT,1,10605.0,0,1.0,0.0,2864.63,1,0.0,0.0,1.0,0.2701206977840641,Air | Côte d'Ivoire | Bristol-Myers Squibb Anagni IT,Air,Bristol-Myers Squibb Anagni IT,0,0.0
未记录,Côte d'Ivoire,ABBVIE GmbH & Co.KG Wiesbaden,3,10480.0,0,1.0,0.0,11438.83,3,0.0,0.0,1.0,1.0914914122137405,未记录 | Côte d'Ivoire | ABBVIE GmbH & Co.KG Wiesbaden,未记录,ABBVIE GmbH & Co.KG Wiesbaden,0,0.0
Air,Uganda,Roche Madrid,1,10150.19,0,1.0,0.0,968.25,1,0.0,0.0,1.0,0.0953923030012246,Air | Uganda | Roche Madrid,Air,Roche Madrid,0,0.0
Truck,South Africa,Boehringer Ingelheim Roxane US,6,9923.59,0,1.0,0.0,0.0,0,6.0,0.0,0.0,0.0,Truck | South Africa | Boehringer Ingelheim Roxane US,Truck,Boehringer Ingelheim Roxane US,0,0.0
Air,South Africa,GSK Crawley,1,9888.0,0,1.0,-65.0,0.0,0,1.0,0.0,0.0,0.0,Air | South Africa | GSK Crawley,Air,GSK Crawley,0,0.0
Truck,South Africa,Roche Basel,7,9865.65,0,1.0,-59.714285714285715,0.0,0,7.0,0.0,0.0,0.0,Truck | South Africa | Roche Basel,Truck,Roche Basel,0,0.0
未记录,Namibia,"Trinity Biotech, Plc",1,9600.0,0,1.0,0.0,688.84,1,0.0,0.0,1.0,0.07175416666666667,"未记录 | Namibia | Trinity Biotech, Plc",未记录,"Trinity Biotech, Plc",0,0.0
Air,Haiti,"Janssen Ortho LLC, Puerto Rico",2,9457.2,0,1.0,0.0,240.0,1,1.0,0.0,0.5,0.02537749016622256,"Air | Haiti | Janssen Ortho LLC, Puerto Rico",Air,"Janssen Ortho LLC, Puerto Rico",0,0.0
Air,South Africa,ABBVIE (Abbott) Logis. UK,5,8973.6,0,1.0,-96.0,0.0,0,5.0,0.0,0.0,0.0,Air | South Africa | ABBVIE (Abbott) Logis. UK,Air,ABBVIE (Abbott) Logis. UK,0,0.0
Air,Cameroon,Human Diagnostic,3,8926.4,0,1.0,0.0,1552.34,2,1.0,0.0,0.6666666666666666,0.17390437354364582,Air | Cameroon | Human Diagnostic,Air,Human Diagnostic,0,0.0
Air,Haiti,"Medochemie Factory A, CY",1,8905.0,0,1.0,0.0,7019.07,1,0.0,0.0,1.0,0.7882167321729365,"Air | Haiti | Medochemie Factory A, CY",Air,"Medochemie Factory A, CY",0,0.0
未记录,Côte d'Ivoire,"MSD Patheon, Canada",1,8620.76,0,1.0,0.0,0.0,0,1.0,0.0,0.0,0.0,"未记录 | Côte d'Ivoire | MSD Patheon, Canada",未记录,"MSD Patheon, Canada",0,0.0
Air,Uganda,"BMS Meymac, France",5,8055.26,0,1.0,0.0,1527.72,4,1.0,0.0,0.8,0.18965495837502452,"Air | Uganda | BMS Meymac, France",Air,"BMS Meymac, France",0,0.0
未记录,Botswana,ABBVIE GmbH & Co.KG Wiesbaden,1,8000.0,0,1.0,0.0,695.23,1,0.0,0.0,1.0,0.08690375,未记录 | Botswana | ABBVIE GmbH & Co.KG Wiesbaden,未记录,ABBVIE GmbH & Co.KG Wiesbaden,0,0.0
未记录,Guyana,ABBVIE GmbH & Co.KG Wiesbaden,1,8000.0,0,1.0,0.0,944.67,1,0.0,0.0,1.0,0.11808375,未记录 | Guyana | ABBVIE GmbH & Co.KG Wiesbaden,未记录,ABBVIE GmbH & Co.KG Wiesbaden,0,0.0
Truck,Zambia,"Mylan,  H-12 & H-13, India",1,7960.0,0,1.0,-9.0,274.51,1,0.0,0.0,1.0,0.034486180904522615,"Truck | Zambia | Mylan,  H-12 & H-13, India",Truck,"Mylan,  H-12 & H-13, India",0,0.0
Air,Kenya,"Aurobindo Unit III, India",2,7837.7,0,1.0,-9.5,5752.74,1,1.0,0.0,0.5,0.7339831838421986,"Air | Kenya | Aurobindo Unit III, India",Air,"Aurobindo Unit III, India",0,0.0
Air,Burundi,"Hetero, Jadcherla, unit 5, IN",1,7781.76,0,1.0,-65.0,0.0,0,1.0,0.0,0.0,0.0,"Air | Burundi | Hetero, Jadcherla, unit 5, IN",Air,"Hetero, Jadcherla, unit 5, IN",0,0.0
Truck,Mozambique,"Cipla, Kurkumbh, India",1,7698.6,0,1.0,-18.0,0.0,0,1.0,0.0,0.0,0.0,"Truck | Mozambique | Cipla, Kurkumbh, India",Truck,"Cipla, Kurkumbh, India",0,0.0
Air Charter,Haiti,"MSD, Haarlem, NL",3,7586.88,0,1.0,-8.0,8329.13,1,2.0,0.0,0.3333333333333333,1.09783336496689,"Air Charter | Haiti | MSD, Haarlem, NL",Air Charter,"MSD, Haarlem, NL",0,0.0
Truck,South Africa,Roche Madrid,6,7377.5199999999995,0,1.0,0.0,0.0,0,6.0,0.0,0.0,0.0,Truck | South Africa | Roche Madrid,Truck,Roche Madrid,0,0.0
Truck,South Africa,Gilead(Nycomed) Oranienburg DE,3,7240.8,0,1.0,-69.33333333333333,0.0,0,3.0,0.0,0.0,0.0,Truck | South Africa | Gilead(Nycomed) Oranienburg DE,Truck,Gilead(Nycomed) Oranienburg DE,0,0.0
Air,Cameroon,Inverness Japan,1,7215.0,0,1.0,0.0,1278.12,1,0.0,0.0,1.0,0.17714760914760913,Air | Cameroon | Inverness Japan,Air,Inverness Japan,0,0.0
Air,Côte d'Ivoire,"Cipla, Patalganga, India",1,7215.0,0,1.0,0.0,3740.01,1,0.0,0.0,1.0,0.5183659043659044,"Air | Côte d'Ivoire | Cipla, Patalganga, India",Air,"Cipla, Patalganga, India",0,0.0
Air,South Africa,GSK Ware (UK),3,6950.1,0,1.0,-66.66666666666667,0.0,0,3.0,0.0,0.0,0.0,Air | South Africa | GSK Ware (UK),Air,GSK Ware (UK),0,0.0
Air,Angola,"Aurobindo Unit III, India",2,6806.4,0,1.0,0.0,3162.64,2,0.0,0.0,1.0,0.46465679360601786,"Air | Angola | Aurobindo Unit III, India",Air,"Aurobindo Unit III, India",0,0.0
Air,Senegal,INVERNESS ORGENICS LINE,1,6800.0,0,1.0,0.0,812.0,1,0.0,0.0,1.0,0.11941176470588236,Air | Senegal | INVERNESS ORGENICS LINE,Air,INVERNESS ORGENICS LINE,0,0.0
Air,Nigeria,"Novartis Pharma AG, Switzerland",5,6725.54,0,1.0,-33.8,13684.26,4,1.0,0.0,0.8,2.0346708219711727,"Air | Nigeria | Novartis Pharma AG, Switzerland",Air,"Novartis Pharma AG, Switzerland",0,0.0
Air,Cameroon,"MSD, Haarlem, NL",1,6660.0,0,1.0,0.0,0.0,0,1.0,0.0,0.0,0.0,"Air | Cameroon | MSD, Haarlem, NL",Air,"MSD, Haarlem, NL",0,0.0
未记录,South Africa,"Aspen-OSD, Port Elizabeth, SA",4,6087.8,0,1.0,-8.5,0.0,0,4.0,0.0,0.0,0.0,"未记录 | South Africa | Aspen-OSD, Port Elizabeth, SA",未记录,"Aspen-OSD, Port Elizabeth, SA",0,0.0
未记录,South Africa,GSK Mississauga (Canada),3,5996.6,0,1.0,-5.666666666666667,0.0,0,3.0,0.0,0.0,0.0,未记录 | South Africa | GSK Mississauga (Canada),未记录,GSK Mississauga (Canada),0,0.0
Air,Rwanda,MSD Elkton USA,1,5600.0,0,1.0,0.0,1161.0,1,0.0,0.0,1.0,0.20732142857142857,Air | Rwanda | MSD Elkton USA,Air,MSD Elkton USA,0,0.0
未记录,Zambia,"MSD Manati, Puerto Rico, (USA)",2,5552.0,0,1.0,0.0,1079.73,2,0.0,0.0,1.0,0.19447586455331412,"未记录 | Zambia | MSD Manati, Puerto Rico, (USA)",未记录,"MSD Manati, Puerto Rico, (USA)",0,0.0
Air,Pakistan,Inverness Japan,5,5440.0,0,1.0,0.0,0.0,0,5.0,0.0,0.0,0.0,Air | Pakistan | Inverness Japan,Air,Inverness Japan,0,0.0
Air,Rwanda,Roche Basel,1,5429.5,0,1.0,0.0,1253.71,1,0.0,0.0,1.0,0.23090708168339627,Air | Rwanda | Roche Basel,Air,Roche Basel,0,0.0
Air,Mozambique,ABBVIE (Abbott) France,2,5366.4,0,1.0,0.0,2765.64,1,1.0,0.0,0.5,0.5153622540250448,Air | Mozambique | ABBVIE (Abbott) France,Air,ABBVIE (Abbott) France,0,0.0
未记录,Nigeria,"Strides, Bangalore, India.",2,5340.86,0,1.0,0.0,0.0,0,2.0,0.0,0.0,0.0,"未记录 | Nigeria | Strides, Bangalore, India.",未记录,"Strides, Bangalore, India.",0,0.0
Air,Tanzania,GSK Mississauga (Canada),2,5290.5599999999995,0,1.0,0.0,633.0,1,1.0,0.0,0.5,0.1196470694973689,Air | Tanzania | GSK Mississauga (Canada),Air,GSK Mississauga (Canada),0,0.0
Air,Guatemala,GSK Barnard Castle UK,1,5265.0,0,1.0,0.0,209.37,1,0.0,0.0,1.0,0.03976638176638177,Air | Guatemala | GSK Barnard Castle UK,Air,GSK Barnard Castle UK,0,0.0
Air,Zimbabwe,"Pacific Biotech, Thailand",2,5250.0,0,1.0,0.0,536.08,1,1.0,0.0,0.5,0.1021104761904762,"Air | Zimbabwe | Pacific Biotech, Thailand",Air,"Pacific Biotech, Thailand",0,0.0
Ocean,Haiti,"Mylan,  H-12 & H-13, India",1,5074.5,0,1.0,0.0,5215.49,1,0.0,0.0,1.0,1.027784018129865,"Ocean | Haiti | Mylan,  H-12 & H-13, India",Ocean,"Mylan,  H-12 & H-13, India",0,0.0
Air,Uganda,INVERNESS ANY,1,5000.0,0,1.0,0.0,0.0,0,1.0,0.0,0.0,0.0,Air | Uganda | INVERNESS ANY,Air,INVERNESS ANY,0,0.0
Air,Sudan,"Standard Diagnostics, Korea",8,4963.4,0,1.0,-1.0,15545.17,7,1.0,0.0,0.875,3.131959946810654,"Air | Sudan | Standard Diagnostics, Korea",Air,"Standard Diagnostics, Korea",0,0.0
Air,Lesotho,"Pacific Biotech, Thailand",2,4900.0,0,1.0,0.0,587.63,1,1.0,0.0,0.5,0.11992448979591837,"Air | Lesotho | Pacific Biotech, Thailand",Air,"Pacific Biotech, Thailand",0,0.0
Truck,Angola,"Trinity Biotech, Plc",1,4800.0,0,1.0,0.0,952.04,1,0.0,0.0,1.0,0.19834166666666667,"Truck | Angola | Trinity Biotech, Plc",Truck,"Trinity Biotech, Plc",0,0.0
未记录,Nigeria,"Ranbaxy, Paonta Shahib, India",2,4739.92,0,1.0,0.0,1732.0,1,1.0,0.0,0.5,0.36540701108879475,"未记录 | Nigeria | Ranbaxy, Paonta Shahib, India",未记录,"Ranbaxy, Paonta Shahib, India",0,0.0
Air,Nigeria,"BMS Meymac, France",1,4734.0,0,1.0,0.0,463.0,1,0.0,0.0,1.0,0.09780312632023659,"Air | Nigeria | BMS Meymac, France",Air,"BMS Meymac, France",0,0.0
Air,Dominican Republic,"Aurobindo Unit VII, IN",1,4692.38,0,1.0,-12.0,1857.04,1,0.0,0.0,1.0,0.39575652440765663,"Air | Dominican Republic | Aurobindo Unit VII, IN",Air,"Aurobindo Unit VII, IN",0,0.0
Air,Benin,"Standard Diagnostics, Korea",1,4640.0,0,1.0,0.0,1136.37,1,0.0,0.0,1.0,0.24490732758620687,"Air | Benin | Standard Diagnostics, Korea",Air,"Standard Diagnostics, Korea",0,0.0
未记录,South Africa,"Cipla, Goa, India",1,4614.0,0,1.0,-18.0,0.0,0,1.0,0.0,0.0,0.0,"未记录 | South Africa | Cipla, Goa, India",未记录,"Cipla, Goa, India",0,0.0
Air,Tanzania,"Ranbaxy, Paonta Shahib, India",1,4420.0,0,1.0,0.0,15210.0,1,0.0,0.0,1.0,3.4411764705882355,"Air | Tanzania | Ranbaxy, Paonta Shahib, India",Air,"Ranbaxy, Paonta Shahib, India",0,0.0
Air,Zambia,MSD South Granville Australia,1,4374.0,0,1.0,0.0,0.0,0,1.0,0.0,0.0,0.0,Air | Zambia | MSD South Granville Australia,Air,MSD South Granville Australia,0,0.0
Air,"Congo, DRC","Cipla, Kurkumbh, India",1,4314.57,0,1.0,0.0,0.0,0,1.0,0.0,0.0,0.0,"Air | Congo, DRC | Cipla, Kurkumbh, India",Air,"Cipla, Kurkumbh, India",0,0.0
Air,Burundi,"Cipla, Kurkumbh, India",1,4213.44,1,0.0,1.0,10363.49,1,0.0,1.0,1.0,2.4596268132452344,"Air | Burundi | Cipla, Kurkumbh, India",Air,"Cipla, Kurkumbh, India",1,1.0
Air,"Congo, DRC","Cipla, Patalganga, India",1,4173.8,0,1.0,-22.0,0.0,0,1.0,0.0,0.0,0.0,"Air | Congo, DRC | Cipla, Patalganga, India",Air,"Cipla, Patalganga, India",0,0.0
未记录,Haiti,"Pacific Biotech, Thailand",1,4000.0,0,1.0,0.0,1027.0,1,0.0,0.0,1.0,0.25675,"未记录 | Haiti | Pacific Biotech, Thailand",未记录,"Pacific Biotech, Thailand",0,0.0
Air,Uganda,Macleods Daman Plant INDIA,1,3760.62,0,1.0,-37.0,0.0,0,1.0,0.0,0.0,0.0,Air | Uganda | Macleods Daman Plant INDIA,Air,Macleods Daman Plant INDIA,0,0.0
Air,Guinea,Inverness Japan,1,3600.0,0,1.0,0.0,1804.2,1,0.0,0.0,1.0,0.5011666666666666,Air | Guinea | Inverness Japan,Air,Inverness Japan,0,0.0
Truck,Botswana,"Pacific Biotech, Thailand",1,3500.0,0,1.0,0.0,0.0,0,1.0,0.0,0.0,0.0,"Truck | Botswana | Pacific Biotech, Thailand",Truck,"Pacific Biotech, Thailand",0,0.0
Air,Liberia,"Standard Diagnostics, Korea",2,3400.0,0,1.0,0.0,1520.25,2,0.0,0.0,1.0,0.4471323529411765,"Air | Liberia | Standard Diagnostics, Korea",Air,"Standard Diagnostics, Korea",0,0.0
Air,Mali,"Pacific Biotech, Thailand",2,3400.0,0,1.0,0.0,3036.21,2,0.0,0.0,1.0,0.8930029411764706,"Air | Mali | Pacific Biotech, Thailand",Air,"Pacific Biotech, Thailand",0,0.0
未记录,Côte d'Ivoire,"Standard Diagnostics, Korea",1,3340.0,0,1.0,0.0,1439.0,1,0.0,0.0,1.0,0.4308383233532934,"未记录 | Côte d'Ivoire | Standard Diagnostics, Korea",未记录,"Standard Diagnostics, Korea",0,0.0
Air Charter,Rwanda,"Aurobindo Unit III, India",1,3330.0,0,1.0,-81.0,4370.8,1,0.0,0.0,1.0,1.3125525525525525,"Air Charter | Rwanda | Aurobindo Unit III, India",Air Charter,"Aurobindo Unit III, India",0,0.0
Air,South Africa,Roche Basel,3,3328.5200000000004,0,1.0,-88.0,0.0,0,3.0,0.0,0.0,0.0,Air | South Africa | Roche Basel,Air,Roche Basel,0,0.0
Air,Mozambique,ABBSP,1,3288.0,0,1.0,0.0,0.0,0,1.0,0.0,0.0,0.0,Air | Mozambique | ABBSP,Air,ABBSP,0,0.0
Truck,Nigeria,"Aurobindo Unit III, India",2,3249.9,0,1.0,0.0,9352.63,2,0.0,0.0,1.0,2.877820856026339,"Truck | Nigeria | Aurobindo Unit III, India",Truck,"Aurobindo Unit III, India",0,0.0
Air,Nigeria,"Pacific Biotech, Thailand",1,3200.0,0,1.0,0.0,0.0,0,1.0,0.0,0.0,0.0,"Air | Nigeria | Pacific Biotech, Thailand",Air,"Pacific Biotech, Thailand",0,0.0
Air,Nigeria,"Micro Labs Ltd. (Brown & Burk), India",4,3024.45,0,1.0,0.0,25318.010000000002,4,0.0,0.0,1.0,8.371112103026999,"Air | Nigeria | Micro Labs Ltd. (Brown & Burk), India",Air,"Micro Labs Ltd. (Brown & Burk), India",0,0.0
Air,Afghanistan,Mepro Pharm Wadhwan Unit II,1,2881.35,0,1.0,0.0,0.0,0,1.0,0.0,0.0,0.0,Air | Afghanistan | Mepro Pharm Wadhwan Unit II,Air,Mepro Pharm Wadhwan Unit II,0,0.0
Air,Côte d'Ivoire,Gland Pharma Ltd Pally Factory,1,2731.4,0,1.0,0.0,25405.22,1,0.0,0.0,1.0,9.301171560371971,Air | Côte d'Ivoire | Gland Pharma Ltd Pally Factory,Air,Gland Pharma Ltd Pally Factory,0,0.0
Air,Kenya,bioLytical Laboratories,1,2657.28,0,1.0,0.0,836.14,1,0.0,0.0,1.0,0.31466010356454716,Air | Kenya | bioLytical Laboratories,Air,bioLytical Laboratories,0,0.0
Air,Kenya,MedMira Inc.,1,2550.0,0,1.0,0.0,0.0,0,1.0,0.0,0.0,0.0,Air | Kenya | MedMira Inc.,Air,MedMira Inc.,0,0.0
Truck,Ethiopia,"MSD, Haarlem, NL",1,2500.0,0,1.0,0.0,0.0,0,1.0,0.0,0.0,0.0,"Truck | Ethiopia | MSD, Haarlem, NL",Truck,"MSD, Haarlem, NL",0,0.0
Air,Ethiopia,"Cipla, Patalganga, India",1,2415.27,0,1.0,-17.0,792.12,1,0.0,0.0,1.0,0.3279633332919301,"Air | Ethiopia | Cipla, Patalganga, India",Air,"Cipla, Patalganga, India",0,0.0
Air,"Congo, DRC","Aurobindo Unit VII, IN",1,2397.0,1,0.0,88.0,0.0,0,1.0,1.0,0.0,0.0,"Air | Congo, DRC | Aurobindo Unit VII, IN",Air,"Aurobindo Unit VII, IN",1,1.0
Air,Mali,"Orasure Technologies, Inc USA",3,2350.0,0,1.0,0.0,0.0,0,3.0,0.0,0.0,0.0,"Air | Mali | Orasure Technologies, Inc USA",Air,"Orasure Technologies, Inc USA",0,0.0
Air,Dominican Republic,Macleods Daman Plant INDIA,1,2341.65,0,1.0,-17.0,4392.94,1,0.0,0.0,1.0,1.876001964426793,Air | Dominican Republic | Macleods Daman Plant INDIA,Air,Macleods Daman Plant INDIA,0,0.0
Ocean,Uganda,"Cipla, Goa, India",1,2332.0,0,1.0,0.0,1240.0,1,0.0,0.0,1.0,0.5317324185248714,"Ocean | Uganda | Cipla, Goa, India",Ocean,"Cipla, Goa, India",0,0.0
Air,"Congo, DRC",ABBVIE Ludwigshafen Germany,3,2304.72,1,0.6666666666666666,6.333333333333333,1928.37,3,0.0,0.3333333333333333,1.0,0.8367046756222014,"Air | Congo, DRC | ABBVIE Ludwigshafen Germany",Air,ABBVIE Ludwigshafen Germany,1,0.3333333333333333
Truck,South Sudan,Hetero Unit III Hyderabad IN,2,2253.3,0,1.0,0.0,1641.0,1,1.0,0.0,0.5,0.7282652110238317,Truck | South Sudan | Hetero Unit III Hyderabad IN,Truck,Hetero Unit III Hyderabad IN,0,0.0
Air,Liberia,"Trinity Biotech, Plc",2,2240.0,0,1.0,0.0,1013.83,2,0.0,0.0,1.0,0.4526026785714286,"Air | Liberia | Trinity Biotech, Plc",Air,"Trinity Biotech, Plc",0,0.0
Truck,South Africa,"BI, Ingelheim, Germany",4,2230.4,0,1.0,-84.25,0.0,0,4.0,0.0,0.0,0.0,"Truck | South Africa | BI, Ingelheim, Germany",Truck,"BI, Ingelheim, Germany",0,0.0
Air,Burundi,Ranbaxy per Shasun Pharma,2,2203.2,0,1.0,-67.0,0.0,0,2.0,0.0,0.0,0.0,Air | Burundi | Ranbaxy per Shasun Pharma,Air,Ranbaxy per Shasun Pharma,0,0.0
Air,Vietnam,Bristol-Myers Squibb Anagni IT,1,2100.0,0,1.0,0.0,541.75,1,0.0,0.0,1.0,0.25797619047619047,Air | Vietnam | Bristol-Myers Squibb Anagni IT,Air,Bristol-Myers Squibb Anagni IT,0,0.0
Air,"Congo, DRC",Macleods Daman Plant INDIA,1,2097.0,0,1.0,0.0,0.0,0,1.0,0.0,0.0,0.0,"Air | Congo, DRC | Macleods Daman Plant INDIA",Air,Macleods Daman Plant INDIA,0,0.0
Air,Botswana,"Orasure Technologies, Inc USA",8,1902.5,0,1.0,0.0,3134.7799999999997,8,0.0,0.0,1.0,1.6477161629434953,"Air | Botswana | Orasure Technologies, Inc USA",Air,"Orasure Technologies, Inc USA",0,0.0
Air,Senegal,ABBVIE Ludwigshafen Germany,1,1864.0,1,0.0,3.0,632.63,1,0.0,1.0,1.0,0.3393937768240343,Air | Senegal | ABBVIE Ludwigshafen Germany,Air,ABBVIE Ludwigshafen Germany,1,1.0
Air,Nigeria,Gilead(Nycomed) Oranienburg DE,1,1853.0,0,1.0,0.0,2812.3,1,0.0,0.0,1.0,1.5177010253642742,Air | Nigeria | Gilead(Nycomed) Oranienburg DE,Air,Gilead(Nycomed) Oranienburg DE,0,0.0
Truck,Uganda,Macleods Daman Plant INDIA,1,1851.48,0,1.0,-41.0,0.0,0,1.0,0.0,0.0,0.0,Truck | Uganda | Macleods Daman Plant INDIA,Truck,Macleods Daman Plant INDIA,0,0.0
Air,Rwanda,"MSD, Haarlem, NL",1,1800.0,0,1.0,0.0,0.0,0,1.0,0.0,0.0,0.0,"Air | Rwanda | MSD, Haarlem, NL",Air,"MSD, Haarlem, NL",0,0.0
Air,Rwanda,"Micro labs, Verna, Goa, India",1,1755.6,0,1.0,0.0,1411.52,1,0.0,0.0,1.0,0.8040100250626566,"Air | Rwanda | Micro labs, Verna, Goa, India",Air,"Micro labs, Verna, Goa, India",0,0.0
Air,Rwanda,"BMS Meymac, France",1,1729.0,0,1.0,0.0,86.4,1,0.0,0.0,1.0,0.04997108155002892,"Air | Rwanda | BMS Meymac, France",Air,"BMS Meymac, France",0,0.0
Air,Guyana,"Ranbaxy, Paonta Shahib, India",1,1703.35,0,1.0,0.0,764.62,1,0.0,0.0,1.0,0.44889188951184433,"Air | Guyana | Ranbaxy, Paonta Shahib, India",Air,"Ranbaxy, Paonta Shahib, India",0,0.0
Air,Pakistan,"Trinity Biotech, Plc",3,1660.0,0,1.0,0.0,3016.92,3,0.0,0.0,1.0,1.817421686746988,"Air | Pakistan | Trinity Biotech, Plc",Air,"Trinity Biotech, Plc",0,0.0
Air,Uganda,"Micro labs, Verna, Goa, India",4,1461.04,0,1.0,0.0,3726.0200000000004,3,1.0,0.0,0.75,2.5502518753764445,"Air | Uganda | Micro labs, Verna, Goa, India",Air,"Micro labs, Verna, Goa, India",0,0.0
Air,Ethiopia,"Weifa A.S., Hausmanngt. 6, P.O. Box 9113 GrÃ¸nland, 0133, Oslo, Norway",1,1434.88,0,1.0,0.0,399.18,1,0.0,0.0,1.0,0.27819747992863514,"Air | Ethiopia | Weifa A.S., Hausmanngt. 6, P.O. Box 9113 GrÃ¸nland, 0133, Oslo, Norway",Air,"Weifa A.S., Hausmanngt. 6, P.O. Box 9113 GrÃ¸nland, 0133, Oslo, Norway",0,0.0
Air,Côte d'Ivoire,"OMEGA Diagnostics, UK",1,1375.0,0,1.0,0.0,633.73,1,0.0,0.0,1.0,0.46089454545454545,"Air | Côte d'Ivoire | OMEGA Diagnostics, UK",Air,"OMEGA Diagnostics, UK",0,0.0
Air,Guyana,"Cipla, Goa, India",2,1329.0,0,1.0,-17.0,3712.52,2,0.0,0.0,1.0,2.7934687735139203,"Air | Guyana | Cipla, Goa, India",Air,"Cipla, Goa, India",0,0.0
未记录,Guyana,Chembio Diagnostics Sys. Inc.,1,1215.0,0,1.0,0.0,798.58,1,0.0,0.0,1.0,0.6572674897119342,未记录 | Guyana | Chembio Diagnostics Sys. Inc.,未记录,Chembio Diagnostics Sys. Inc.,0,0.0
Air,Kenya,"EY Laboratories, USA",1,1125.0,0,1.0,0.0,803.6,1,0.0,0.0,1.0,0.7143111111111111,"Air | Kenya | EY Laboratories, USA",Air,"EY Laboratories, USA",0,0.0
Air,Côte d'Ivoire,"Micro labs, Verna, Goa, India",1,1115.85,1,0.0,14.0,0.0,0,1.0,1.0,0.0,0.0,"Air | Côte d'Ivoire | Micro labs, Verna, Goa, India",Air,"Micro labs, Verna, Goa, India",1,1.0
未记录,Uganda,"Ranbaxy, Paonta Shahib, India",1,1115.2,0,1.0,0.0,0.0,0,1.0,0.0,0.0,0.0,"未记录 | Uganda | Ranbaxy, Paonta Shahib, India",未记录,"Ranbaxy, Paonta Shahib, India",0,0.0
Air,Côte d'Ivoire,Ranbaxy Fine Chemicals LTD,2,1102.0,0,1.0,0.0,1639.87,2,0.0,0.0,1.0,1.4880852994555354,Air | Côte d'Ivoire | Ranbaxy Fine Chemicals LTD,Air,Ranbaxy Fine Chemicals LTD,0,0.0
Truck,Guyana,Hetero Unit III Hyderabad IN,1,1052.71,0,1.0,-34.0,0.0,0,1.0,0.0,0.0,0.0,Truck | Guyana | Hetero Unit III Hyderabad IN,Truck,Hetero Unit III Hyderabad IN,0,0.0
Truck,South Africa,"BMS Evansville, US",12,978.98,0,1.0,0.0,0.0,0,12.0,0.0,0.0,0.0,"Truck | South Africa | BMS Evansville, US",Truck,"BMS Evansville, US",0,0.0
Air,"Congo, DRC","Mylan,  H-12 & H-13, India",1,955.5,1,0.0,61.0,0.0,0,1.0,1.0,0.0,0.0,"Air | Congo, DRC | Mylan,  H-12 & H-13, India",Air,"Mylan,  H-12 & H-13, India",1,1.0
Air,Afghanistan,"Micro Labs, Hosur, India",1,936.0,0,1.0,0.0,525.56,1,0.0,0.0,1.0,0.5614957264957264,"Air | Afghanistan | Micro Labs, Hosur, India",Air,"Micro Labs, Hosur, India",0,0.0
Truck,South Africa,"GSK, U1, Poznan, Poland",3,935.27,0,1.0,0.0,0.0,0,3.0,0.0,0.0,0.0,"Truck | South Africa | GSK, U1, Poznan, Poland",Truck,"GSK, U1, Poznan, Poland",0,0.0
Air,Mozambique,"BMS Meymac, France",1,859.65,0,1.0,0.0,0.0,0,1.0,0.0,0.0,0.0,"Air | Mozambique | BMS Meymac, France",Air,"BMS Meymac, France",0,0.0
Air,Nigeria,"EY Laboratories, USA",1,850.0,0,1.0,0.0,0.0,0,1.0,0.0,0.0,0.0,"Air | Nigeria | EY Laboratories, USA",Air,"EY Laboratories, USA",0,0.0
Air,Afghanistan,"Gland Pharma, Hyderabad, IN",1,800.0,0,1.0,0.0,555.49,1,0.0,0.0,1.0,0.6943625,"Air | Afghanistan | Gland Pharma, Hyderabad, IN",Air,"Gland Pharma, Hyderabad, IN",0,0.0
Air,Botswana,"Standard Diagnostics, Korea",1,800.0,0,1.0,0.0,706.18,1,0.0,0.0,1.0,0.882725,"Air | Botswana | Standard Diagnostics, Korea",Air,"Standard Diagnostics, Korea",0,0.0
Air,Swaziland,INVERNESS ANY,1,780.0,0,1.0,0.0,1670.06,1,0.0,0.0,1.0,2.141102564102564,Air | Swaziland | INVERNESS ANY,Air,INVERNESS ANY,0,0.0
Air,Botswana,Premier Med. Corp Ltd. India,1,765.0,0,1.0,0.0,766.62,1,0.0,0.0,1.0,1.0021176470588236,Air | Botswana | Premier Med. Corp Ltd. India,Air,Premier Med. Corp Ltd. India,0,0.0
Air,South Africa,"BI, Ingelheim, Germany",2,636.0,0,1.0,-99.0,0.0,0,2.0,0.0,0.0,0.0,"Air | South Africa | BI, Ingelheim, Germany",Air,"BI, Ingelheim, Germany",0,0.0
Air,Belize,"Aurobindo Unit III, India",1,630.0,0,1.0,-14.0,1959.61,1,0.0,0.0,1.0,3.1104920634920634,"Air | Belize | Aurobindo Unit III, India",Air,"Aurobindo Unit III, India",0,0.0
Air,Côte d'Ivoire,"Medopharm Malur Factory, INDIA",1,629.88,0,1.0,0.0,536.78,1,0.0,0.0,1.0,0.8521940687115006,"Air | Côte d'Ivoire | Medopharm Malur Factory, INDIA",Air,"Medopharm Malur Factory, INDIA",0,0.0
Air,Vietnam,ABBVIE (Abbott) France,1,613.76,0,1.0,0.0,3366.04,1,0.0,0.0,1.0,5.484293534932221,Air | Vietnam | ABBVIE (Abbott) France,Air,ABBVIE (Abbott) France,0,0.0
Air,Burundi,"KHB Test Kit Facility, Shanghai China",1,563.5,0,1.0,0.0,1327.6,1,0.0,0.0,1.0,2.355989352262644,"Air | Burundi | KHB Test Kit Facility, Shanghai China",Air,"KHB Test Kit Facility, Shanghai China",0,0.0
Air,Pakistan,"Standard Diagnostics, Korea",2,560.0,0,1.0,0.0,0.0,0,2.0,0.0,0.0,0.0,"Air | Pakistan | Standard Diagnostics, Korea",Air,"Standard Diagnostics, Korea",0,0.0
Air,Burundi,"Mylan,  H-12 & H-13, India",1,549.9,0,1.0,-65.0,0.0,0,1.0,0.0,0.0,0.0,"Air | Burundi | Mylan,  H-12 & H-13, India",Air,"Mylan,  H-12 & H-13, India",0,0.0
Truck,Ethiopia,ABBVIE (Abbott) Logis. UK,1,537.04,0,1.0,0.0,505.0,1,0.0,0.0,1.0,0.9403396395054373,Truck | Ethiopia | ABBVIE (Abbott) Logis. UK,Truck,ABBVIE (Abbott) Logis. UK,0,0.0
Air,South Sudan,Macleods Daman Plant INDIA,1,466.0,0,1.0,-13.0,0.0,0,1.0,0.0,0.0,0.0,Air | South Sudan | Macleods Daman Plant INDIA,Air,Macleods Daman Plant INDIA,0,0.0
未记录,Uganda,"Strides, Bangalore, India.",1,446.88,0,1.0,0.0,632.6,1,0.0,0.0,1.0,1.415592552810598,"未记录 | Uganda | Strides, Bangalore, India.",未记录,"Strides, Bangalore, India.",0,0.0
Truck,Ethiopia,"Trinity Biotech, Plc",1,440.44,0,1.0,0.0,0.0,0,1.0,0.0,0.0,0.0,"Truck | Ethiopia | Trinity Biotech, Plc",Truck,"Trinity Biotech, Plc",0,0.0
Truck,South Africa,Bristol-Myers Squibb Anagni IT,3,426.79,0,1.0,0.0,0.0,0,3.0,0.0,0.0,0.0,Truck | South Africa | Bristol-Myers Squibb Anagni IT,Truck,Bristol-Myers Squibb Anagni IT,0,0.0
Truck,Guyana,"Aurobindo Unit III, India",1,416.25,0,1.0,-34.0,0.0,0,1.0,0.0,0.0,0.0,"Truck | Guyana | Aurobindo Unit III, India",Truck,"Aurobindo Unit III, India",0,0.0
Truck,Guyana,"Strides, Bangalore, India.",1,357.7,0,1.0,-34.0,3178.0,1,0.0,0.0,1.0,8.88454011741683,"Truck | Guyana | Strides, Bangalore, India.",Truck,"Strides, Bangalore, India.",0,0.0
Truck,South Africa,ABBVIE (Abbott) France,10,354.94,0,1.0,-14.1,0.0,0,10.0,0.0,0.0,0.0,Truck | South Africa | ABBVIE (Abbott) France,Truck,ABBVIE (Abbott) France,0,0.0
Air Charter,Haiti,"Aurobindo Unit III, India",1,350.0,0,1.0,-8.0,0.0,0,1.0,0.0,0.0,0.0,"Air Charter | Haiti | Aurobindo Unit III, India",Air Charter,"Aurobindo Unit III, India",0,0.0
Air,Nigeria,"Remedica, Limassol, Cyprus",1,330.0,0,1.0,0.0,365.48,1,0.0,0.0,1.0,1.1075151515151516,"Air | Nigeria | Remedica, Limassol, Cyprus",Air,"Remedica, Limassol, Cyprus",0,0.0
Air,Burkina Faso,Hetero Unit III Hyderabad IN,1,280.0,0,1.0,0.0,0.0,0,1.0,0.0,0.0,0.0,Air | Burkina Faso | Hetero Unit III Hyderabad IN,Air,Hetero Unit III Hyderabad IN,0,0.0
Air,Senegal,Hetero Unit III Hyderabad IN,1,200.0,0,1.0,0.0,0.0,0,1.0,0.0,0.0,0.0,Air | Senegal | Hetero Unit III Hyderabad IN,Air,Hetero Unit III Hyderabad IN,0,0.0
Air,Haiti,Meditab (for Cipla) Daman IN,1,197.1,0,1.0,-61.0,21015.77,1,0.0,0.0,1.0,106.62491121258245,Air | Haiti | Meditab (for Cipla) Daman IN,Air,Meditab (for Cipla) Daman IN,0,0.0
Air,Burkina Faso,ABBVIE Ludwigshafen Germany,1,171.25,0,1.0,0.0,0.0,0,1.0,0.0,0.0,0.0,Air | Burkina Faso | ABBVIE Ludwigshafen Germany,Air,ABBVIE Ludwigshafen Germany,0,0.0
Air,Nigeria,ABBVIE (Abbott) France,2,153.44,0,1.0,0.0,0.0,0,2.0,0.0,0.0,0.0,Air | Nigeria | ABBVIE (Abbott) France,Air,ABBVIE (Abbott) France,0,0.0
Air,Guyana,"Micro labs, Verna, Goa, India",1,130.0,0,1.0,0.0,783.21,1,0.0,0.0,1.0,6.024692307692308,"Air | Guyana | Micro labs, Verna, Goa, India",Air,"Micro labs, Verna, Goa, India",0,0.0
Truck,Ghana,"Aurobindo Unit III, India",5,102.35,0,1.0,0.0,0.0,0,5.0,0.0,0.0,0.0,"Truck | Ghana | Aurobindo Unit III, India",Truck,"Aurobindo Unit III, India",0,0.0
未记录,South Africa,ABBVIE (Abbott) France,2,56.64,0,1.0,-8.5,0.0,0,2.0,0.0,0.0,0.0,未记录 | South Africa | ABBVIE (Abbott) France,未记录,ABBVIE (Abbott) France,0,0.0
Air,Haiti,Premier Medical Corporation,1,49.5,0,1.0,0.0,969.55,1,0.0,0.0,1.0,19.586868686868687,Air | Haiti | Premier Medical Corporation,Air,Premier Medical Corporation,0,0.0
Air,Haiti,"Standard Diagnostics, Korea",1,45.0,0,1.0,0.0,702.42,1,0.0,0.0,1.0,15.609333333333332,"Air | Haiti | Standard Diagnostics, Korea",Air,"Standard Diagnostics, Korea",0,0.0
Truck,Kenya,"MSD, Haarlem, NL",1,39.3,0,1.0,0.0,0.0,0,1.0,0.0,0.0,0.0,"Truck | Kenya | MSD, Haarlem, NL",Truck,"MSD, Haarlem, NL",0,0.0
Truck,Ghana,ABBVIE (Abbott) Logis. UK,4,23.6,0,1.0,-36.75,0.0,0,4.0,0.0,0.0,0.0,Truck | Ghana | ABBVIE (Abbott) Logis. UK,Truck,ABBVIE (Abbott) Logis. UK,0,0.0
Air,South Africa,ABBVIE (Abbott) France,1,5.97,0,1.0,-131.0,0.0,0,1.0,0.0,0.0,0.0,Air | South Africa | ABBVIE (Abbott) France,Air,ABBVIE (Abbott) France,0,0.0
Air,Lebanon,Hetero Unit III Hyderabad IN,2,4.0,0,1.0,0.0,0.0,0,2.0,0.0,0.0,0.0,Air | Lebanon | Hetero Unit III Hyderabad IN,Air,Hetero Unit III Hyderabad IN,0,0.0
Air,Lebanon,"Aurobindo Unit III, India",4,2.36,0,1.0,0.0,0.0,0,4.0,0.0,0.0,0.0,"Air | Lebanon | Aurobindo Unit III, India",Air,"Aurobindo Unit III, India",0,0.0
Air,Lebanon,Roche Basel,1,2.0,0,1.0,0.0,0.0,0,1.0,0.0,0.0,0.0,Air | Lebanon | Roche Basel,Air,Roche Basel,0,0.0
Truck,Kenya,"Aurobindo Unit III, India",1,1.7,0,1.0,0.0,0.0,0,1.0,0.0,0.0,0.0,"Truck | Kenya | Aurobindo Unit III, India",Truck,"Aurobindo Unit III, India",0,0.0
Air,Lebanon,Mylan (formerly Matrix) Nashik,1,1.0,0,1.0,0.0,0.0,0,1.0,0.0,0.0,0.0,Air | Lebanon | Mylan (formerly Matrix) Nashik,Air,Mylan (formerly Matrix) Nashik,0,0.0
Truck,Kenya,Premier Med. Corp Ltd. India,1,0.0,0,1.0,-23.0,0.0,0,1.0,0.0,0.0,,Truck | Kenya | Premier Med. Corp Ltd. India,Truck,Premier Med. Corp Ltd. India,0,0.0
