expense_id,month,department,account,actual_amount,document_status,source_class,source_note
EXP-000001,2026-05-01,设备部,直接人工,43899.15,pending_review,synthetic_scenario,Scenario expense ledger; stress injected into Production 1 material and energy
EXP-000002,2026-03-01,生产二部,折旧费,23750.0,approved,synthetic_scenario,Scenario expense ledger; stress injected into Production 1 material and energy
EXP-000003,2026-04-01,采购部,直接材料,139146.34,approved,synthetic_scenario,Scenario expense ledger; stress injected into Production 1 material and energy
EXP-000004,2026-12-01,设备部,直接人工,53650.75,approved,synthetic_scenario,Scenario expense ledger; stress injected into Production 1 material and energy
EXP-000005,2026-08-01,生产二部,直接材料,207383.36,approved,synthetic_scenario,Scenario expense ledger; stress injected into Production 1 material and energy
EXP-000006,2026-09-01,采购部,其他制造费,18307.45,approved,synthetic_scenario,Scenario expense ledger; stress injected into Production 1 material and energy
EXP-000007,2026-03-01,生产一部,能源费,36478.18,approved,synthetic_scenario,Scenario expense ledger; stress injected into Production 1 material and energy
EXP-000008,2026-10-01,仓储部,直接人工,55531.96,approved,synthetic_scenario,Scenario expense ledger; stress injected into Production 1 material and energy
EXP-000009,2026-04-01,仓储部,维修费,12300.24,approved,synthetic_scenario,Scenario expense ledger; stress injected into Production 1 material and energy
EXP-000010,2026-11-01,采购部,其他制造费,19006.84,approved,synthetic_scenario,Scenario expense ledger; stress injected into Production 1 material and energy
EXP-000011,2026-09-01,仓储部,其他制造费,17272.43,approved,synthetic_scenario,Scenario expense ledger; stress injected into Production 1 material and energy
EXP-000012,2026-04-01,设备部,折旧费,25440.02,approved,synthetic_scenario,Scenario expense ledger; stress injected into Production 1 material and energy
EXP-000013,2026-04-01,设备部,其他制造费,11854.52,approved,synthetic_scenario,Scenario expense ledger; stress injected into Production 1 material and energy
EXP-000014,2026-03-01,生产二部,维修费,14603.47,approved,synthetic_scenario,Scenario expense ledger; stress injected into Production 1 material and energy
EXP-000015,2026-12-01,采购部,能源费,46708.51,approved,synthetic_scenario,Scenario expense ledger; stress injected into Production 1 material and energy
EXP-000016,2026-08-01,生产二部,其他制造费,16071.88,approved,synthetic_scenario,Scenario expense ledger; stress injected into Production 1 material and energy
EXP-000017,2026-08-01,采购部,能源费,39256.99,approved,synthetic_scenario,Scenario expense ledger; stress injected into Production 1 material and energy
EXP-000018,2026-12-01,生产二部,直接人工,54435.99,approved,synthetic_scenario,Scenario expense ledger; stress injected into Production 1 material and energy
EXP-000019,2026-07-01,生产一部,维修费,16920.57,approved,synthetic_scenario,Scenario expense ledger; stress injected into Production 1 material and energy
EXP-000020,2026-01-01,生产一部,能源费,38313.11,approved,synthetic_scenario,Scenario expense ledger; stress injected into Production 1 material and energy
EXP-000021,2026-05-01,采购部,维修费,12541.94,approved,synthetic_scenario,Scenario expense ledger; stress injected into Production 1 material and energy
EXP-000022,2026-05-01,生产二部,其他制造费,12369.12,approved,synthetic_scenario,Scenario expense ledger; stress injected into Production 1 material and energy
EXP-000023,2026-02-01,采购部,能源费,22259.5,approved,synthetic_scenario,Scenario expense ledger; stress injected into Production 1 material and energy
EXP-000024,2026-06-01,生产一部,其他制造费,11671.45,approved,synthetic_scenario,Scenario expense ledger; stress injected into Production 1 material and energy
EXP-000025,2026-08-01,仓储部,能源费,37164.63,approved,synthetic_scenario,Scenario expense ledger; stress injected into Production 1 material and energy
EXP-000026,2026-05-01,生产一部,直接材料,220014.17,approved,synthetic_scenario,Scenario expense ledger; stress injected into Production 1 material and energy
EXP-000027,2026-08-01,生产二部,维修费,17415.15,approved,synthetic_scenario,Scenario expense ledger; stress injected into Production 1 material and energy
EXP-000028,2026-12-01,仓储部,折旧费,36313.99,approved,synthetic_scenario,Scenario expense ledger; stress injected into Production 1 material and energy
EXP-000029,2026-02-01,仓储部,直接材料,98680.85,approved,synthetic_scenario,Scenario expense ledger; stress injected into Production 1 material and energy
EXP-000030,2026-03-01,质量部,直接材料,111718.61,approved,synthetic_scenario,Scenario expense ledger; stress injected into Production 1 material and energy
EXP-000031,2026-01-01,质量部,直接材料,122113.64,approved,synthetic_scenario,Scenario expense ledger; stress injected into Production 1 material and energy
EXP-000032,2026-06-01,生产二部,能源费,29840.72,approved,synthetic_scenario,Scenario expense ledger; stress injected into Production 1 material and energy
EXP-000033,2026-04-01,质量部,折旧费,21242.83,approved,synthetic_scenario,Scenario expense ledger; stress injected into Production 1 material and energy
EXP-000034,2026-10-01,质量部,能源费,37603.66,approved,synthetic_scenario,Scenario expense ledger; stress injected into Production 1 material and energy
EXP-000035,2026-10-01,生产二部,直接人工,49876.42,approved,synthetic_scenario,Scenario expense ledger; stress injected into Production 1 material and energy
EXP-000036,2026-05-01,质量部,能源费,31451.1,approved,synthetic_scenario,Scenario expense ledger; stress injected into Production 1 material and energy
EXP-000037,2026-07-01,设备部,其他制造费,14060.85,approved,synthetic_scenario,Scenario expense ledger; stress injected into Production 1 material and energy
EXP-000038,2026-12-01,质量部,能源费,42987.57,approved,synthetic_scenario,Scenario expense ledger; stress injected into Production 1 material and energy
EXP-000039,2026-04-01,采购部,折旧费,21351.45,pending_review,synthetic_scenario,Scenario expense ledger; stress injected into Production 1 material and energy
EXP-000040,2026-07-01,仓储部,维修费,17779.04,approved,synthetic_scenario,Scenario expense ledger; stress injected into Production 1 material and energy
EXP-000041,2026-11-01,设备部,维修费,18543.79,approved,synthetic_scenario,Scenario expense ledger; stress injected into Production 1 material and energy
EXP-000042,2026-01-01,设备部,能源费,22152.82,approved,synthetic_scenario,Scenario expense ledger; stress injected into Production 1 material and energy
EXP-000043,2026-11-01,仓储部,能源费,40435.0,approved,synthetic_scenario,Scenario expense ledger; stress injected into Production 1 material and energy
EXP-000044,2026-03-01,采购部,直接人工,32150.28,approved,synthetic_scenario,Scenario expense ledger; stress injected into Production 1 material and energy
EXP-000045,2026-06-01,设备部,直接人工,39955.15,approved,synthetic_scenario,Scenario expense ledger; stress injected into Production 1 material and energy
EXP-000046,2026-04-01,生产一部,折旧费,20906.06,approved,synthetic_scenario,Scenario expense ledger; stress injected into Production 1 material and energy
EXP-000047,2026-03-01,仓储部,直接材料,118538.88,approved,synthetic_scenario,Scenario expense ledger; stress injected into Production 1 material and energy
EXP-000048,2026-08-01,仓储部,直接材料,225418.61,approved,synthetic_scenario,Scenario expense ledger; stress injected into Production 1 material and energy
EXP-000049,2026-07-01,采购部,维修费,19396.66,approved,synthetic_scenario,Scenario expense ledger; stress injected into Production 1 material and energy
EXP-000050,2026-11-01,质量部,维修费,17972.61,approved,synthetic_scenario,Scenario expense ledger; stress injected into Production 1 material and energy
EXP-000051,2026-09-01,设备部,折旧费,34411.28,approved,synthetic_scenario,Scenario expense ledger; stress injected into Production 1 material and energy
EXP-000052,2026-07-01,生产二部,折旧费,25968.58,approved,synthetic_scenario,Scenario expense ledger; stress injected into Production 1 material and energy
EXP-000053,2026-05-01,生产一部,折旧费,22823.7,approved,synthetic_scenario,Scenario expense ledger; stress injected into Production 1 material and energy
EXP-000054,2026-07-01,质量部,直接材料,165353.21,approved,synthetic_scenario,Scenario expense ledger; stress injected into Production 1 material and energy
EXP-000055,2026-07-01,质量部,其他制造费,14302.73,approved,synthetic_scenario,Scenario expense ledger; stress injected into Production 1 material and energy
EXP-000056,2026-05-01,设备部,维修费,15224.5,approved,synthetic_scenario,Scenario expense ledger; stress injected into Production 1 material and energy
EXP-000057,2026-12-01,生产二部,直接材料,217584.31,approved,synthetic_scenario,Scenario expense ledger; stress injected into Production 1 material and energy
EXP-000058,2026-07-01,仓储部,维修费,16466.96,approved,synthetic_scenario,Scenario expense ledger; stress injected into Production 1 material and energy
EXP-000059,2026-12-01,设备部,折旧费,39664.24,approved,synthetic_scenario,Scenario expense ledger; stress injected into Production 1 material and energy
EXP-000060,2026-07-01,生产二部,直接人工,41667.09,approved,synthetic_scenario,Scenario expense ledger; stress injected into Production 1 material and energy
EXP-000061,2026-05-01,设备部,直接材料,152601.8,approved,synthetic_scenario,Scenario expense ledger; stress injected into Production 1 material and energy
EXP-000062,2026-09-01,仓储部,能源费,41075.12,approved,synthetic_scenario,Scenario expense ledger; stress injected into Production 1 material and energy
EXP-000063,2026-09-01,生产一部,直接人工,60857.84,approved,synthetic_scenario,Scenario expense ledger; stress injected into Production 1 material and energy
EXP-000064,2026-03-01,设备部,折旧费,18904.79,approved,synthetic_scenario,Scenario expense ledger; stress injected into Production 1 material and energy
EXP-000065,2026-02-01,生产二部,维修费,12879.48,approved,synthetic_scenario,Scenario expense ledger; stress injected into Production 1 material and energy
EXP-000066,2026-07-01,采购部,能源费,38098.22,approved,synthetic_scenario,Scenario expense ledger; stress injected into Production 1 material and energy
EXP-000067,2026-09-01,采购部,折旧费,31697.49,approved,synthetic_scenario,Scenario expense ledger; stress injected into Production 1 material and energy
EXP-000068,2026-04-01,生产一部,维修费,13285.42,approved,synthetic_scenario,Scenario expense ledger; stress injected into Production 1 material and energy
EXP-000069,2026-07-01,仓储部,其他制造费,16890.51,approved,synthetic_scenario,Scenario expense ledger; stress injected into Production 1 material and energy
EXP-000070,2026-10-01,采购部,能源费,33543.32,approved,synthetic_scenario,Scenario expense ledger; stress injected into Production 1 material and energy
EXP-000071,2026-11-01,设备部,其他制造费,16981.11,approved,synthetic_scenario,Scenario expense ledger; stress injected into Production 1 material and energy
EXP-000072,2026-12-01,生产二部,其他制造费,21480.42,approved,synthetic_scenario,Scenario expense ledger; stress injected into Production 1 material and energy
EXP-000073,2026-03-01,质量部,维修费,12969.38,approved,synthetic_scenario,Scenario expense ledger; stress injected into Production 1 material and energy
EXP-000074,2026-01-01,设备部,维修费,11760.32,approved,synthetic_scenario,Scenario expense ledger; stress injected into Production 1 material and energy
EXP-000075,2026-01-01,生产二部,能源费,26545.28,approved,synthetic_scenario,Scenario expense ledger; stress injected into Production 1 material and energy
EXP-000076,2026-07-01,采购部,其他制造费,14291.64,approved,synthetic_scenario,Scenario expense ledger; stress injected into Production 1 material and energy
EXP-000077,2026-06-01,质量部,能源费,31985.99,approved,synthetic_scenario,Scenario expense ledger; stress injected into Production 1 material and energy
EXP-000078,2026-06-01,生产二部,折旧费,27075.77,approved,synthetic_scenario,Scenario expense ledger; stress injected into Production 1 material and energy
EXP-000079,2026-07-01,设备部,维修费,12330.53,approved,synthetic_scenario,Scenario expense ledger; stress injected into Production 1 material and energy
EXP-000080,2026-05-01,仓储部,折旧费,27318.5,approved,synthetic_scenario,Scenario expense ledger; stress injected into Production 1 material and energy
EXP-000081,2026-04-01,设备部,折旧费,26928.08,approved,synthetic_scenario,Scenario expense ledger; stress injected into Production 1 material and energy
EXP-000082,2026-05-01,仓储部,折旧费,24044.41,approved,synthetic_scenario,Scenario expense ledger; stress injected into Production 1 material and energy
EXP-000083,2026-07-01,仓储部,其他制造费,12875.62,approved,synthetic_scenario,Scenario expense ledger; stress injected into Production 1 material and energy
EXP-000084,2026-10-01,设备部,能源费,41728.06,approved,synthetic_scenario,Scenario expense ledger; stress injected into Production 1 material and energy
EXP-000085,2026-02-01,设备部,维修费,12273.08,approved,synthetic_scenario,Scenario expense ledger; stress injected into Production 1 material and energy
EXP-000086,2026-11-01,生产一部,其他制造费,18142.25,approved,synthetic_scenario,Scenario expense ledger; stress injected into Production 1 material and energy
EXP-000087,2026-09-01,质量部,其他制造费,18196.26,approved,synthetic_scenario,Scenario expense ledger; stress injected into Production 1 material and energy
EXP-000088,2026-04-01,生产一部,维修费,13008.1,approved,synthetic_scenario,Scenario expense ledger; stress injected into Production 1 material and energy
EXP-000089,2026-02-01,生产一部,维修费,14691.94,approved,synthetic_scenario,Scenario expense ledger; stress injected into Production 1 material and energy
EXP-000090,2026-09-01,生产二部,维修费,18005.41,approved,synthetic_scenario,Scenario expense ledger; stress injected into Production 1 material and energy
EXP-000091,2026-06-01,仓储部,折旧费,25378.89,approved,synthetic_scenario,Scenario expense ledger; stress injected into Production 1 material and energy
EXP-000092,2026-02-01,生产二部,能源费,24818.59,approved,synthetic_scenario,Scenario expense ledger; stress injected into Production 1 material and energy
EXP-000093,2026-04-01,设备部,能源费,28601.7,approved,synthetic_scenario,Scenario expense ledger; stress injected into Production 1 material and energy
EXP-000094,2026-06-01,采购部,直接材料,109922.49,approved,synthetic_scenario,Scenario expense ledger; stress injected into Production 1 material and energy
EXP-000095,2026-03-01,质量部,其他制造费,11399.17,approved,synthetic_scenario,Scenario expense ledger; stress injected into Production 1 material and energy
EXP-000096,2026-01-01,生产一部,其他制造费,11339.68,approved,synthetic_scenario,Scenario expense ledger; stress injected into Production 1 material and energy
EXP-000097,2026-04-01,设备部,直接材料,127253.01,approved,synthetic_scenario,Scenario expense ledger; stress injected into Production 1 material and energy
EXP-000098,2026-04-01,质量部,维修费,14938.81,approved,synthetic_scenario,Scenario expense ledger; stress injected into Production 1 material and energy
EXP-000099,2026-12-01,质量部,维修费,24032.17,approved,synthetic_scenario,Scenario expense ledger; stress injected into Production 1 material and energy
EXP-000100,2026-06-01,采购部,维修费,11839.8,approved,synthetic_scenario,Scenario expense ledger; stress injected into Production 1 material and energy
EXP-000101,2026-02-01,设备部,直接人工,30163.12,approved,synthetic_scenario,Scenario expense ledger; stress injected into Production 1 material and energy
EXP-000102,2026-07-01,仓储部,直接人工,69085.23,approved,synthetic_scenario,Scenario expense ledger; stress injected into Production 1 material and energy
EXP-000103,2026-07-01,采购部,其他制造费,15520.85,approved,synthetic_scenario,Scenario expense ledger; stress injected into Production 1 material and energy
EXP-000104,2026-08-01,仓储部,直接人工,53277.75,approved,synthetic_scenario,Scenario expense ledger; stress injected into Production 1 material and energy
EXP-000105,2026-06-01,生产二部,其他制造费,13333.38,approved,synthetic_scenario,Scenario expense ledger; stress injected into Production 1 material and energy
EXP-000106,2026-04-01,生产一部,折旧费,21549.51,approved,synthetic_scenario,Scenario expense ledger; stress injected into Production 1 material and energy
EXP-000107,2026-03-01,设备部,维修费,13853.07,approved,synthetic_scenario,Scenario expense ledger; stress injected into Production 1 material and energy
EXP-000108,2026-06-01,设备部,其他制造费,12369.01,approved,synthetic_scenario,Scenario expense ledger; stress injected into Production 1 material and energy
EXP-000109,2026-04-01,设备部,其他制造费,9194.09,approved,synthetic_scenario,Scenario expense ledger; stress injected into Production 1 material and energy
EXP-000110,2026-08-01,质量部,直接人工,58543.6,pending_review,synthetic_scenario,Scenario expense ledger; stress injected into Production 1 material and energy
EXP-000111,2026-03-01,质量部,维修费,15503.07,approved,synthetic_scenario,Scenario expense ledger; stress injected into Production 1 material and energy
EXP-000112,2026-12-01,生产一部,直接材料,319465.76,approved,synthetic_scenario,Scenario expense ledger; stress injected into Production 1 material and energy
EXP-000113,2026-06-01,仓储部,维修费,14235.16,approved,synthetic_scenario,Scenario expense ledger; stress injected into Production 1 material and energy
EXP-000114,2026-11-01,生产一部,折旧费,38826.52,approved,synthetic_scenario,Scenario expense ledger; stress injected into Production 1 material and energy
EXP-000115,2026-04-01,采购部,直接材料,157684.83,approved,synthetic_scenario,Scenario expense ledger; stress injected into Production 1 material and energy
EXP-000116,2026-02-01,采购部,维修费,10057.9,approved,synthetic_scenario,Scenario expense ledger; stress injected into Production 1 material and energy
EXP-000117,2026-01-01,生产一部,维修费,12547.01,approved,synthetic_scenario,Scenario expense ledger; stress injected into Production 1 material and energy
EXP-000118,2026-06-01,质量部,直接人工,37931.21,approved,synthetic_scenario,Scenario expense ledger; stress injected into Production 1 material and energy
EXP-000119,2026-03-01,设备部,能源费,25889.63,approved,synthetic_scenario,Scenario expense ledger; stress injected into Production 1 material and energy
EXP-000120,2026-07-01,生产一部,其他制造费,12763.46,approved,synthetic_scenario,Scenario expense ledger; stress injected into Production 1 material and energy
EXP-000121,2026-03-01,设备部,折旧费,18528.49,approved,synthetic_scenario,Scenario expense ledger; stress injected into Production 1 material and energy
EXP-000122,2026-05-01,生产二部,维修费,12558.89,approved,synthetic_scenario,Scenario expense ledger; stress injected into Production 1 material and energy
EXP-000123,2026-05-01,生产二部,直接人工,43807.24,approved,synthetic_scenario,Scenario expense ledger; stress injected into Production 1 material and energy
EXP-000124,2026-07-01,设备部,能源费,32886.52,approved,synthetic_scenario,Scenario expense ledger; stress injected into Production 1 material and energy
EXP-000125,2026-10-01,仓储部,直接人工,46964.78,approved,synthetic_scenario,Scenario expense ledger; stress injected into Production 1 material and energy
EXP-000126,2026-06-01,生产二部,能源费,28721.46,approved,synthetic_scenario,Scenario expense ledger; stress injected into Production 1 material and energy
EXP-000127,2026-10-01,质量部,维修费,22289.35,approved,synthetic_scenario,Scenario expense ledger; stress injected into Production 1 material and energy
EXP-000128,2026-09-01,生产一部,直接材料,280703.69,approved,synthetic_scenario,Scenario expense ledger; stress injected into Production 1 material and energy
EXP-000129,2026-07-01,仓储部,能源费,39575.67,approved,synthetic_scenario,Scenario expense ledger; stress injected into Production 1 material and energy
EXP-000130,2026-09-01,采购部,维修费,22204.09,approved,synthetic_scenario,Scenario expense ledger; stress injected into Production 1 material and energy
EXP-000131,2026-08-01,采购部,直接人工,55403.77,approved,synthetic_scenario,Scenario expense ledger; stress injected into Production 1 material and energy
EXP-000132,2026-07-01,生产二部,折旧费,24810.52,approved,synthetic_scenario,Scenario expense ledger; stress injected into Production 1 material and energy
EXP-000133,2026-01-01,质量部,能源费,26988.36,approved,synthetic_scenario,Scenario expense ledger; stress injected into Production 1 material and energy
EXP-000134,2026-09-01,质量部,折旧费,28382.15,approved,synthetic_scenario,Scenario expense ledger; stress injected into Production 1 material and energy
EXP-000135,2026-06-01,生产二部,直接人工,40024.94,approved,synthetic_scenario,Scenario expense ledger; stress injected into Production 1 material and energy
EXP-000136,2026-02-01,生产一部,维修费,17109.47,approved,synthetic_scenario,Scenario expense ledger; stress injected into Production 1 material and energy
EXP-000137,2026-06-01,生产一部,其他制造费,12948.25,approved,synthetic_scenario,Scenario expense ledger; stress injected into Production 1 material and energy
EXP-000138,2026-01-01,生产二部,维修费,11877.81,approved,synthetic_scenario,Scenario expense ledger; stress injected into Production 1 material and energy
EXP-000139,2026-10-01,采购部,直接材料,175503.2,approved,synthetic_scenario,Scenario expense ledger; stress injected into Production 1 material and energy
EXP-000140,2026-04-01,设备部,直接材料,117307.84,approved,synthetic_scenario,Scenario expense ledger; stress injected into Production 1 material and energy
EXP-000141,2026-12-01,设备部,其他制造费,21169.41,pending_review,synthetic_scenario,Scenario expense ledger; stress injected into Production 1 material and energy
EXP-000142,2026-02-01,仓储部,直接人工,31326.94,approved,synthetic_scenario,Scenario expense ledger; stress injected into Production 1 material and energy
EXP-000143,2026-03-01,生产二部,维修费,12760.61,approved,synthetic_scenario,Scenario expense ledger; stress injected into Production 1 material and energy
EXP-000144,2026-06-01,生产一部,能源费,42073.02,approved,synthetic_scenario,Scenario expense ledger; stress injected into Production 1 material and energy
EXP-000145,2026-01-01,采购部,直接人工,41020.2,approved,synthetic_scenario,Scenario expense ledger; stress injected into Production 1 material and energy
EXP-000146,2026-04-01,生产一部,直接人工,38535.25,approved,synthetic_scenario,Scenario expense ledger; stress injected into Production 1 material and energy
EXP-000147,2026-06-01,生产二部,维修费,14937.9,approved,synthetic_scenario,Scenario expense ledger; stress injected into Production 1 material and energy
EXP-000148,2026-10-01,仓储部,折旧费,31634.12,approved,synthetic_scenario,Scenario expense ledger; stress injected into Production 1 material and energy
EXP-000149,2026-09-01,生产二部,能源费,43958.2,approved,synthetic_scenario,Scenario expense ledger; stress injected into Production 1 material and energy
EXP-000150,2026-04-01,质量部,维修费,15230.78,pending_review,synthetic_scenario,Scenario expense ledger; stress injected into Production 1 material and energy
EXP-000151,2026-08-01,设备部,直接材料,174455.45,approved,synthetic_scenario,Scenario expense ledger; stress injected into Production 1 material and energy
EXP-000152,2026-02-01,采购部,能源费,25754.41,approved,synthetic_scenario,Scenario expense ledger; stress injected into Production 1 material and energy
EXP-000153,2026-05-01,采购部,折旧费,29769.28,approved,synthetic_scenario,Scenario expense ledger; stress injected into Production 1 material and energy
EXP-000154,2026-10-01,生产二部,其他制造费,15248.04,approved,synthetic_scenario,Scenario expense ledger; stress injected into Production 1 material and energy
EXP-000155,2026-12-01,仓储部,能源费,43463.35,approved,synthetic_scenario,Scenario expense ledger; stress injected into Production 1 material and energy
EXP-000156,2026-12-01,生产一部,能源费,61381.31,approved,synthetic_scenario,Scenario expense ledger; stress injected into Production 1 material and energy
EXP-000157,2026-12-01,采购部,直接材料,228709.29,approved,synthetic_scenario,Scenario expense ledger; stress injected into Production 1 material and energy
EXP-000158,2026-03-01,采购部,其他制造费,9837.01,approved,synthetic_scenario,Scenario expense ledger; stress injected into Production 1 material and energy
EXP-000159,2026-01-01,质量部,维修费,12817.39,approved,synthetic_scenario,Scenario expense ledger; stress injected into Production 1 material and energy
EXP-000160,2026-03-01,仓储部,直接材料,132189.58,approved,synthetic_scenario,Scenario expense ledger; stress injected into Production 1 material and energy
EXP-000161,2026-05-01,生产一部,维修费,16233.03,approved,synthetic_scenario,Scenario expense ledger; stress injected into Production 1 material and energy
EXP-000162,2026-06-01,质量部,直接材料,139421.36,approved,synthetic_scenario,Scenario expense ledger; stress injected into Production 1 material and energy
EXP-000163,2026-04-01,仓储部,折旧费,24078.09,approved,synthetic_scenario,Scenario expense ledger; stress injected into Production 1 material and energy
EXP-000164,2026-04-01,生产二部,直接材料,137276.85,approved,synthetic_scenario,Scenario expense ledger; stress injected into Production 1 material and energy
EXP-000165,2026-05-01,生产二部,能源费,30692.6,approved,synthetic_scenario,Scenario expense ledger; stress injected into Production 1 material and energy
EXP-000166,2026-06-01,设备部,直接材料,144076.5,approved,synthetic_scenario,Scenario expense ledger; stress injected into Production 1 material and energy
EXP-000167,2026-04-01,设备部,维修费,18032.55,approved,synthetic_scenario,Scenario expense ledger; stress injected into Production 1 material and energy
EXP-000168,2026-12-01,生产一部,直接人工,70684.19,approved,synthetic_scenario,Scenario expense ledger; stress injected into Production 1 material and energy
EXP-000169,2026-08-01,设备部,直接材料,193174.58,approved,synthetic_scenario,Scenario expense ledger; stress injected into Production 1 material and energy
EXP-000170,2026-07-01,设备部,维修费,12471.09,approved,synthetic_scenario,Scenario expense ledger; stress injected into Production 1 material and energy
EXP-000171,2026-09-01,质量部,直接人工,52323.6,approved,synthetic_scenario,Scenario expense ledger; stress injected into Production 1 material and energy
EXP-000172,2026-10-01,质量部,折旧费,35026.04,approved,synthetic_scenario,Scenario expense ledger; stress injected into Production 1 material and energy
EXP-000173,2026-09-01,生产一部,直接材料,271987.59,approved,synthetic_scenario,Scenario expense ledger; stress injected into Production 1 material and energy
EXP-000174,2026-02-01,生产一部,能源费,30504.96,approved,synthetic_scenario,Scenario expense ledger; stress injected into Production 1 material and energy
EXP-000175,2026-09-01,生产一部,折旧费,31787.27,approved,synthetic_scenario,Scenario expense ledger; stress injected into Production 1 material and energy
EXP-000176,2026-09-01,生产二部,折旧费,36055.42,approved,synthetic_scenario,Scenario expense ledger; stress injected into Production 1 material and energy
EXP-000177,2026-12-01,设备部,维修费,21304.07,approved,synthetic_scenario,Scenario expense ledger; stress injected into Production 1 material and energy
EXP-000178,2026-10-01,采购部,其他制造费,16092.83,approved,synthetic_scenario,Scenario expense ledger; stress injected into Production 1 material and energy
EXP-000179,2026-07-01,采购部,折旧费,32648.09,approved,synthetic_scenario,Scenario expense ledger; stress injected into Production 1 material and energy
EXP-000180,2026-11-01,质量部,能源费,44045.45,approved,synthetic_scenario,Scenario expense ledger; stress injected into Production 1 material and energy
EXP-000181,2026-10-01,生产一部,折旧费,35402.77,approved,synthetic_scenario,Scenario expense ledger; stress injected into Production 1 material and energy
EXP-000182,2026-06-01,采购部,折旧费,20542.63,approved,synthetic_scenario,Scenario expense ledger; stress injected into Production 1 material and energy
EXP-000183,2026-04-01,仓储部,维修费,11681.11,approved,synthetic_scenario,Scenario expense ledger; stress injected into Production 1 material and energy
EXP-000184,2026-07-01,设备部,直接人工,48614.82,approved,synthetic_scenario,Scenario expense ledger; stress injected into Production 1 material and energy
EXP-000185,2026-09-01,生产二部,直接人工,63513.02,approved,synthetic_scenario,Scenario expense ledger; stress injected into Production 1 material and energy
EXP-000186,2026-05-01,设备部,直接材料,119148.88,approved,synthetic_scenario,Scenario expense ledger; stress injected into Production 1 material and energy
EXP-000187,2026-04-01,设备部,能源费,31207.71,approved,synthetic_scenario,Scenario expense ledger; stress injected into Production 1 material and energy
EXP-000188,2026-01-01,质量部,折旧费,19867.36,approved,synthetic_scenario,Scenario expense ledger; stress injected into Production 1 material and energy
EXP-000189,2026-09-01,设备部,维修费,20542.35,approved,synthetic_scenario,Scenario expense ledger; stress injected into Production 1 material and energy
EXP-000190,2026-07-01,生产一部,直接人工,39002.14,approved,synthetic_scenario,Scenario expense ledger; stress injected into Production 1 material and energy
EXP-000191,2026-07-01,采购部,折旧费,37496.7,approved,synthetic_scenario,Scenario expense ledger; stress injected into Production 1 material and energy
EXP-000192,2026-02-01,质量部,直接材料,140261.71,approved,synthetic_scenario,Scenario expense ledger; stress injected into Production 1 material and energy
EXP-000193,2026-02-01,质量部,直接材料,145475.62,approved,synthetic_scenario,Scenario expense ledger; stress injected into Production 1 material and energy
EXP-000194,2026-04-01,仓储部,能源费,35417.37,approved,synthetic_scenario,Scenario expense ledger; stress injected into Production 1 material and energy
EXP-000195,2026-03-01,生产一部,维修费,14950.37,approved,synthetic_scenario,Scenario expense ledger; stress injected into Production 1 material and energy
EXP-000196,2026-04-01,生产二部,折旧费,22828.75,approved,synthetic_scenario,Scenario expense ledger; stress injected into Production 1 material and energy
EXP-000197,2026-09-01,采购部,直接材料,176610.61,approved,synthetic_scenario,Scenario expense ledger; stress injected into Production 1 material and energy
EXP-000198,2026-04-01,生产二部,其他制造费,12330.75,approved,synthetic_scenario,Scenario expense ledger; stress injected into Production 1 material and energy
EXP-000199,2026-04-01,质量部,其他制造费,12177.15,approved,synthetic_scenario,Scenario expense ledger; stress injected into Production 1 material and energy
EXP-000200,2026-03-01,设备部,直接人工,41623.19,approved,synthetic_scenario,Scenario expense ledger; stress injected into Production 1 material and energy
EXP-000201,2026-08-01,采购部,直接材料,182143.44,approved,synthetic_scenario,Scenario expense ledger; stress injected into Production 1 material and energy
EXP-000202,2026-07-01,仓储部,直接材料,169213.91,approved,synthetic_scenario,Scenario expense ledger; stress injected into Production 1 material and energy
EXP-000203,2026-12-01,生产二部,直接人工,61997.5,approved,synthetic_scenario,Scenario expense ledger; stress injected into Production 1 material and energy
EXP-000204,2026-05-01,设备部,折旧费,25241.43,approved,synthetic_scenario,Scenario expense ledger; stress injected into Production 1 material and energy
EXP-000205,2026-10-01,生产一部,直接材料,300359.64,approved,synthetic_scenario,Scenario expense ledger; stress injected into Production 1 material and energy
EXP-000206,2026-09-01,质量部,维修费,21381.64,approved,synthetic_scenario,Scenario expense ledger; stress injected into Production 1 material and energy
EXP-000207,2026-03-01,仓储部,直接人工,38598.36,approved,synthetic_scenario,Scenario expense ledger; stress injected into Production 1 material and energy
EXP-000208,2026-06-01,生产二部,直接材料,151597.61,approved,synthetic_scenario,Scenario expense ledger; stress injected into Production 1 material and energy
EXP-000209,2026-03-01,生产二部,其他制造费,10820.21,approved,synthetic_scenario,Scenario expense ledger; stress injected into Production 1 material and energy
EXP-000210,2026-03-01,采购部,其他制造费,9624.82,approved,synthetic_scenario,Scenario expense ledger; stress injected into Production 1 material and energy
EXP-000211,2026-08-01,生产一部,能源费,58172.24,approved,synthetic_scenario,Scenario expense ledger; stress injected into Production 1 material and energy
EXP-000212,2026-07-01,生产二部,直接人工,40928.61,approved,synthetic_scenario,Scenario expense ledger; stress injected into Production 1 material and energy
EXP-000213,2026-02-01,采购部,其他制造费,9989.88,approved,synthetic_scenario,Scenario expense ledger; stress injected into Production 1 material and energy
EXP-000214,2026-03-01,设备部,能源费,24221.64,approved,synthetic_scenario,Scenario expense ledger; stress injected into Production 1 material and energy
EXP-000215,2026-02-01,质量部,直接人工,30288.28,approved,synthetic_scenario,Scenario expense ledger; stress injected into Production 1 material and energy
EXP-000216,2026-11-01,生产二部,能源费,41964.22,approved,synthetic_scenario,Scenario expense ledger; stress injected into Production 1 material and energy
EXP-000217,2026-06-01,生产一部,维修费,15253.15,approved,synthetic_scenario,Scenario expense ledger; stress injected into Production 1 material and energy
EXP-000218,2026-12-01,采购部,维修费,24954.86,approved,synthetic_scenario,Scenario expense ledger; stress injected into Production 1 material and energy
EXP-000219,2026-01-01,采购部,其他制造费,10798.65,approved,synthetic_scenario,Scenario expense ledger; stress injected into Production 1 material and energy
EXP-000220,2026-06-01,生产二部,维修费,17022.46,approved,synthetic_scenario,Scenario expense ledger; stress injected into Production 1 material and energy
EXP-000221,2026-06-01,质量部,维修费,15597.43,approved,synthetic_scenario,Scenario expense ledger; stress injected into Production 1 material and energy
EXP-000222,2026-10-01,采购部,维修费,22221.55,approved,synthetic_scenario,Scenario expense ledger; stress injected into Production 1 material and energy
EXP-000223,2026-05-01,采购部,直接人工,43704.26,approved,synthetic_scenario,Scenario expense ledger; stress injected into Production 1 material and energy
EXP-000224,2026-06-01,仓储部,直接材料,116732.69,approved,synthetic_scenario,Scenario expense ledger; stress injected into Production 1 material and energy
EXP-000225,2026-06-01,设备部,直接人工,43950.91,pending_review,synthetic_scenario,Scenario expense ledger; stress injected into Production 1 material and energy
EXP-000226,2026-12-01,质量部,能源费,36994.54,pending_review,synthetic_scenario,Scenario expense ledger; stress injected into Production 1 material and energy
EXP-000227,2026-05-01,质量部,其他制造费,13449.08,approved,synthetic_scenario,Scenario expense ledger; stress injected into Production 1 material and energy
EXP-000228,2026-05-01,仓储部,能源费,31209.23,approved,synthetic_scenario,Scenario expense ledger; stress injected into Production 1 material and energy
EXP-000229,2026-04-01,采购部,折旧费,21837.51,approved,synthetic_scenario,Scenario expense ledger; stress injected into Production 1 material and energy
EXP-000230,2026-09-01,生产二部,直接材料,174179.82,approved,synthetic_scenario,Scenario expense ledger; stress injected into Production 1 material and energy
EXP-000231,2026-03-01,采购部,维修费,12744.15,approved,synthetic_scenario,Scenario expense ledger; stress injected into Production 1 material and energy
EXP-000232,2026-05-01,质量部,维修费,12610.14,approved,synthetic_scenario,Scenario expense ledger; stress injected into Production 1 material and energy
EXP-000233,2026-11-01,生产一部,直接材料,258551.96,approved,synthetic_scenario,Scenario expense ledger; stress injected into Production 1 material and energy
EXP-000234,2026-10-01,采购部,直接材料,162974.73,approved,synthetic_scenario,Scenario expense ledger; stress injected into Production 1 material and energy
EXP-000235,2026-05-01,设备部,维修费,15856.92,approved,synthetic_scenario,Scenario expense ledger; stress injected into Production 1 material and energy
EXP-000236,2026-11-01,生产一部,直接人工,59048.57,approved,synthetic_scenario,Scenario expense ledger; stress injected into Production 1 material and energy
EXP-000237,2026-07-01,设备部,直接材料,203275.9,approved,synthetic_scenario,Scenario expense ledger; stress injected into Production 1 material and energy
EXP-000238,2026-05-01,质量部,维修费,17058.53,approved,synthetic_scenario,Scenario expense ledger; stress injected into Production 1 material and energy
EXP-000239,2026-10-01,仓储部,直接材料,261411.55,approved,synthetic_scenario,Scenario expense ledger; stress injected into Production 1 material and energy
EXP-000240,2026-05-01,生产二部,能源费,30682.28,approved,synthetic_scenario,Scenario expense ledger; stress injected into Production 1 material and energy
EXP-000241,2026-05-01,采购部,直接材料,111557.79,approved,synthetic_scenario,Scenario expense ledger; stress injected into Production 1 material and energy
EXP-000242,2026-03-01,生产二部,直接材料,103639.11,approved,synthetic_scenario,Scenario expense ledger; stress injected into Production 1 material and energy
EXP-000243,2026-06-01,仓储部,其他制造费,12551.49,approved,synthetic_scenario,Scenario expense ledger; stress injected into Production 1 material and energy
EXP-000244,2026-06-01,生产一部,直接材料,187729.71,approved,synthetic_scenario,Scenario expense ledger; stress injected into Production 1 material and energy
EXP-000245,2026-02-01,生产一部,其他制造费,12867.0,approved,synthetic_scenario,Scenario expense ledger; stress injected into Production 1 material and energy
EXP-000246,2026-08-01,采购部,维修费,14549.73,approved,synthetic_scenario,Scenario expense ledger; stress injected into Production 1 material and energy
EXP-000247,2026-04-01,生产二部,直接人工,41637.8,approved,synthetic_scenario,Scenario expense ledger; stress injected into Production 1 material and energy
EXP-000248,2026-02-01,质量部,能源费,21471.07,approved,synthetic_scenario,Scenario expense ledger; stress injected into Production 1 material and energy
EXP-000249,2026-02-01,采购部,维修费,14251.27,approved,synthetic_scenario,Scenario expense ledger; stress injected into Production 1 material and energy
EXP-000250,2026-09-01,设备部,其他制造费,18547.81,approved,synthetic_scenario,Scenario expense ledger; stress injected into Production 1 material and energy
EXP-000251,2026-06-01,仓储部,维修费,14659.86,approved,synthetic_scenario,Scenario expense ledger; stress injected into Production 1 material and energy
EXP-000252,2026-04-01,仓储部,维修费,13775.31,approved,synthetic_scenario,Scenario expense ledger; stress injected into Production 1 material and energy
EXP-000253,2026-01-01,设备部,维修费,11742.1,approved,synthetic_scenario,Scenario expense ledger; stress injected into Production 1 material and energy
EXP-000254,2026-04-01,生产二部,能源费,23855.49,approved,synthetic_scenario,Scenario expense ledger; stress injected into Production 1 material and energy
EXP-000255,2026-03-01,仓储部,维修费,14690.61,approved,synthetic_scenario,Scenario expense ledger; stress injected into Production 1 material and energy
EXP-000256,2026-03-01,仓储部,能源费,31110.95,approved,synthetic_scenario,Scenario expense ledger; stress injected into Production 1 material and energy
EXP-000257,2026-02-01,设备部,折旧费,23198.94,approved,synthetic_scenario,Scenario expense ledger; stress injected into Production 1 material and energy
EXP-000258,2026-03-01,生产一部,直接人工,39710.68,approved,synthetic_scenario,Scenario expense ledger; stress injected into Production 1 material and energy
EXP-000259,2026-05-01,仓储部,直接人工,39483.98,approved,synthetic_scenario,Scenario expense ledger; stress injected into Production 1 material and energy
EXP-000260,2026-01-01,生产二部,折旧费,22076.14,approved,synthetic_scenario,Scenario expense ledger; stress injected into Production 1 material and energy
EXP-000261,2026-11-01,生产一部,其他制造费,17345.64,approved,synthetic_scenario,Scenario expense ledger; stress injected into Production 1 material and energy
EXP-000262,2026-10-01,质量部,维修费,21754.28,approved,synthetic_scenario,Scenario expense ledger; stress injected into Production 1 material and energy
EXP-000263,2026-01-01,仓储部,维修费,12272.91,approved,synthetic_scenario,Scenario expense ledger; stress injected into Production 1 material and energy
EXP-000264,2026-06-01,生产一部,维修费,12735.98,approved,synthetic_scenario,Scenario expense ledger; stress injected into Production 1 material and energy
EXP-000265,2026-03-01,生产二部,能源费,24872.77,approved,synthetic_scenario,Scenario expense ledger; stress injected into Production 1 material and energy
EXP-000266,2026-07-01,采购部,直接材料,196183.0,approved,synthetic_scenario,Scenario expense ledger; stress injected into Production 1 material and energy
EXP-000267,2026-09-01,生产一部,折旧费,36815.88,approved,synthetic_scenario,Scenario expense ledger; stress injected into Production 1 material and energy
EXP-000268,2026-06-01,设备部,能源费,32355.65,approved,synthetic_scenario,Scenario expense ledger; stress injected into Production 1 material and energy
EXP-000269,2026-07-01,设备部,其他制造费,15112.61,approved,synthetic_scenario,Scenario expense ledger; stress injected into Production 1 material and energy
EXP-000270,2026-06-01,采购部,直接材料,163287.55,approved,synthetic_scenario,Scenario expense ledger; stress injected into Production 1 material and energy
EXP-000271,2026-05-01,仓储部,维修费,13248.17,approved,synthetic_scenario,Scenario expense ledger; stress injected into Production 1 material and energy
EXP-000272,2026-12-01,仓储部,维修费,22207.33,approved,synthetic_scenario,Scenario expense ledger; stress injected into Production 1 material and energy
EXP-000273,2026-03-01,质量部,维修费,9211.03,approved,synthetic_scenario,Scenario expense ledger; stress injected into Production 1 material and energy
EXP-000274,2026-09-01,设备部,维修费,22625.68,approved,synthetic_scenario,Scenario expense ledger; stress injected into Production 1 material and energy
EXP-000275,2026-03-01,设备部,能源费,25831.08,approved,synthetic_scenario,Scenario expense ledger; stress injected into Production 1 material and energy
EXP-000276,2026-09-01,设备部,直接材料,241775.13,approved,synthetic_scenario,Scenario expense ledger; stress injected into Production 1 material and energy
EXP-000277,2026-05-01,设备部,折旧费,24896.25,approved,synthetic_scenario,Scenario expense ledger; stress injected into Production 1 material and energy
EXP-000278,2026-07-01,采购部,折旧费,31814.82,approved,synthetic_scenario,Scenario expense ledger; stress injected into Production 1 material and energy
EXP-000279,2026-05-01,质量部,能源费,28423.33,approved,synthetic_scenario,Scenario expense ledger; stress injected into Production 1 material and energy
EXP-000280,2026-10-01,质量部,其他制造费,15859.93,approved,synthetic_scenario,Scenario expense ledger; stress injected into Production 1 material and energy
EXP-000281,2026-08-01,质量部,折旧费,31804.67,approved,synthetic_scenario,Scenario expense ledger; stress injected into Production 1 material and energy
EXP-000282,2026-06-01,生产二部,能源费,28188.63,approved,synthetic_scenario,Scenario expense ledger; stress injected into Production 1 material and energy
EXP-000283,2026-10-01,质量部,其他制造费,15831.65,approved,synthetic_scenario,Scenario expense ledger; stress injected into Production 1 material and energy
EXP-000284,2026-05-01,生产一部,维修费,15000.96,approved,synthetic_scenario,Scenario expense ledger; stress injected into Production 1 material and energy
EXP-000285,2026-02-01,设备部,直接人工,31925.18,approved,synthetic_scenario,Scenario expense ledger; stress injected into Production 1 material and energy
EXP-000286,2026-12-01,采购部,直接人工,61974.77,approved,synthetic_scenario,Scenario expense ledger; stress injected into Production 1 material and energy
EXP-000287,2026-11-01,仓储部,维修费,22147.7,approved,synthetic_scenario,Scenario expense ledger; stress injected into Production 1 material and energy
EXP-000288,2026-02-01,生产一部,直接材料,175819.12,approved,synthetic_scenario,Scenario expense ledger; stress injected into Production 1 material and energy
EXP-000289,2026-04-01,生产二部,直接材料,126179.55,approved,synthetic_scenario,Scenario expense ledger; stress injected into Production 1 material and energy
EXP-000290,2026-12-01,仓储部,能源费,45841.05,approved,synthetic_scenario,Scenario expense ledger; stress injected into Production 1 material and energy
EXP-000291,2026-04-01,生产二部,直接人工,41516.46,approved,synthetic_scenario,Scenario expense ledger; stress injected into Production 1 material and energy
EXP-000292,2026-10-01,生产二部,折旧费,30796.9,approved,synthetic_scenario,Scenario expense ledger; stress injected into Production 1 material and energy
EXP-000293,2026-04-01,生产一部,折旧费,18169.03,approved,synthetic_scenario,Scenario expense ledger; stress injected into Production 1 material and energy
EXP-000294,2026-01-01,质量部,直接材料,132560.11,approved,synthetic_scenario,Scenario expense ledger; stress injected into Production 1 material and energy
EXP-000295,2026-03-01,生产二部,直接材料,114371.32,approved,synthetic_scenario,Scenario expense ledger; stress injected into Production 1 material and energy
EXP-000296,2026-10-01,仓储部,其他制造费,18324.21,approved,synthetic_scenario,Scenario expense ledger; stress injected into Production 1 material and energy
EXP-000297,2026-11-01,采购部,折旧费,41051.73,approved,synthetic_scenario,Scenario expense ledger; stress injected into Production 1 material and energy
EXP-000298,2026-07-01,质量部,维修费,18572.98,approved,synthetic_scenario,Scenario expense ledger; stress injected into Production 1 material and energy
EXP-000299,2026-03-01,采购部,折旧费,20621.9,approved,synthetic_scenario,Scenario expense ledger; stress injected into Production 1 material and energy
EXP-000300,2026-02-01,生产二部,能源费,30602.5,approved,synthetic_scenario,Scenario expense ledger; stress injected into Production 1 material and energy
EXP-000301,2026-07-01,生产一部,能源费,35773.8,approved,synthetic_scenario,Scenario expense ledger; stress injected into Production 1 material and energy
EXP-000302,2026-01-01,设备部,直接材料,151377.11,approved,synthetic_scenario,Scenario expense ledger; stress injected into Production 1 material and energy
EXP-000303,2026-04-01,仓储部,其他制造费,12307.45,approved,synthetic_scenario,Scenario expense ledger; stress injected into Production 1 material and energy
EXP-000304,2026-09-01,质量部,折旧费,33630.39,approved,synthetic_scenario,Scenario expense ledger; stress injected into Production 1 material and energy
EXP-000305,2026-01-01,设备部,其他制造费,10492.14,approved,synthetic_scenario,Scenario expense ledger; stress injected into Production 1 material and energy
EXP-000306,2026-11-01,设备部,其他制造费,17426.38,approved,synthetic_scenario,Scenario expense ledger; stress injected into Production 1 material and energy
EXP-000307,2026-02-01,仓储部,直接材料,118422.45,approved,synthetic_scenario,Scenario expense ledger; stress injected into Production 1 material and energy
EXP-000308,2026-09-01,设备部,折旧费,34976.68,approved,synthetic_scenario,Scenario expense ledger; stress injected into Production 1 material and energy
EXP-000309,2026-03-01,采购部,直接人工,41876.12,pending_review,synthetic_scenario,Scenario expense ledger; stress injected into Production 1 material and energy
EXP-000310,2026-08-01,仓储部,直接材料,211660.15,approved,synthetic_scenario,Scenario expense ledger; stress injected into Production 1 material and energy
EXP-000311,2026-05-01,仓储部,直接人工,39415.37,approved,synthetic_scenario,Scenario expense ledger; stress injected into Production 1 material and energy
EXP-000312,2026-06-01,仓储部,直接材料,126584.68,approved,synthetic_scenario,Scenario expense ledger; stress injected into Production 1 material and energy
EXP-000313,2026-05-01,生产二部,折旧费,25852.3,approved,synthetic_scenario,Scenario expense ledger; stress injected into Production 1 material and energy
EXP-000314,2026-07-01,生产二部,直接人工,38429.05,approved,synthetic_scenario,Scenario expense ledger; stress injected into Production 1 material and energy
EXP-000315,2026-10-01,生产一部,直接材料,307045.4,approved,synthetic_scenario,Scenario expense ledger; stress injected into Production 1 material and energy
EXP-000316,2026-06-01,设备部,能源费,33704.45,approved,synthetic_scenario,Scenario expense ledger; stress injected into Production 1 material and energy
EXP-000317,2026-10-01,仓储部,能源费,35720.32,approved,synthetic_scenario,Scenario expense ledger; stress injected into Production 1 material and energy
EXP-000318,2026-07-01,设备部,直接材料,176341.68,approved,synthetic_scenario,Scenario expense ledger; stress injected into Production 1 material and energy
EXP-000319,2026-03-01,设备部,其他制造费,12264.12,approved,synthetic_scenario,Scenario expense ledger; stress injected into Production 1 material and energy
EXP-000320,2026-02-01,生产一部,直接材料,219988.89,pending_review,synthetic_scenario,Scenario expense ledger; stress injected into Production 1 material and energy
EXP-000321,2026-08-01,生产二部,直接人工,54864.37,approved,synthetic_scenario,Scenario expense ledger; stress injected into Production 1 material and energy
EXP-000322,2026-03-01,生产一部,其他制造费,8637.6,approved,synthetic_scenario,Scenario expense ledger; stress injected into Production 1 material and energy
EXP-000323,2026-08-01,生产一部,其他制造费,15021.63,approved,synthetic_scenario,Scenario expense ledger; stress injected into Production 1 material and energy
EXP-000324,2026-03-01,仓储部,维修费,14204.48,approved,synthetic_scenario,Scenario expense ledger; stress injected into Production 1 material and energy
EXP-000325,2026-08-01,生产二部,维修费,17594.79,approved,synthetic_scenario,Scenario expense ledger; stress injected into Production 1 material and energy
EXP-000326,2026-12-01,生产一部,能源费,65939.06,approved,synthetic_scenario,Scenario expense ledger; stress injected into Production 1 material and energy
EXP-000327,2026-10-01,设备部,直接人工,66553.36,approved,synthetic_scenario,Scenario expense ledger; stress injected into Production 1 material and energy
EXP-000328,2026-02-01,设备部,其他制造费,9591.95,approved,synthetic_scenario,Scenario expense ledger; stress injected into Production 1 material and energy
EXP-000329,2026-09-01,仓储部,维修费,18019.49,approved,synthetic_scenario,Scenario expense ledger; stress injected into Production 1 material and energy
EXP-000330,2026-03-01,采购部,折旧费,22696.49,approved,synthetic_scenario,Scenario expense ledger; stress injected into Production 1 material and energy
EXP-000331,2026-03-01,采购部,折旧费,24175.02,approved,synthetic_scenario,Scenario expense ledger; stress injected into Production 1 material and energy
EXP-000332,2026-01-01,仓储部,其他制造费,10617.13,approved,synthetic_scenario,Scenario expense ledger; stress injected into Production 1 material and energy
EXP-000333,2026-03-01,质量部,折旧费,20334.4,approved,synthetic_scenario,Scenario expense ledger; stress injected into Production 1 material and energy
EXP-000334,2026-03-01,设备部,直接人工,39359.83,approved,synthetic_scenario,Scenario expense ledger; stress injected into Production 1 material and energy
EXP-000335,2026-03-01,生产一部,能源费,42997.55,approved,synthetic_scenario,Scenario expense ledger; stress injected into Production 1 material and energy
EXP-000336,2026-12-01,采购部,直接人工,63807.1,approved,synthetic_scenario,Scenario expense ledger; stress injected into Production 1 material and energy
EXP-000337,2026-09-01,生产二部,折旧费,34731.17,approved,synthetic_scenario,Scenario expense ledger; stress injected into Production 1 material and energy
EXP-000338,2026-03-01,质量部,折旧费,27417.79,approved,synthetic_scenario,Scenario expense ledger; stress injected into Production 1 material and energy
EXP-000339,2026-08-01,生产一部,其他制造费,16439.81,approved,synthetic_scenario,Scenario expense ledger; stress injected into Production 1 material and energy
EXP-000340,2026-01-01,设备部,能源费,26819.09,approved,synthetic_scenario,Scenario expense ledger; stress injected into Production 1 material and energy
EXP-000341,2026-10-01,仓储部,维修费,23275.7,approved,synthetic_scenario,Scenario expense ledger; stress injected into Production 1 material and energy
EXP-000342,2026-05-01,采购部,直接材料,152900.09,approved,synthetic_scenario,Scenario expense ledger; stress injected into Production 1 material and energy
EXP-000343,2026-04-01,采购部,维修费,14522.39,approved,synthetic_scenario,Scenario expense ledger; stress injected into Production 1 material and energy
EXP-000344,2026-01-01,生产一部,直接材料,213919.9,approved,synthetic_scenario,Scenario expense ledger; stress injected into Production 1 material and energy
EXP-000345,2026-02-01,设备部,维修费,10788.42,approved,synthetic_scenario,Scenario expense ledger; stress injected into Production 1 material and energy
EXP-000346,2026-11-01,采购部,折旧费,34556.23,approved,synthetic_scenario,Scenario expense ledger; stress injected into Production 1 material and energy
EXP-000347,2026-05-01,采购部,折旧费,26733.14,approved,synthetic_scenario,Scenario expense ledger; stress injected into Production 1 material and energy
EXP-000348,2026-01-01,仓储部,维修费,10844.1,approved,synthetic_scenario,Scenario expense ledger; stress injected into Production 1 material and energy
EXP-000349,2026-02-01,设备部,折旧费,22196.89,approved,synthetic_scenario,Scenario expense ledger; stress injected into Production 1 material and energy
EXP-000350,2026-01-01,仓储部,维修费,9177.18,approved,synthetic_scenario,Scenario expense ledger; stress injected into Production 1 material and energy
EXP-000351,2026-07-01,采购部,维修费,15050.87,approved,synthetic_scenario,Scenario expense ledger; stress injected into Production 1 material and energy
EXP-000352,2026-11-01,采购部,能源费,43899.83,approved,synthetic_scenario,Scenario expense ledger; stress injected into Production 1 material and energy
EXP-000353,2026-02-01,生产一部,直接材料,179031.36,approved,synthetic_scenario,Scenario expense ledger; stress injected into Production 1 material and energy
EXP-000354,2026-04-01,生产一部,其他制造费,12147.72,approved,synthetic_scenario,Scenario expense ledger; stress injected into Production 1 material and energy
EXP-000355,2026-08-01,采购部,直接人工,61744.4,approved,synthetic_scenario,Scenario expense ledger; stress injected into Production 1 material and energy
EXP-000356,2026-03-01,质量部,维修费,14734.18,approved,synthetic_scenario,Scenario expense ledger; stress injected into Production 1 material and energy
EXP-000357,2026-02-01,仓储部,能源费,23864.56,approved,synthetic_scenario,Scenario expense ledger; stress injected into Production 1 material and energy
EXP-000358,2026-05-01,仓储部,折旧费,23787.85,approved,synthetic_scenario,Scenario expense ledger; stress injected into Production 1 material and energy
EXP-000359,2026-12-01,采购部,维修费,23551.52,approved,synthetic_scenario,Scenario expense ledger; stress injected into Production 1 material and energy
EXP-000360,2026-07-01,仓储部,折旧费,33519.51,approved,synthetic_scenario,Scenario expense ledger; stress injected into Production 1 material and energy
EXP-000361,2026-03-01,生产二部,能源费,28253.32,approved,synthetic_scenario,Scenario expense ledger; stress injected into Production 1 material and energy
EXP-000362,2026-08-01,生产二部,折旧费,36610.55,approved,synthetic_scenario,Scenario expense ledger; stress injected into Production 1 material and energy
EXP-000363,2026-05-01,采购部,直接材料,141313.04,approved,synthetic_scenario,Scenario expense ledger; stress injected into Production 1 material and energy
EXP-000364,2026-10-01,生产二部,折旧费,33590.96,approved,synthetic_scenario,Scenario expense ledger; stress injected into Production 1 material and energy
EXP-000365,2026-09-01,生产一部,直接人工,77498.77,approved,synthetic_scenario,Scenario expense ledger; stress injected into Production 1 material and energy
EXP-000366,2026-01-01,质量部,其他制造费,9472.17,approved,synthetic_scenario,Scenario expense ledger; stress injected into Production 1 material and energy
EXP-000367,2026-12-01,采购部,其他制造费,17898.59,approved,synthetic_scenario,Scenario expense ledger; stress injected into Production 1 material and energy
EXP-000368,2026-04-01,设备部,其他制造费,10257.81,approved,synthetic_scenario,Scenario expense ledger; stress injected into Production 1 material and energy
EXP-000369,2026-12-01,生产二部,直接人工,70617.42,approved,synthetic_scenario,Scenario expense ledger; stress injected into Production 1 material and energy
EXP-000370,2026-12-01,生产二部,其他制造费,23293.98,pending_review,synthetic_scenario,Scenario expense ledger; stress injected into Production 1 material and energy
EXP-000371,2026-07-01,采购部,折旧费,25412.17,approved,synthetic_scenario,Scenario expense ledger; stress injected into Production 1 material and energy
EXP-000372,2026-04-01,设备部,直接材料,122246.62,approved,synthetic_scenario,Scenario expense ledger; stress injected into Production 1 material and energy
EXP-000373,2026-12-01,采购部,能源费,46026.82,approved,synthetic_scenario,Scenario expense ledger; stress injected into Production 1 material and energy
EXP-000374,2026-09-01,采购部,能源费,34003.11,approved,synthetic_scenario,Scenario expense ledger; stress injected into Production 1 material and energy
EXP-000375,2026-07-01,仓储部,能源费,41290.45,approved,synthetic_scenario,Scenario expense ledger; stress injected into Production 1 material and energy
EXP-000376,2026-07-01,质量部,直接人工,45095.55,approved,synthetic_scenario,Scenario expense ledger; stress injected into Production 1 material and energy
EXP-000377,2026-09-01,生产二部,折旧费,31680.58,approved,synthetic_scenario,Scenario expense ledger; stress injected into Production 1 material and energy
EXP-000378,2026-02-01,采购部,其他制造费,9231.48,approved,synthetic_scenario,Scenario expense ledger; stress injected into Production 1 material and energy
EXP-000379,2026-02-01,仓储部,能源费,19547.44,approved,synthetic_scenario,Scenario expense ledger; stress injected into Production 1 material and energy
EXP-000380,2026-04-01,设备部,其他制造费,11082.73,approved,synthetic_scenario,Scenario expense ledger; stress injected into Production 1 material and energy
EXP-000381,2026-11-01,生产一部,直接人工,67716.35,approved,synthetic_scenario,Scenario expense ledger; stress injected into Production 1 material and energy
EXP-000382,2026-02-01,生产一部,直接人工,41702.27,approved,synthetic_scenario,Scenario expense ledger; stress injected into Production 1 material and energy
EXP-000383,2026-04-01,质量部,维修费,14597.38,approved,synthetic_scenario,Scenario expense ledger; stress injected into Production 1 material and energy
EXP-000384,2026-05-01,生产二部,能源费,37982.64,pending_review,synthetic_scenario,Scenario expense ledger; stress injected into Production 1 material and energy
EXP-000385,2026-11-01,仓储部,能源费,41176.63,approved,synthetic_scenario,Scenario expense ledger; stress injected into Production 1 material and energy
EXP-000386,2026-04-01,质量部,直接人工,39572.9,approved,synthetic_scenario,Scenario expense ledger; stress injected into Production 1 material and energy
EXP-000387,2026-11-01,采购部,直接人工,60375.8,approved,synthetic_scenario,Scenario expense ledger; stress injected into Production 1 material and energy
EXP-000388,2026-10-01,生产二部,能源费,38532.96,approved,synthetic_scenario,Scenario expense ledger; stress injected into Production 1 material and energy
EXP-000389,2026-06-01,采购部,维修费,12487.37,approved,synthetic_scenario,Scenario expense ledger; stress injected into Production 1 material and energy
EXP-000390,2026-11-01,生产一部,折旧费,37631.93,approved,synthetic_scenario,Scenario expense ledger; stress injected into Production 1 material and energy
EXP-000391,2026-03-01,质量部,直接人工,27087.36,approved,synthetic_scenario,Scenario expense ledger; stress injected into Production 1 material and energy
EXP-000392,2026-11-01,采购部,能源费,48693.77,approved,synthetic_scenario,Scenario expense ledger; stress injected into Production 1 material and energy
EXP-000393,2026-09-01,生产一部,其他制造费,14136.69,approved,synthetic_scenario,Scenario expense ledger; stress injected into Production 1 material and energy
EXP-000394,2026-06-01,质量部,其他制造费,11009.79,approved,synthetic_scenario,Scenario expense ledger; stress injected into Production 1 material and energy
EXP-000395,2026-11-01,生产一部,维修费,17437.38,approved,synthetic_scenario,Scenario expense ledger; stress injected into Production 1 material and energy
EXP-000396,2026-03-01,生产二部,能源费,20451.67,approved,synthetic_scenario,Scenario expense ledger; stress injected into Production 1 material and energy
EXP-000397,2026-11-01,质量部,其他制造费,19461.67,approved,synthetic_scenario,Scenario expense ledger; stress injected into Production 1 material and energy
EXP-000398,2026-08-01,设备部,折旧费,31180.54,approved,synthetic_scenario,Scenario expense ledger; stress injected into Production 1 material and energy
EXP-000399,2026-12-01,采购部,其他制造费,18672.93,approved,synthetic_scenario,Scenario expense ledger; stress injected into Production 1 material and energy
EXP-000400,2026-04-01,生产二部,能源费,21928.71,approved,synthetic_scenario,Scenario expense ledger; stress injected into Production 1 material and energy
EXP-000401,2026-09-01,质量部,维修费,18444.25,approved,synthetic_scenario,Scenario expense ledger; stress injected into Production 1 material and energy
EXP-000402,2026-08-01,生产一部,折旧费,34863.47,approved,synthetic_scenario,Scenario expense ledger; stress injected into Production 1 material and energy
EXP-000403,2026-04-01,生产二部,能源费,26021.46,approved,synthetic_scenario,Scenario expense ledger; stress injected into Production 1 material and energy
EXP-000404,2026-07-01,生产一部,直接材料,165108.08,approved,synthetic_scenario,Scenario expense ledger; stress injected into Production 1 material and energy
EXP-000405,2026-02-01,设备部,折旧费,21338.02,approved,synthetic_scenario,Scenario expense ledger; stress injected into Production 1 material and energy
EXP-000406,2026-05-01,生产二部,维修费,13419.71,approved,synthetic_scenario,Scenario expense ledger; stress injected into Production 1 material and energy
EXP-000407,2026-08-01,生产二部,其他制造费,15226.07,approved,synthetic_scenario,Scenario expense ledger; stress injected into Production 1 material and energy
EXP-000408,2026-01-01,质量部,维修费,14280.79,approved,synthetic_scenario,Scenario expense ledger; stress injected into Production 1 material and energy
EXP-000409,2026-07-01,生产一部,直接材料,219739.54,approved,synthetic_scenario,Scenario expense ledger; stress injected into Production 1 material and energy
EXP-000410,2026-04-01,采购部,直接人工,36001.01,approved,synthetic_scenario,Scenario expense ledger; stress injected into Production 1 material and energy
EXP-000411,2026-09-01,仓储部,折旧费,25515.96,approved,synthetic_scenario,Scenario expense ledger; stress injected into Production 1 material and energy
EXP-000412,2026-05-01,仓储部,维修费,13160.27,approved,synthetic_scenario,Scenario expense ledger; stress injected into Production 1 material and energy
EXP-000413,2026-09-01,设备部,能源费,39460.94,approved,synthetic_scenario,Scenario expense ledger; stress injected into Production 1 material and energy
EXP-000414,2026-01-01,质量部,直接材料,159404.72,approved,synthetic_scenario,Scenario expense ledger; stress injected into Production 1 material and energy
EXP-000415,2026-02-01,生产二部,能源费,25102.54,approved,synthetic_scenario,Scenario expense ledger; stress injected into Production 1 material and energy
EXP-000416,2026-07-01,设备部,维修费,14460.18,approved,synthetic_scenario,Scenario expense ledger; stress injected into Production 1 material and energy
EXP-000417,2026-07-01,质量部,能源费,30699.25,approved,synthetic_scenario,Scenario expense ledger; stress injected into Production 1 material and energy
EXP-000418,2026-05-01,设备部,折旧费,26304.92,approved,synthetic_scenario,Scenario expense ledger; stress injected into Production 1 material and energy
EXP-000419,2026-09-01,生产一部,维修费,21426.71,approved,synthetic_scenario,Scenario expense ledger; stress injected into Production 1 material and energy
EXP-000420,2026-07-01,设备部,其他制造费,14127.6,approved,synthetic_scenario,Scenario expense ledger; stress injected into Production 1 material and energy
EXP-000421,2026-08-01,生产二部,折旧费,33291.03,approved,synthetic_scenario,Scenario expense ledger; stress injected into Production 1 material and energy
EXP-000422,2026-01-01,质量部,直接人工,33598.55,approved,synthetic_scenario,Scenario expense ledger; stress injected into Production 1 material and energy
EXP-000423,2026-03-01,仓储部,直接人工,42724.34,approved,synthetic_scenario,Scenario expense ledger; stress injected into Production 1 material and energy
EXP-000424,2026-02-01,生产一部,能源费,35987.0,approved,synthetic_scenario,Scenario expense ledger; stress injected into Production 1 material and energy
EXP-000425,2026-03-01,设备部,能源费,21531.87,approved,synthetic_scenario,Scenario expense ledger; stress injected into Production 1 material and energy
EXP-000426,2026-05-01,生产一部,直接人工,52614.3,approved,synthetic_scenario,Scenario expense ledger; stress injected into Production 1 material and energy
EXP-000427,2026-12-01,生产二部,直接人工,59681.49,approved,synthetic_scenario,Scenario expense ledger; stress injected into Production 1 material and energy
EXP-000428,2026-03-01,质量部,其他制造费,12435.62,approved,synthetic_scenario,Scenario expense ledger; stress injected into Production 1 material and energy
EXP-000429,2026-10-01,设备部,维修费,21112.49,approved,synthetic_scenario,Scenario expense ledger; stress injected into Production 1 material and energy
EXP-000430,2026-08-01,生产二部,能源费,34917.68,approved,synthetic_scenario,Scenario expense ledger; stress injected into Production 1 material and energy
EXP-000431,2026-10-01,采购部,维修费,16881.15,approved,synthetic_scenario,Scenario expense ledger; stress injected into Production 1 material and energy
EXP-000432,2026-03-01,质量部,直接材料,136474.72,approved,synthetic_scenario,Scenario expense ledger; stress injected into Production 1 material and energy
EXP-000433,2026-09-01,仓储部,直接人工,64095.84,approved,synthetic_scenario,Scenario expense ledger; stress injected into Production 1 material and energy
EXP-000434,2026-06-01,仓储部,直接人工,41806.46,approved,synthetic_scenario,Scenario expense ledger; stress injected into Production 1 material and energy
EXP-000435,2026-08-01,生产一部,直接人工,60366.4,approved,synthetic_scenario,Scenario expense ledger; stress injected into Production 1 material and energy
EXP-000436,2026-08-01,采购部,直接材料,170937.2,approved,synthetic_scenario,Scenario expense ledger; stress injected into Production 1 material and energy
EXP-000437,2026-05-01,采购部,能源费,34446.49,approved,synthetic_scenario,Scenario expense ledger; stress injected into Production 1 material and energy
EXP-000438,2026-10-01,采购部,折旧费,37808.04,approved,synthetic_scenario,Scenario expense ledger; stress injected into Production 1 material and energy
EXP-000439,2026-10-01,质量部,直接材料,232726.39,approved,synthetic_scenario,Scenario expense ledger; stress injected into Production 1 material and energy
EXP-000440,2026-08-01,设备部,能源费,40538.19,approved,synthetic_scenario,Scenario expense ledger; stress injected into Production 1 material and energy
EXP-000441,2026-09-01,质量部,能源费,42979.92,approved,synthetic_scenario,Scenario expense ledger; stress injected into Production 1 material and energy
EXP-000442,2026-02-01,生产二部,折旧费,20115.08,approved,synthetic_scenario,Scenario expense ledger; stress injected into Production 1 material and energy
EXP-000443,2026-08-01,采购部,其他制造费,12363.3,approved,synthetic_scenario,Scenario expense ledger; stress injected into Production 1 material and energy
EXP-000444,2026-01-01,采购部,直接材料,108753.2,approved,synthetic_scenario,Scenario expense ledger; stress injected into Production 1 material and energy
EXP-000445,2026-12-01,生产一部,直接材料,354691.97,approved,synthetic_scenario,Scenario expense ledger; stress injected into Production 1 material and energy
EXP-000446,2026-04-01,采购部,直接人工,35906.88,approved,synthetic_scenario,Scenario expense ledger; stress injected into Production 1 material and energy
EXP-000447,2026-02-01,生产二部,其他制造费,10991.11,approved,synthetic_scenario,Scenario expense ledger; stress injected into Production 1 material and energy
EXP-000448,2026-02-01,生产一部,直接人工,40150.9,approved,synthetic_scenario,Scenario expense ledger; stress injected into Production 1 material and energy
EXP-000449,2026-09-01,仓储部,直接材料,198394.46,approved,synthetic_scenario,Scenario expense ledger; stress injected into Production 1 material and energy
EXP-000450,2026-06-01,采购部,直接材料,142029.74,approved,synthetic_scenario,Scenario expense ledger; stress injected into Production 1 material and energy
EXP-000451,2026-03-01,设备部,能源费,26746.25,approved,synthetic_scenario,Scenario expense ledger; stress injected into Production 1 material and energy
EXP-000452,2026-01-01,质量部,能源费,29646.05,approved,synthetic_scenario,Scenario expense ledger; stress injected into Production 1 material and energy
EXP-000453,2026-07-01,生产一部,折旧费,25669.85,approved,synthetic_scenario,Scenario expense ledger; stress injected into Production 1 material and energy
EXP-000454,2026-01-01,设备部,直接人工,34802.55,approved,synthetic_scenario,Scenario expense ledger; stress injected into Production 1 material and energy
EXP-000455,2026-03-01,生产二部,能源费,21426.79,approved,synthetic_scenario,Scenario expense ledger; stress injected into Production 1 material and energy
EXP-000456,2026-10-01,质量部,其他制造费,15525.76,approved,synthetic_scenario,Scenario expense ledger; stress injected into Production 1 material and energy
EXP-000457,2026-08-01,采购部,维修费,17256.02,approved,synthetic_scenario,Scenario expense ledger; stress injected into Production 1 material and energy
EXP-000458,2026-10-01,生产一部,直接人工,64664.81,approved,synthetic_scenario,Scenario expense ledger; stress injected into Production 1 material and energy
EXP-000459,2026-10-01,仓储部,直接材料,236938.65,approved,synthetic_scenario,Scenario expense ledger; stress injected into Production 1 material and energy
EXP-000460,2026-07-01,采购部,能源费,43172.78,approved,synthetic_scenario,Scenario expense ledger; stress injected into Production 1 material and energy
EXP-000461,2026-01-01,质量部,其他制造费,8393.41,approved,synthetic_scenario,Scenario expense ledger; stress injected into Production 1 material and energy
EXP-000462,2026-01-01,生产二部,其他制造费,10244.63,approved,synthetic_scenario,Scenario expense ledger; stress injected into Production 1 material and energy
EXP-000463,2026-10-01,生产一部,能源费,62248.34,approved,synthetic_scenario,Scenario expense ledger; stress injected into Production 1 material and energy
EXP-000464,2026-05-01,设备部,直接人工,40159.87,pending_review,synthetic_scenario,Scenario expense ledger; stress injected into Production 1 material and energy
EXP-000465,2026-12-01,仓储部,直接人工,51779.81,approved,synthetic_scenario,Scenario expense ledger; stress injected into Production 1 material and energy
EXP-000466,2026-04-01,质量部,折旧费,19990.69,approved,synthetic_scenario,Scenario expense ledger; stress injected into Production 1 material and energy
EXP-000467,2026-11-01,采购部,其他制造费,16134.74,approved,synthetic_scenario,Scenario expense ledger; stress injected into Production 1 material and energy
EXP-000468,2026-11-01,仓储部,折旧费,38571.95,approved,synthetic_scenario,Scenario expense ledger; stress injected into Production 1 material and energy
EXP-000469,2026-01-01,生产一部,能源费,35450.14,approved,synthetic_scenario,Scenario expense ledger; stress injected into Production 1 material and energy
EXP-000470,2026-07-01,质量部,直接材料,163628.08,approved,synthetic_scenario,Scenario expense ledger; stress injected into Production 1 material and energy
EXP-000471,2026-06-01,仓储部,维修费,14272.94,approved,synthetic_scenario,Scenario expense ledger; stress injected into Production 1 material and energy
EXP-000472,2026-03-01,生产二部,直接材料,143226.13,approved,synthetic_scenario,Scenario expense ledger; stress injected into Production 1 material and energy
EXP-000473,2026-07-01,仓储部,折旧费,33645.99,approved,synthetic_scenario,Scenario expense ledger; stress injected into Production 1 material and energy
EXP-000474,2026-02-01,生产一部,其他制造费,11166.9,approved,synthetic_scenario,Scenario expense ledger; stress injected into Production 1 material and energy
EXP-000475,2026-12-01,生产一部,维修费,31715.72,approved,synthetic_scenario,Scenario expense ledger; stress injected into Production 1 material and energy
EXP-000476,2026-10-01,仓储部,维修费,21134.81,approved,synthetic_scenario,Scenario expense ledger; stress injected into Production 1 material and energy
EXP-000477,2026-02-01,生产一部,其他制造费,12367.44,approved,synthetic_scenario,Scenario expense ledger; stress injected into Production 1 material and energy
EXP-000478,2026-06-01,仓储部,直接人工,41064.68,approved,synthetic_scenario,Scenario expense ledger; stress injected into Production 1 material and energy
EXP-000479,2026-09-01,采购部,直接材料,166474.42,approved,synthetic_scenario,Scenario expense ledger; stress injected into Production 1 material and energy
EXP-000480,2026-05-01,生产二部,直接人工,45105.83,approved,synthetic_scenario,Scenario expense ledger; stress injected into Production 1 material and energy
EXP-000481,2026-11-01,生产一部,其他制造费,19059.49,approved,synthetic_scenario,Scenario expense ledger; stress injected into Production 1 material and energy
EXP-000482,2026-06-01,质量部,折旧费,23444.17,approved,synthetic_scenario,Scenario expense ledger; stress injected into Production 1 material and energy
EXP-000483,2026-10-01,采购部,直接材料,197943.41,approved,synthetic_scenario,Scenario expense ledger; stress injected into Production 1 material and energy
EXP-000484,2026-02-01,仓储部,维修费,12571.94,approved,synthetic_scenario,Scenario expense ledger; stress injected into Production 1 material and energy
EXP-000485,2026-09-01,设备部,维修费,20116.66,approved,synthetic_scenario,Scenario expense ledger; stress injected into Production 1 material and energy
EXP-000486,2026-05-01,生产二部,直接材料,183337.27,approved,synthetic_scenario,Scenario expense ledger; stress injected into Production 1 material and energy
EXP-000487,2026-02-01,质量部,直接材料,115315.65,approved,synthetic_scenario,Scenario expense ledger; stress injected into Production 1 material and energy
EXP-000488,2026-02-01,生产二部,其他制造费,9017.16,approved,synthetic_scenario,Scenario expense ledger; stress injected into Production 1 material and energy
EXP-000489,2026-01-01,生产二部,能源费,27708.97,approved,synthetic_scenario,Scenario expense ledger; stress injected into Production 1 material and energy
EXP-000490,2026-12-01,生产一部,维修费,26907.17,approved,synthetic_scenario,Scenario expense ledger; stress injected into Production 1 material and energy
EXP-000491,2026-02-01,设备部,直接材料,147588.42,approved,synthetic_scenario,Scenario expense ledger; stress injected into Production 1 material and energy
EXP-000492,2026-11-01,仓储部,维修费,22903.43,approved,synthetic_scenario,Scenario expense ledger; stress injected into Production 1 material and energy
EXP-000493,2026-04-01,生产二部,折旧费,21338.33,approved,synthetic_scenario,Scenario expense ledger; stress injected into Production 1 material and energy
EXP-000494,2026-11-01,仓储部,直接人工,49174.61,approved,synthetic_scenario,Scenario expense ledger; stress injected into Production 1 material and energy
EXP-000495,2026-02-01,设备部,直接材料,126483.77,approved,synthetic_scenario,Scenario expense ledger; stress injected into Production 1 material and energy
EXP-000496,2026-04-01,质量部,能源费,31637.56,approved,synthetic_scenario,Scenario expense ledger; stress injected into Production 1 material and energy
EXP-000497,2026-01-01,生产一部,维修费,11157.08,approved,synthetic_scenario,Scenario expense ledger; stress injected into Production 1 material and energy
EXP-000498,2026-12-01,采购部,能源费,47248.44,approved,synthetic_scenario,Scenario expense ledger; stress injected into Production 1 material and energy
EXP-000499,2026-07-01,生产一部,直接材料,207497.87,pending_review,synthetic_scenario,Scenario expense ledger; stress injected into Production 1 material and energy
EXP-000500,2026-11-01,设备部,能源费,36309.22,approved,synthetic_scenario,Scenario expense ledger; stress injected into Production 1 material and energy
EXP-000501,2026-01-01,生产一部,其他制造费,11227.91,approved,synthetic_scenario,Scenario expense ledger; stress injected into Production 1 material and energy
EXP-000502,2026-11-01,采购部,其他制造费,18059.7,approved,synthetic_scenario,Scenario expense ledger; stress injected into Production 1 material and energy
EXP-000503,2026-02-01,生产二部,直接材料,139726.22,approved,synthetic_scenario,Scenario expense ledger; stress injected into Production 1 material and energy
EXP-000504,2026-05-01,采购部,维修费,12820.15,pending_review,synthetic_scenario,Scenario expense ledger; stress injected into Production 1 material and energy
EXP-000505,2026-12-01,仓储部,其他制造费,17107.71,approved,synthetic_scenario,Scenario expense ledger; stress injected into Production 1 material and energy
EXP-000506,2026-07-01,设备部,直接人工,42078.77,approved,synthetic_scenario,Scenario expense ledger; stress injected into Production 1 material and energy
EXP-000507,2026-01-01,采购部,折旧费,18312.37,approved,synthetic_scenario,Scenario expense ledger; stress injected into Production 1 material and energy
EXP-000508,2026-02-01,生产一部,折旧费,18875.37,approved,synthetic_scenario,Scenario expense ledger; stress injected into Production 1 material and energy
EXP-000509,2026-06-01,生产二部,直接材料,137546.32,approved,synthetic_scenario,Scenario expense ledger; stress injected into Production 1 material and energy
EXP-000510,2026-01-01,仓储部,能源费,27438.86,approved,synthetic_scenario,Scenario expense ledger; stress injected into Production 1 material and energy
EXP-000511,2026-09-01,采购部,折旧费,27641.95,approved,synthetic_scenario,Scenario expense ledger; stress injected into Production 1 material and energy
EXP-000512,2026-01-01,质量部,维修费,12383.82,approved,synthetic_scenario,Scenario expense ledger; stress injected into Production 1 material and energy
EXP-000513,2026-06-01,生产一部,能源费,42142.12,approved,synthetic_scenario,Scenario expense ledger; stress injected into Production 1 material and energy
EXP-000514,2026-11-01,设备部,折旧费,28208.35,approved,synthetic_scenario,Scenario expense ledger; stress injected into Production 1 material and energy
EXP-000515,2026-11-01,质量部,能源费,50063.82,approved,synthetic_scenario,Scenario expense ledger; stress injected into Production 1 material and energy
EXP-000516,2026-01-01,采购部,能源费,18543.38,approved,synthetic_scenario,Scenario expense ledger; stress injected into Production 1 material and energy
EXP-000517,2026-05-01,设备部,其他制造费,11076.11,approved,synthetic_scenario,Scenario expense ledger; stress injected into Production 1 material and energy
EXP-000518,2026-10-01,质量部,维修费,21986.49,approved,synthetic_scenario,Scenario expense ledger; stress injected into Production 1 material and energy
EXP-000519,2026-07-01,生产一部,折旧费,27783.89,approved,synthetic_scenario,Scenario expense ledger; stress injected into Production 1 material and energy
EXP-000520,2026-11-01,设备部,直接材料,174873.56,approved,synthetic_scenario,Scenario expense ledger; stress injected into Production 1 material and energy
EXP-000521,2026-05-01,质量部,维修费,16852.76,approved,synthetic_scenario,Scenario expense ledger; stress injected into Production 1 material and energy
EXP-000522,2026-05-01,生产二部,折旧费,24206.57,approved,synthetic_scenario,Scenario expense ledger; stress injected into Production 1 material and energy
EXP-000523,2026-03-01,生产二部,能源费,27514.35,approved,synthetic_scenario,Scenario expense ledger; stress injected into Production 1 material and energy
EXP-000524,2026-06-01,质量部,直接材料,129302.43,approved,synthetic_scenario,Scenario expense ledger; stress injected into Production 1 material and energy
EXP-000525,2026-02-01,仓储部,直接人工,33641.94,approved,synthetic_scenario,Scenario expense ledger; stress injected into Production 1 material and energy
EXP-000526,2026-01-01,设备部,维修费,11443.11,pending_review,synthetic_scenario,Scenario expense ledger; stress injected into Production 1 material and energy
EXP-000527,2026-02-01,采购部,直接人工,40272.2,approved,synthetic_scenario,Scenario expense ledger; stress injected into Production 1 material and energy
EXP-000528,2026-03-01,质量部,直接人工,34300.21,approved,synthetic_scenario,Scenario expense ledger; stress injected into Production 1 material and energy
EXP-000529,2026-12-01,质量部,折旧费,41175.94,approved,synthetic_scenario,Scenario expense ledger; stress injected into Production 1 material and energy
EXP-000530,2026-09-01,生产一部,直接材料,297734.5,approved,synthetic_scenario,Scenario expense ledger; stress injected into Production 1 material and energy
EXP-000531,2026-10-01,仓储部,折旧费,29385.3,approved,synthetic_scenario,Scenario expense ledger; stress injected into Production 1 material and energy
EXP-000532,2026-11-01,设备部,直接材料,231499.89,approved,synthetic_scenario,Scenario expense ledger; stress injected into Production 1 material and energy
EXP-000533,2026-01-01,设备部,其他制造费,10485.8,approved,synthetic_scenario,Scenario expense ledger; stress injected into Production 1 material and energy
EXP-000534,2026-09-01,仓储部,折旧费,34392.03,approved,synthetic_scenario,Scenario expense ledger; stress injected into Production 1 material and energy
EXP-000535,2026-05-01,生产一部,直接人工,46139.8,approved,synthetic_scenario,Scenario expense ledger; stress injected into Production 1 material and energy
EXP-000536,2026-04-01,生产二部,能源费,26108.96,approved,synthetic_scenario,Scenario expense ledger; stress injected into Production 1 material and energy
EXP-000537,2026-06-01,生产二部,其他制造费,11360.57,approved,synthetic_scenario,Scenario expense ledger; stress injected into Production 1 material and energy
EXP-000538,2026-10-01,生产二部,直接材料,240975.74,approved,synthetic_scenario,Scenario expense ledger; stress injected into Production 1 material and energy
EXP-000539,2026-08-01,采购部,维修费,16946.42,approved,synthetic_scenario,Scenario expense ledger; stress injected into Production 1 material and energy
EXP-000540,2026-08-01,设备部,其他制造费,16518.79,approved,synthetic_scenario,Scenario expense ledger; stress injected into Production 1 material and energy
EXP-000541,2026-03-01,仓储部,折旧费,23767.13,approved,synthetic_scenario,Scenario expense ledger; stress injected into Production 1 material and energy
EXP-000542,2026-08-01,仓储部,其他制造费,14559.21,approved,synthetic_scenario,Scenario expense ledger; stress injected into Production 1 material and energy
EXP-000543,2026-07-01,质量部,维修费,17121.8,approved,synthetic_scenario,Scenario expense ledger; stress injected into Production 1 material and energy
EXP-000544,2026-01-01,仓储部,维修费,10673.49,approved,synthetic_scenario,Scenario expense ledger; stress injected into Production 1 material and energy
EXP-000545,2026-12-01,质量部,直接人工,58081.91,approved,synthetic_scenario,Scenario expense ledger; stress injected into Production 1 material and energy
EXP-000546,2026-12-01,仓储部,维修费,18479.4,approved,synthetic_scenario,Scenario expense ledger; stress injected into Production 1 material and energy
EXP-000547,2026-08-01,生产一部,维修费,15069.48,approved,synthetic_scenario,Scenario expense ledger; stress injected into Production 1 material and energy
EXP-000548,2026-07-01,生产二部,直接人工,37528.01,approved,synthetic_scenario,Scenario expense ledger; stress injected into Production 1 material and energy
EXP-000549,2026-06-01,采购部,直接人工,39287.31,approved,synthetic_scenario,Scenario expense ledger; stress injected into Production 1 material and energy
EXP-000550,2026-05-01,生产一部,维修费,16250.63,approved,synthetic_scenario,Scenario expense ledger; stress injected into Production 1 material and energy
EXP-000551,2026-06-01,采购部,折旧费,25913.51,approved,synthetic_scenario,Scenario expense ledger; stress injected into Production 1 material and energy
EXP-000552,2026-06-01,采购部,其他制造费,10756.01,approved,synthetic_scenario,Scenario expense ledger; stress injected into Production 1 material and energy
EXP-000553,2026-11-01,仓储部,能源费,39074.7,approved,synthetic_scenario,Scenario expense ledger; stress injected into Production 1 material and energy
EXP-000554,2026-06-01,设备部,直接材料,142727.85,approved,synthetic_scenario,Scenario expense ledger; stress injected into Production 1 material and energy
EXP-000555,2026-11-01,仓储部,维修费,24429.35,approved,synthetic_scenario,Scenario expense ledger; stress injected into Production 1 material and energy
EXP-000556,2026-03-01,仓储部,其他制造费,13367.58,approved,synthetic_scenario,Scenario expense ledger; stress injected into Production 1 material and energy
EXP-000557,2026-03-01,设备部,能源费,28427.32,approved,synthetic_scenario,Scenario expense ledger; stress injected into Production 1 material and energy
EXP-000558,2026-03-01,仓储部,维修费,11764.1,approved,synthetic_scenario,Scenario expense ledger; stress injected into Production 1 material and energy
EXP-000559,2026-04-01,仓储部,直接人工,43090.83,approved,synthetic_scenario,Scenario expense ledger; stress injected into Production 1 material and energy
EXP-000560,2026-12-01,生产一部,直接人工,60686.86,approved,synthetic_scenario,Scenario expense ledger; stress injected into Production 1 material and energy
EXP-000561,2026-01-01,生产二部,能源费,24196.68,approved,synthetic_scenario,Scenario expense ledger; stress injected into Production 1 material and energy
EXP-000562,2026-05-01,生产二部,直接人工,51969.84,approved,synthetic_scenario,Scenario expense ledger; stress injected into Production 1 material and energy
EXP-000563,2026-06-01,设备部,维修费,17218.21,approved,synthetic_scenario,Scenario expense ledger; stress injected into Production 1 material and energy
EXP-000564,2026-12-01,设备部,直接人工,63249.39,approved,synthetic_scenario,Scenario expense ledger; stress injected into Production 1 material and energy
EXP-000565,2026-11-01,质量部,直接材料,229003.09,approved,synthetic_scenario,Scenario expense ledger; stress injected into Production 1 material and energy
EXP-000566,2026-04-01,生产一部,其他制造费,11119.01,approved,synthetic_scenario,Scenario expense ledger; stress injected into Production 1 material and energy
EXP-000567,2026-05-01,仓储部,折旧费,24957.92,approved,synthetic_scenario,Scenario expense ledger; stress injected into Production 1 material and energy
EXP-000568,2026-12-01,设备部,直接人工,64058.45,approved,synthetic_scenario,Scenario expense ledger; stress injected into Production 1 material and energy
EXP-000569,2026-05-01,质量部,直接材料,112330.44,approved,synthetic_scenario,Scenario expense ledger; stress injected into Production 1 material and energy
EXP-000570,2026-06-01,生产二部,其他制造费,12682.45,approved,synthetic_scenario,Scenario expense ledger; stress injected into Production 1 material and energy
EXP-000571,2026-06-01,仓储部,维修费,14099.2,approved,synthetic_scenario,Scenario expense ledger; stress injected into Production 1 material and energy
EXP-000572,2026-07-01,质量部,能源费,34980.49,approved,synthetic_scenario,Scenario expense ledger; stress injected into Production 1 material and energy
EXP-000573,2026-06-01,生产一部,直接材料,181914.79,approved,synthetic_scenario,Scenario expense ledger; stress injected into Production 1 material and energy
EXP-000574,2026-10-01,采购部,其他制造费,16531.4,approved,synthetic_scenario,Scenario expense ledger; stress injected into Production 1 material and energy
EXP-000575,2026-08-01,质量部,直接材料,213159.51,approved,synthetic_scenario,Scenario expense ledger; stress injected into Production 1 material and energy
EXP-000576,2026-02-01,生产二部,直接人工,39734.34,approved,synthetic_scenario,Scenario expense ledger; stress injected into Production 1 material and energy
EXP-000577,2026-11-01,采购部,能源费,41764.54,approved,synthetic_scenario,Scenario expense ledger; stress injected into Production 1 material and energy
EXP-000578,2026-01-01,设备部,其他制造费,9494.74,approved,synthetic_scenario,Scenario expense ledger; stress injected into Production 1 material and energy
EXP-000579,2026-04-01,仓储部,直接材料,158611.93,approved,synthetic_scenario,Scenario expense ledger; stress injected into Production 1 material and energy
EXP-000580,2026-02-01,采购部,其他制造费,9865.99,approved,synthetic_scenario,Scenario expense ledger; stress injected into Production 1 material and energy
EXP-000581,2026-09-01,仓储部,折旧费,30573.78,approved,synthetic_scenario,Scenario expense ledger; stress injected into Production 1 material and energy
EXP-000582,2026-02-01,生产二部,折旧费,19041.76,approved,synthetic_scenario,Scenario expense ledger; stress injected into Production 1 material and energy
EXP-000583,2026-07-01,质量部,其他制造费,9986.01,approved,synthetic_scenario,Scenario expense ledger; stress injected into Production 1 material and energy
EXP-000584,2026-05-01,仓储部,维修费,12656.34,approved,synthetic_scenario,Scenario expense ledger; stress injected into Production 1 material and energy
EXP-000585,2026-11-01,设备部,维修费,19593.25,approved,synthetic_scenario,Scenario expense ledger; stress injected into Production 1 material and energy
EXP-000586,2026-04-01,仓储部,折旧费,29626.78,approved,synthetic_scenario,Scenario expense ledger; stress injected into Production 1 material and energy
EXP-000587,2026-05-01,质量部,直接人工,55221.92,approved,synthetic_scenario,Scenario expense ledger; stress injected into Production 1 material and energy
EXP-000588,2026-08-01,设备部,直接材料,208120.93,approved,synthetic_scenario,Scenario expense ledger; stress injected into Production 1 material and energy
EXP-000589,2026-08-01,生产二部,直接人工,50215.97,approved,synthetic_scenario,Scenario expense ledger; stress injected into Production 1 material and energy
EXP-000590,2026-04-01,采购部,直接材料,155688.97,approved,synthetic_scenario,Scenario expense ledger; stress injected into Production 1 material and energy
EXP-000591,2026-01-01,仓储部,维修费,12247.08,pending_review,synthetic_scenario,Scenario expense ledger; stress injected into Production 1 material and energy
EXP-000592,2026-12-01,质量部,直接人工,51294.12,approved,synthetic_scenario,Scenario expense ledger; stress injected into Production 1 material and energy
EXP-000593,2026-12-01,质量部,维修费,23331.85,approved,synthetic_scenario,Scenario expense ledger; stress injected into Production 1 material and energy
EXP-000594,2026-08-01,生产一部,其他制造费,20218.71,approved,synthetic_scenario,Scenario expense ledger; stress injected into Production 1 material and energy
EXP-000595,2026-03-01,质量部,直接人工,31978.76,approved,synthetic_scenario,Scenario expense ledger; stress injected into Production 1 material and energy
EXP-000596,2026-06-01,生产二部,折旧费,20065.96,approved,synthetic_scenario,Scenario expense ledger; stress injected into Production 1 material and energy
EXP-000597,2026-02-01,仓储部,能源费,24896.77,approved,synthetic_scenario,Scenario expense ledger; stress injected into Production 1 material and energy
EXP-000598,2026-06-01,质量部,维修费,19160.88,approved,synthetic_scenario,Scenario expense ledger; stress injected into Production 1 material and energy
EXP-000599,2026-02-01,生产二部,能源费,25386.93,approved,synthetic_scenario,Scenario expense ledger; stress injected into Production 1 material and energy
EXP-000600,2026-06-01,仓储部,其他制造费,12182.7,approved,synthetic_scenario,Scenario expense ledger; stress injected into Production 1 material and energy
EXP-000601,2026-07-01,设备部,其他制造费,10911.53,approved,synthetic_scenario,Scenario expense ledger; stress injected into Production 1 material and energy
EXP-000602,2026-07-01,生产一部,其他制造费,15419.03,approved,synthetic_scenario,Scenario expense ledger; stress injected into Production 1 material and energy
EXP-000603,2026-01-01,仓储部,直接人工,32061.93,approved,synthetic_scenario,Scenario expense ledger; stress injected into Production 1 material and energy
EXP-000604,2026-12-01,设备部,维修费,21643.92,approved,synthetic_scenario,Scenario expense ledger; stress injected into Production 1 material and energy
EXP-000605,2026-08-01,质量部,直接材料,210869.68,approved,synthetic_scenario,Scenario expense ledger; stress injected into Production 1 material and energy
EXP-000606,2026-01-01,采购部,直接材料,108790.71,approved,synthetic_scenario,Scenario expense ledger; stress injected into Production 1 material and energy
EXP-000607,2026-07-01,设备部,维修费,14377.91,approved,synthetic_scenario,Scenario expense ledger; stress injected into Production 1 material and energy
EXP-000608,2026-07-01,设备部,能源费,31989.34,approved,synthetic_scenario,Scenario expense ledger; stress injected into Production 1 material and energy
EXP-000609,2026-05-01,设备部,其他制造费,10339.6,approved,synthetic_scenario,Scenario expense ledger; stress injected into Production 1 material and energy
EXP-000610,2026-03-01,设备部,折旧费,16754.08,pending_review,synthetic_scenario,Scenario expense ledger; stress injected into Production 1 material and energy
EXP-000611,2026-02-01,质量部,直接人工,37155.74,approved,synthetic_scenario,Scenario expense ledger; stress injected into Production 1 material and energy
EXP-000612,2026-11-01,生产一部,折旧费,38948.2,approved,synthetic_scenario,Scenario expense ledger; stress injected into Production 1 material and energy
EXP-000613,2026-02-01,生产一部,直接材料,164676.53,approved,synthetic_scenario,Scenario expense ledger; stress injected into Production 1 material and energy
EXP-000614,2026-05-01,生产一部,折旧费,24765.66,pending_review,synthetic_scenario,Scenario expense ledger; stress injected into Production 1 material and energy
EXP-000615,2026-05-01,设备部,能源费,27470.63,approved,synthetic_scenario,Scenario expense ledger; stress injected into Production 1 material and energy
EXP-000616,2026-01-01,生产一部,直接人工,40540.66,approved,synthetic_scenario,Scenario expense ledger; stress injected into Production 1 material and energy
EXP-000617,2026-09-01,采购部,其他制造费,16925.39,approved,synthetic_scenario,Scenario expense ledger; stress injected into Production 1 material and energy
EXP-000618,2026-04-01,质量部,其他制造费,13393.48,approved,synthetic_scenario,Scenario expense ledger; stress injected into Production 1 material and energy
EXP-000619,2026-11-01,设备部,折旧费,32630.96,approved,synthetic_scenario,Scenario expense ledger; stress injected into Production 1 material and energy
EXP-000620,2026-02-01,采购部,折旧费,20193.04,pending_review,synthetic_scenario,Scenario expense ledger; stress injected into Production 1 material and energy
EXP-000621,2026-05-01,设备部,能源费,26801.47,approved,synthetic_scenario,Scenario expense ledger; stress injected into Production 1 material and energy
EXP-000622,2026-11-01,生产二部,其他制造费,13806.94,approved,synthetic_scenario,Scenario expense ledger; stress injected into Production 1 material and energy
EXP-000623,2026-05-01,生产二部,其他制造费,13998.5,approved,synthetic_scenario,Scenario expense ledger; stress injected into Production 1 material and energy
EXP-000624,2026-07-01,仓储部,直接材料,191534.06,approved,synthetic_scenario,Scenario expense ledger; stress injected into Production 1 material and energy
EXP-000625,2026-08-01,采购部,能源费,40879.38,approved,synthetic_scenario,Scenario expense ledger; stress injected into Production 1 material and energy
EXP-000626,2026-06-01,质量部,能源费,34211.77,approved,synthetic_scenario,Scenario expense ledger; stress injected into Production 1 material and energy
EXP-000627,2026-06-01,采购部,其他制造费,13727.27,approved,synthetic_scenario,Scenario expense ledger; stress injected into Production 1 material and energy
EXP-000628,2026-06-01,仓储部,能源费,31846.17,approved,synthetic_scenario,Scenario expense ledger; stress injected into Production 1 material and energy
EXP-000629,2026-09-01,生产一部,维修费,19352.54,approved,synthetic_scenario,Scenario expense ledger; stress injected into Production 1 material and energy
EXP-000630,2026-06-01,生产一部,维修费,14581.66,approved,synthetic_scenario,Scenario expense ledger; stress injected into Production 1 material and energy
EXP-000631,2026-07-01,质量部,直接材料,157477.65,approved,synthetic_scenario,Scenario expense ledger; stress injected into Production 1 material and energy
EXP-000632,2026-11-01,设备部,直接人工,60560.45,approved,synthetic_scenario,Scenario expense ledger; stress injected into Production 1 material and energy
EXP-000633,2026-07-01,生产一部,能源费,49465.6,approved,synthetic_scenario,Scenario expense ledger; stress injected into Production 1 material and energy
EXP-000634,2026-08-01,仓储部,维修费,19646.1,approved,synthetic_scenario,Scenario expense ledger; stress injected into Production 1 material and energy
EXP-000635,2026-11-01,采购部,维修费,24284.98,approved,synthetic_scenario,Scenario expense ledger; stress injected into Production 1 material and energy
EXP-000636,2026-05-01,生产一部,直接材料,214018.09,approved,synthetic_scenario,Scenario expense ledger; stress injected into Production 1 material and energy
EXP-000637,2026-08-01,生产一部,直接材料,269605.32,approved,synthetic_scenario,Scenario expense ledger; stress injected into Production 1 material and energy
EXP-000638,2026-06-01,采购部,维修费,16591.53,approved,synthetic_scenario,Scenario expense ledger; stress injected into Production 1 material and energy
EXP-000639,2026-01-01,采购部,折旧费,21153.79,approved,synthetic_scenario,Scenario expense ledger; stress injected into Production 1 material and energy
EXP-000640,2026-06-01,采购部,直接材料,151086.38,approved,synthetic_scenario,Scenario expense ledger; stress injected into Production 1 material and energy
EXP-000641,2026-10-01,生产一部,直接人工,62872.79,approved,synthetic_scenario,Scenario expense ledger; stress injected into Production 1 material and energy
EXP-000642,2026-07-01,生产一部,能源费,41998.38,approved,synthetic_scenario,Scenario expense ledger; stress injected into Production 1 material and energy
EXP-000643,2026-04-01,仓储部,直接人工,32441.8,approved,synthetic_scenario,Scenario expense ledger; stress injected into Production 1 material and energy
EXP-000644,2026-01-01,生产一部,直接人工,37910.5,approved,synthetic_scenario,Scenario expense ledger; stress injected into Production 1 material and energy
EXP-000645,2026-11-01,生产一部,直接材料,260530.12,approved,synthetic_scenario,Scenario expense ledger; stress injected into Production 1 material and energy
EXP-000646,2026-04-01,采购部,折旧费,23517.61,approved,synthetic_scenario,Scenario expense ledger; stress injected into Production 1 material and energy
EXP-000647,2026-08-01,生产二部,直接人工,51848.88,approved,synthetic_scenario,Scenario expense ledger; stress injected into Production 1 material and energy
EXP-000648,2026-01-01,质量部,维修费,13545.11,approved,synthetic_scenario,Scenario expense ledger; stress injected into Production 1 material and energy
EXP-000649,2026-01-01,仓储部,折旧费,19308.18,approved,synthetic_scenario,Scenario expense ledger; stress injected into Production 1 material and energy
EXP-000650,2026-10-01,采购部,折旧费,28759.78,approved,synthetic_scenario,Scenario expense ledger; stress injected into Production 1 material and energy
EXP-000651,2026-03-01,生产二部,直接人工,40127.1,approved,synthetic_scenario,Scenario expense ledger; stress injected into Production 1 material and energy
EXP-000652,2026-07-01,设备部,直接人工,41540.8,approved,synthetic_scenario,Scenario expense ledger; stress injected into Production 1 material and energy
EXP-000653,2026-08-01,采购部,折旧费,29987.87,approved,synthetic_scenario,Scenario expense ledger; stress injected into Production 1 material and energy
EXP-000654,2026-12-01,质量部,直接人工,55496.41,approved,synthetic_scenario,Scenario expense ledger; stress injected into Production 1 material and energy
EXP-000655,2026-10-01,质量部,其他制造费,16339.16,approved,synthetic_scenario,Scenario expense ledger; stress injected into Production 1 material and energy
EXP-000656,2026-04-01,质量部,其他制造费,11039.48,approved,synthetic_scenario,Scenario expense ledger; stress injected into Production 1 material and energy
EXP-000657,2026-03-01,生产二部,直接人工,39424.9,approved,synthetic_scenario,Scenario expense ledger; stress injected into Production 1 material and energy
EXP-000658,2026-02-01,生产一部,折旧费,20228.61,approved,synthetic_scenario,Scenario expense ledger; stress injected into Production 1 material and energy
EXP-000659,2026-06-01,生产一部,直接材料,194590.45,approved,synthetic_scenario,Scenario expense ledger; stress injected into Production 1 material and energy
EXP-000660,2026-01-01,生产二部,维修费,11672.41,approved,synthetic_scenario,Scenario expense ledger; stress injected into Production 1 material and energy
EXP-000661,2026-08-01,采购部,能源费,42658.95,approved,synthetic_scenario,Scenario expense ledger; stress injected into Production 1 material and energy
EXP-000662,2026-04-01,仓储部,能源费,29130.26,approved,synthetic_scenario,Scenario expense ledger; stress injected into Production 1 material and energy
EXP-000663,2026-06-01,生产一部,折旧费,26122.95,approved,synthetic_scenario,Scenario expense ledger; stress injected into Production 1 material and energy
EXP-000664,2026-08-01,仓储部,维修费,18413.68,approved,synthetic_scenario,Scenario expense ledger; stress injected into Production 1 material and energy
EXP-000665,2026-06-01,仓储部,直接材料,144594.72,approved,synthetic_scenario,Scenario expense ledger; stress injected into Production 1 material and energy
EXP-000666,2026-02-01,生产一部,其他制造费,10672.39,approved,synthetic_scenario,Scenario expense ledger; stress injected into Production 1 material and energy
EXP-000667,2026-04-01,生产一部,能源费,41294.9,approved,synthetic_scenario,Scenario expense ledger; stress injected into Production 1 material and energy
EXP-000668,2026-10-01,设备部,其他制造费,15398.58,approved,synthetic_scenario,Scenario expense ledger; stress injected into Production 1 material and energy
EXP-000669,2026-12-01,质量部,直接人工,50778.66,approved,synthetic_scenario,Scenario expense ledger; stress injected into Production 1 material and energy
EXP-000670,2026-03-01,生产一部,直接材料,187723.02,approved,synthetic_scenario,Scenario expense ledger; stress injected into Production 1 material and energy
EXP-000671,2026-05-01,质量部,折旧费,23818.21,approved,synthetic_scenario,Scenario expense ledger; stress injected into Production 1 material and energy
EXP-000672,2026-02-01,采购部,维修费,11934.68,approved,synthetic_scenario,Scenario expense ledger; stress injected into Production 1 material and energy
EXP-000673,2026-06-01,采购部,直接人工,41619.29,approved,synthetic_scenario,Scenario expense ledger; stress injected into Production 1 material and energy
EXP-000674,2026-01-01,设备部,直接材料,119212.16,approved,synthetic_scenario,Scenario expense ledger; stress injected into Production 1 material and energy
EXP-000675,2026-10-01,生产二部,能源费,39549.54,approved,synthetic_scenario,Scenario expense ledger; stress injected into Production 1 material and energy
EXP-000676,2026-09-01,采购部,其他制造费,16996.8,approved,synthetic_scenario,Scenario expense ledger; stress injected into Production 1 material and energy
EXP-000677,2026-08-01,质量部,折旧费,33020.6,approved,synthetic_scenario,Scenario expense ledger; stress injected into Production 1 material and energy
EXP-000678,2026-10-01,设备部,维修费,19375.83,approved,synthetic_scenario,Scenario expense ledger; stress injected into Production 1 material and energy
EXP-000679,2026-03-01,生产二部,维修费,10857.57,approved,synthetic_scenario,Scenario expense ledger; stress injected into Production 1 material and energy
EXP-000680,2026-01-01,生产一部,直接人工,37723.43,approved,synthetic_scenario,Scenario expense ledger; stress injected into Production 1 material and energy
EXP-000681,2026-11-01,采购部,其他制造费,19238.47,approved,synthetic_scenario,Scenario expense ledger; stress injected into Production 1 material and energy
EXP-000682,2026-07-01,质量部,折旧费,31234.69,approved,synthetic_scenario,Scenario expense ledger; stress injected into Production 1 material and energy
EXP-000683,2026-04-01,生产二部,维修费,13652.54,approved,synthetic_scenario,Scenario expense ledger; stress injected into Production 1 material and energy
EXP-000684,2026-07-01,质量部,直接人工,46482.73,approved,synthetic_scenario,Scenario expense ledger; stress injected into Production 1 material and energy
EXP-000685,2026-08-01,采购部,直接人工,54447.18,approved,synthetic_scenario,Scenario expense ledger; stress injected into Production 1 material and energy
EXP-000686,2026-03-01,采购部,维修费,11922.27,approved,synthetic_scenario,Scenario expense ledger; stress injected into Production 1 material and energy
EXP-000687,2026-09-01,设备部,直接人工,57524.52,approved,synthetic_scenario,Scenario expense ledger; stress injected into Production 1 material and energy
EXP-000688,2026-10-01,仓储部,能源费,37259.44,approved,synthetic_scenario,Scenario expense ledger; stress injected into Production 1 material and energy
EXP-000689,2026-04-01,采购部,维修费,13838.93,approved,synthetic_scenario,Scenario expense ledger; stress injected into Production 1 material and energy
EXP-000690,2026-10-01,生产一部,维修费,20071.39,approved,synthetic_scenario,Scenario expense ledger; stress injected into Production 1 material and energy
EXP-000691,2026-04-01,采购部,折旧费,21853.19,approved,synthetic_scenario,Scenario expense ledger; stress injected into Production 1 material and energy
EXP-000692,2026-10-01,生产二部,维修费,18108.61,approved,synthetic_scenario,Scenario expense ledger; stress injected into Production 1 material and energy
EXP-000693,2026-05-01,采购部,其他制造费,11157.74,approved,synthetic_scenario,Scenario expense ledger; stress injected into Production 1 material and energy
EXP-000694,2026-02-01,采购部,能源费,22250.61,approved,synthetic_scenario,Scenario expense ledger; stress injected into Production 1 material and energy
EXP-000695,2026-01-01,生产二部,其他制造费,8572.06,approved,synthetic_scenario,Scenario expense ledger; stress injected into Production 1 material and energy
EXP-000696,2026-05-01,生产一部,折旧费,23679.24,approved,synthetic_scenario,Scenario expense ledger; stress injected into Production 1 material and energy
EXP-000697,2026-02-01,仓储部,维修费,12513.72,approved,synthetic_scenario,Scenario expense ledger; stress injected into Production 1 material and energy
EXP-000698,2026-12-01,设备部,维修费,27017.14,approved,synthetic_scenario,Scenario expense ledger; stress injected into Production 1 material and energy
EXP-000699,2026-10-01,仓储部,能源费,34594.73,approved,synthetic_scenario,Scenario expense ledger; stress injected into Production 1 material and energy
EXP-000700,2026-10-01,设备部,维修费,23714.87,approved,synthetic_scenario,Scenario expense ledger; stress injected into Production 1 material and energy
EXP-000701,2026-03-01,设备部,直接材料,141386.28,approved,synthetic_scenario,Scenario expense ledger; stress injected into Production 1 material and energy
EXP-000702,2026-09-01,仓储部,其他制造费,15846.1,approved,synthetic_scenario,Scenario expense ledger; stress injected into Production 1 material and energy
EXP-000703,2026-10-01,采购部,能源费,43036.9,approved,synthetic_scenario,Scenario expense ledger; stress injected into Production 1 material and energy
EXP-000704,2026-06-01,设备部,能源费,33583.07,approved,synthetic_scenario,Scenario expense ledger; stress injected into Production 1 material and energy
EXP-000705,2026-01-01,仓储部,能源费,26969.95,approved,synthetic_scenario,Scenario expense ledger; stress injected into Production 1 material and energy
EXP-000706,2026-12-01,仓储部,维修费,19551.07,approved,synthetic_scenario,Scenario expense ledger; stress injected into Production 1 material and energy
EXP-000707,2026-03-01,设备部,其他制造费,13554.13,pending_review,synthetic_scenario,Scenario expense ledger; stress injected into Production 1 material and energy
EXP-000708,2026-09-01,设备部,直接材料,229771.14,approved,synthetic_scenario,Scenario expense ledger; stress injected into Production 1 material and energy
EXP-000709,2026-05-01,质量部,直接材料,164622.34,approved,synthetic_scenario,Scenario expense ledger; stress injected into Production 1 material and energy
EXP-000710,2026-01-01,生产一部,能源费,37535.15,pending_review,synthetic_scenario,Scenario expense ledger; stress injected into Production 1 material and energy
EXP-000711,2026-06-01,采购部,能源费,31158.55,approved,synthetic_scenario,Scenario expense ledger; stress injected into Production 1 material and energy
EXP-000712,2026-08-01,生产一部,折旧费,31956.12,approved,synthetic_scenario,Scenario expense ledger; stress injected into Production 1 material and energy
EXP-000713,2026-03-01,设备部,维修费,12803.22,approved,synthetic_scenario,Scenario expense ledger; stress injected into Production 1 material and energy
EXP-000714,2026-01-01,设备部,折旧费,17759.86,approved,synthetic_scenario,Scenario expense ledger; stress injected into Production 1 material and energy
EXP-000715,2026-07-01,采购部,维修费,16424.1,approved,synthetic_scenario,Scenario expense ledger; stress injected into Production 1 material and energy
EXP-000716,2026-06-01,生产二部,直接人工,39981.87,approved,synthetic_scenario,Scenario expense ledger; stress injected into Production 1 material and energy
EXP-000717,2026-03-01,设备部,直接材料,125852.03,approved,synthetic_scenario,Scenario expense ledger; stress injected into Production 1 material and energy
EXP-000718,2026-11-01,质量部,直接人工,50963.36,approved,synthetic_scenario,Scenario expense ledger; stress injected into Production 1 material and energy
EXP-000719,2026-01-01,生产二部,折旧费,22713.8,pending_review,synthetic_scenario,Scenario expense ledger; stress injected into Production 1 material and energy
EXP-000720,2026-06-01,质量部,其他制造费,12555.42,approved,synthetic_scenario,Scenario expense ledger; stress injected into Production 1 material and energy
EXP-000721,2026-11-01,生产二部,维修费,21542.72,approved,synthetic_scenario,Scenario expense ledger; stress injected into Production 1 material and energy
EXP-000722,2026-06-01,仓储部,其他制造费,13026.96,approved,synthetic_scenario,Scenario expense ledger; stress injected into Production 1 material and energy
EXP-000723,2026-04-01,生产二部,直接材料,114747.99,approved,synthetic_scenario,Scenario expense ledger; stress injected into Production 1 material and energy
EXP-000724,2026-11-01,设备部,折旧费,33840.65,approved,synthetic_scenario,Scenario expense ledger; stress injected into Production 1 material and energy
EXP-000725,2026-11-01,设备部,维修费,20020.31,approved,synthetic_scenario,Scenario expense ledger; stress injected into Production 1 material and energy
EXP-000726,2026-06-01,采购部,折旧费,18196.8,approved,synthetic_scenario,Scenario expense ledger; stress injected into Production 1 material and energy
EXP-000727,2026-06-01,仓储部,能源费,31990.87,approved,synthetic_scenario,Scenario expense ledger; stress injected into Production 1 material and energy
EXP-000728,2026-02-01,生产二部,其他制造费,9237.08,approved,synthetic_scenario,Scenario expense ledger; stress injected into Production 1 material and energy
EXP-000729,2026-04-01,仓储部,直接人工,34862.1,approved,synthetic_scenario,Scenario expense ledger; stress injected into Production 1 material and energy
EXP-000730,2026-03-01,采购部,其他制造费,9791.57,approved,synthetic_scenario,Scenario expense ledger; stress injected into Production 1 material and energy
EXP-000731,2026-03-01,采购部,直接材料,141248.02,approved,synthetic_scenario,Scenario expense ledger; stress injected into Production 1 material and energy
EXP-000732,2026-05-01,仓储部,直接材料,157038.89,approved,synthetic_scenario,Scenario expense ledger; stress injected into Production 1 material and energy
EXP-000733,2026-06-01,设备部,折旧费,29995.89,approved,synthetic_scenario,Scenario expense ledger; stress injected into Production 1 material and energy
EXP-000734,2026-10-01,采购部,维修费,19000.45,approved,synthetic_scenario,Scenario expense ledger; stress injected into Production 1 material and energy
EXP-000735,2026-10-01,质量部,折旧费,36474.68,approved,synthetic_scenario,Scenario expense ledger; stress injected into Production 1 material and energy
EXP-000736,2026-03-01,生产一部,其他制造费,11722.61,approved,synthetic_scenario,Scenario expense ledger; stress injected into Production 1 material and energy
EXP-000737,2026-02-01,生产一部,能源费,32717.6,approved,synthetic_scenario,Scenario expense ledger; stress injected into Production 1 material and energy
EXP-000738,2026-07-01,设备部,直接人工,45305.6,approved,synthetic_scenario,Scenario expense ledger; stress injected into Production 1 material and energy
EXP-000739,2026-02-01,质量部,能源费,22648.86,approved,synthetic_scenario,Scenario expense ledger; stress injected into Production 1 material and energy
EXP-000740,2026-04-01,生产一部,直接材料,193520.63,approved,synthetic_scenario,Scenario expense ledger; stress injected into Production 1 material and energy
EXP-000741,2026-04-01,生产一部,折旧费,23179.06,approved,synthetic_scenario,Scenario expense ledger; stress injected into Production 1 material and energy
EXP-000742,2026-09-01,采购部,折旧费,31981.98,approved,synthetic_scenario,Scenario expense ledger; stress injected into Production 1 material and energy
EXP-000743,2026-04-01,质量部,直接人工,37184.8,approved,synthetic_scenario,Scenario expense ledger; stress injected into Production 1 material and energy
EXP-000744,2026-09-01,生产二部,维修费,19530.29,approved,synthetic_scenario,Scenario expense ledger; stress injected into Production 1 material and energy
EXP-000745,2026-05-01,设备部,维修费,16271.75,approved,synthetic_scenario,Scenario expense ledger; stress injected into Production 1 material and energy
EXP-000746,2026-05-01,设备部,维修费,13584.11,pending_review,synthetic_scenario,Scenario expense ledger; stress injected into Production 1 material and energy
EXP-000747,2026-02-01,设备部,能源费,26441.14,approved,synthetic_scenario,Scenario expense ledger; stress injected into Production 1 material and energy
EXP-000748,2026-01-01,质量部,其他制造费,8585.32,approved,synthetic_scenario,Scenario expense ledger; stress injected into Production 1 material and energy
EXP-000749,2026-08-01,设备部,其他制造费,18453.86,approved,synthetic_scenario,Scenario expense ledger; stress injected into Production 1 material and energy
EXP-000750,2026-04-01,生产一部,直接材料,197648.87,approved,synthetic_scenario,Scenario expense ledger; stress injected into Production 1 material and energy
EXP-000751,2026-10-01,生产二部,维修费,21259.11,approved,synthetic_scenario,Scenario expense ledger; stress injected into Production 1 material and energy
EXP-000752,2026-01-01,质量部,其他制造费,9482.84,approved,synthetic_scenario,Scenario expense ledger; stress injected into Production 1 material and energy
EXP-000753,2026-11-01,仓储部,其他制造费,18908.4,approved,synthetic_scenario,Scenario expense ledger; stress injected into Production 1 material and energy
EXP-000754,2026-05-01,生产二部,折旧费,21962.44,approved,synthetic_scenario,Scenario expense ledger; stress injected into Production 1 material and energy
EXP-000755,2026-05-01,仓储部,维修费,18013.74,approved,synthetic_scenario,Scenario expense ledger; stress injected into Production 1 material and energy
EXP-000756,2026-03-01,生产二部,折旧费,19693.68,approved,synthetic_scenario,Scenario expense ledger; stress injected into Production 1 material and energy
EXP-000757,2026-09-01,采购部,其他制造费,15751.49,approved,synthetic_scenario,Scenario expense ledger; stress injected into Production 1 material and energy
EXP-000758,2026-01-01,生产一部,直接材料,176795.3,approved,synthetic_scenario,Scenario expense ledger; stress injected into Production 1 material and energy
EXP-000759,2026-07-01,采购部,维修费,19829.89,approved,synthetic_scenario,Scenario expense ledger; stress injected into Production 1 material and energy
EXP-000760,2026-07-01,仓储部,其他制造费,16304.4,pending_review,synthetic_scenario,Scenario expense ledger; stress injected into Production 1 material and energy
EXP-000761,2026-11-01,质量部,折旧费,41054.97,approved,synthetic_scenario,Scenario expense ledger; stress injected into Production 1 material and energy
EXP-000762,2026-03-01,生产二部,折旧费,20283.37,approved,synthetic_scenario,Scenario expense ledger; stress injected into Production 1 material and energy
EXP-000763,2026-01-01,生产二部,直接人工,28884.35,approved,synthetic_scenario,Scenario expense ledger; stress injected into Production 1 material and energy
EXP-000764,2026-07-01,生产一部,维修费,16103.86,approved,synthetic_scenario,Scenario expense ledger; stress injected into Production 1 material and energy
EXP-000765,2026-12-01,生产二部,维修费,22338.79,approved,synthetic_scenario,Scenario expense ledger; stress injected into Production 1 material and energy
EXP-000766,2026-11-01,生产二部,折旧费,36945.8,pending_review,synthetic_scenario,Scenario expense ledger; stress injected into Production 1 material and energy
EXP-000767,2026-11-01,采购部,维修费,17344.34,approved,synthetic_scenario,Scenario expense ledger; stress injected into Production 1 material and energy
EXP-000768,2026-06-01,采购部,直接材料,133582.9,pending_review,synthetic_scenario,Scenario expense ledger; stress injected into Production 1 material and energy
EXP-000769,2026-12-01,采购部,直接材料,206357.78,approved,synthetic_scenario,Scenario expense ledger; stress injected into Production 1 material and energy
EXP-000770,2026-05-01,生产一部,折旧费,22399.57,approved,synthetic_scenario,Scenario expense ledger; stress injected into Production 1 material and energy
EXP-000771,2026-01-01,采购部,其他制造费,11467.31,approved,synthetic_scenario,Scenario expense ledger; stress injected into Production 1 material and energy
EXP-000772,2026-02-01,设备部,直接人工,29608.31,approved,synthetic_scenario,Scenario expense ledger; stress injected into Production 1 material and energy
EXP-000773,2026-06-01,采购部,其他制造费,14001.99,approved,synthetic_scenario,Scenario expense ledger; stress injected into Production 1 material and energy
EXP-000774,2026-03-01,仓储部,折旧费,24885.55,approved,synthetic_scenario,Scenario expense ledger; stress injected into Production 1 material and energy
EXP-000775,2026-01-01,采购部,能源费,20524.78,approved,synthetic_scenario,Scenario expense ledger; stress injected into Production 1 material and energy
EXP-000776,2026-10-01,仓储部,能源费,33120.92,approved,synthetic_scenario,Scenario expense ledger; stress injected into Production 1 material and energy
EXP-000777,2026-09-01,生产一部,能源费,53099.2,approved,synthetic_scenario,Scenario expense ledger; stress injected into Production 1 material and energy
EXP-000778,2026-01-01,生产一部,其他制造费,9675.52,approved,synthetic_scenario,Scenario expense ledger; stress injected into Production 1 material and energy
EXP-000779,2026-01-01,采购部,直接材料,131438.27,approved,synthetic_scenario,Scenario expense ledger; stress injected into Production 1 material and energy
EXP-000780,2026-01-01,设备部,直接材料,124663.72,approved,synthetic_scenario,Scenario expense ledger; stress injected into Production 1 material and energy
EXP-000781,2026-12-01,生产二部,直接人工,58677.31,approved,synthetic_scenario,Scenario expense ledger; stress injected into Production 1 material and energy
EXP-000782,2026-03-01,生产二部,其他制造费,10483.56,approved,synthetic_scenario,Scenario expense ledger; stress injected into Production 1 material and energy
EXP-000783,2026-05-01,质量部,直接人工,43855.72,approved,synthetic_scenario,Scenario expense ledger; stress injected into Production 1 material and energy
EXP-000784,2026-03-01,质量部,能源费,27248.98,approved,synthetic_scenario,Scenario expense ledger; stress injected into Production 1 material and energy
EXP-000785,2026-05-01,仓储部,直接人工,41903.01,approved,synthetic_scenario,Scenario expense ledger; stress injected into Production 1 material and energy
EXP-000786,2026-09-01,质量部,其他制造费,16001.99,approved,synthetic_scenario,Scenario expense ledger; stress injected into Production 1 material and energy
EXP-000787,2026-05-01,采购部,能源费,31662.76,approved,synthetic_scenario,Scenario expense ledger; stress injected into Production 1 material and energy
EXP-000788,2026-11-01,生产一部,直接人工,56675.77,approved,synthetic_scenario,Scenario expense ledger; stress injected into Production 1 material and energy
EXP-000789,2026-07-01,质量部,维修费,17539.5,approved,synthetic_scenario,Scenario expense ledger; stress injected into Production 1 material and energy
EXP-000790,2026-03-01,仓储部,直接人工,35362.47,approved,synthetic_scenario,Scenario expense ledger; stress injected into Production 1 material and energy
EXP-000791,2026-01-01,生产一部,能源费,30127.99,approved,synthetic_scenario,Scenario expense ledger; stress injected into Production 1 material and energy
EXP-000792,2026-07-01,设备部,直接材料,161273.62,pending_review,synthetic_scenario,Scenario expense ledger; stress injected into Production 1 material and energy
EXP-000793,2026-01-01,仓储部,能源费,19402.34,approved,synthetic_scenario,Scenario expense ledger; stress injected into Production 1 material and energy
EXP-000794,2026-05-01,采购部,其他制造费,11288.3,approved,synthetic_scenario,Scenario expense ledger; stress injected into Production 1 material and energy
EXP-000795,2026-11-01,质量部,其他制造费,15790.53,approved,synthetic_scenario,Scenario expense ledger; stress injected into Production 1 material and energy
EXP-000796,2026-08-01,质量部,能源费,36289.74,approved,synthetic_scenario,Scenario expense ledger; stress injected into Production 1 material and energy
EXP-000797,2026-07-01,生产二部,能源费,31009.4,approved,synthetic_scenario,Scenario expense ledger; stress injected into Production 1 material and energy
EXP-000798,2026-05-01,质量部,能源费,36282.05,approved,synthetic_scenario,Scenario expense ledger; stress injected into Production 1 material and energy
EXP-000799,2026-07-01,采购部,直接材料,198764.97,approved,synthetic_scenario,Scenario expense ledger; stress injected into Production 1 material and energy
EXP-000800,2026-09-01,设备部,能源费,40701.59,approved,synthetic_scenario,Scenario expense ledger; stress injected into Production 1 material and energy
EXP-000801,2026-02-01,生产二部,直接人工,35632.88,approved,synthetic_scenario,Scenario expense ledger; stress injected into Production 1 material and energy
EXP-000802,2026-03-01,生产一部,折旧费,21587.4,approved,synthetic_scenario,Scenario expense ledger; stress injected into Production 1 material and energy
EXP-000803,2026-10-01,生产一部,能源费,53197.11,approved,synthetic_scenario,Scenario expense ledger; stress injected into Production 1 material and energy
EXP-000804,2026-07-01,生产一部,其他制造费,12589.84,approved,synthetic_scenario,Scenario expense ledger; stress injected into Production 1 material and energy
EXP-000805,2026-12-01,设备部,维修费,25463.06,approved,synthetic_scenario,Scenario expense ledger; stress injected into Production 1 material and energy
EXP-000806,2026-06-01,质量部,其他制造费,11714.49,approved,synthetic_scenario,Scenario expense ledger; stress injected into Production 1 material and energy
EXP-000807,2026-10-01,设备部,直接人工,55554.18,approved,synthetic_scenario,Scenario expense ledger; stress injected into Production 1 material and energy
EXP-000808,2026-08-01,采购部,其他制造费,14878.62,approved,synthetic_scenario,Scenario expense ledger; stress injected into Production 1 material and energy
EXP-000809,2026-08-01,仓储部,折旧费,33483.56,approved,synthetic_scenario,Scenario expense ledger; stress injected into Production 1 material and energy
EXP-000810,2026-04-01,采购部,能源费,26741.68,approved,synthetic_scenario,Scenario expense ledger; stress injected into Production 1 material and energy
EXP-000811,2026-05-01,生产二部,直接材料,173385.81,approved,synthetic_scenario,Scenario expense ledger; stress injected into Production 1 material and energy
EXP-000812,2026-05-01,采购部,能源费,32329.02,approved,synthetic_scenario,Scenario expense ledger; stress injected into Production 1 material and energy
EXP-000813,2026-11-01,设备部,直接材料,189325.42,approved,synthetic_scenario,Scenario expense ledger; stress injected into Production 1 material and energy
EXP-000814,2026-02-01,采购部,折旧费,26491.28,approved,synthetic_scenario,Scenario expense ledger; stress injected into Production 1 material and energy
EXP-000815,2026-07-01,生产一部,直接人工,37419.7,approved,synthetic_scenario,Scenario expense ledger; stress injected into Production 1 material and energy
EXP-000816,2026-12-01,质量部,其他制造费,15986.86,approved,synthetic_scenario,Scenario expense ledger; stress injected into Production 1 material and energy
EXP-000817,2026-04-01,质量部,其他制造费,11858.94,approved,synthetic_scenario,Scenario expense ledger; stress injected into Production 1 material and energy
EXP-000818,2026-05-01,设备部,直接人工,50722.35,approved,synthetic_scenario,Scenario expense ledger; stress injected into Production 1 material and energy
EXP-000819,2026-10-01,设备部,维修费,19597.89,approved,synthetic_scenario,Scenario expense ledger; stress injected into Production 1 material and energy
EXP-000820,2026-12-01,采购部,折旧费,42432.26,approved,synthetic_scenario,Scenario expense ledger; stress injected into Production 1 material and energy
EXP-000821,2026-04-01,生产二部,维修费,15207.12,approved,synthetic_scenario,Scenario expense ledger; stress injected into Production 1 material and energy
EXP-000822,2026-02-01,质量部,其他制造费,13196.16,approved,synthetic_scenario,Scenario expense ledger; stress injected into Production 1 material and energy
EXP-000823,2026-01-01,设备部,能源费,24392.08,approved,synthetic_scenario,Scenario expense ledger; stress injected into Production 1 material and energy
EXP-000824,2026-06-01,设备部,直接材料,125879.4,approved,synthetic_scenario,Scenario expense ledger; stress injected into Production 1 material and energy
EXP-000825,2026-08-01,设备部,维修费,17894.06,approved,synthetic_scenario,Scenario expense ledger; stress injected into Production 1 material and energy
EXP-000826,2026-02-01,质量部,能源费,24846.44,approved,synthetic_scenario,Scenario expense ledger; stress injected into Production 1 material and energy
EXP-000827,2026-07-01,采购部,维修费,17300.01,approved,synthetic_scenario,Scenario expense ledger; stress injected into Production 1 material and energy
EXP-000828,2026-12-01,仓储部,其他制造费,17896.51,approved,synthetic_scenario,Scenario expense ledger; stress injected into Production 1 material and energy
EXP-000829,2026-03-01,设备部,直接材料,137758.57,approved,synthetic_scenario,Scenario expense ledger; stress injected into Production 1 material and energy
EXP-000830,2026-02-01,设备部,直接材料,162642.42,approved,synthetic_scenario,Scenario expense ledger; stress injected into Production 1 material and energy
EXP-000831,2026-06-01,生产二部,直接人工,38097.72,approved,synthetic_scenario,Scenario expense ledger; stress injected into Production 1 material and energy
EXP-000832,2026-11-01,设备部,维修费,21579.15,approved,synthetic_scenario,Scenario expense ledger; stress injected into Production 1 material and energy
EXP-000833,2026-12-01,设备部,直接材料,183583.42,approved,synthetic_scenario,Scenario expense ledger; stress injected into Production 1 material and energy
EXP-000834,2026-08-01,仓储部,其他制造费,16232.52,approved,synthetic_scenario,Scenario expense ledger; stress injected into Production 1 material and energy
EXP-000835,2026-03-01,采购部,直接材料,115621.61,approved,synthetic_scenario,Scenario expense ledger; stress injected into Production 1 material and energy
EXP-000836,2026-05-01,质量部,其他制造费,12290.38,approved,synthetic_scenario,Scenario expense ledger; stress injected into Production 1 material and energy
EXP-000837,2026-04-01,质量部,折旧费,17862.38,approved,synthetic_scenario,Scenario expense ledger; stress injected into Production 1 material and energy
EXP-000838,2026-12-01,设备部,能源费,52913.5,approved,synthetic_scenario,Scenario expense ledger; stress injected into Production 1 material and energy
EXP-000839,2026-06-01,仓储部,折旧费,23044.27,approved,synthetic_scenario,Scenario expense ledger; stress injected into Production 1 material and energy
EXP-000840,2026-02-01,生产一部,其他制造费,10491.5,approved,synthetic_scenario,Scenario expense ledger; stress injected into Production 1 material and energy
EXP-000841,2026-04-01,设备部,维修费,13610.04,approved,synthetic_scenario,Scenario expense ledger; stress injected into Production 1 material and energy
EXP-000842,2026-05-01,采购部,维修费,16124.39,approved,synthetic_scenario,Scenario expense ledger; stress injected into Production 1 material and energy
EXP-000843,2026-05-01,质量部,直接人工,56773.75,approved,synthetic_scenario,Scenario expense ledger; stress injected into Production 1 material and energy
EXP-000844,2026-03-01,生产二部,折旧费,20729.86,approved,synthetic_scenario,Scenario expense ledger; stress injected into Production 1 material and energy
EXP-000845,2026-10-01,生产二部,折旧费,30233.64,approved,synthetic_scenario,Scenario expense ledger; stress injected into Production 1 material and energy
EXP-000846,2026-01-01,采购部,维修费,14489.87,approved,synthetic_scenario,Scenario expense ledger; stress injected into Production 1 material and energy
EXP-000847,2026-03-01,生产二部,维修费,12190.02,approved,synthetic_scenario,Scenario expense ledger; stress injected into Production 1 material and energy
EXP-000848,2026-10-01,生产二部,直接材料,222263.78,approved,synthetic_scenario,Scenario expense ledger; stress injected into Production 1 material and energy
EXP-000849,2026-01-01,生产一部,能源费,35872.71,approved,synthetic_scenario,Scenario expense ledger; stress injected into Production 1 material and energy
EXP-000850,2026-11-01,设备部,维修费,26243.51,approved,synthetic_scenario,Scenario expense ledger; stress injected into Production 1 material and energy
EXP-000851,2026-09-01,采购部,直接人工,64400.09,approved,synthetic_scenario,Scenario expense ledger; stress injected into Production 1 material and energy
EXP-000852,2026-08-01,设备部,直接人工,49387.98,approved,synthetic_scenario,Scenario expense ledger; stress injected into Production 1 material and energy
EXP-000853,2026-04-01,仓储部,维修费,11215.94,approved,synthetic_scenario,Scenario expense ledger; stress injected into Production 1 material and energy
EXP-000854,2026-04-01,仓储部,其他制造费,11723.28,approved,synthetic_scenario,Scenario expense ledger; stress injected into Production 1 material and energy
EXP-000855,2026-04-01,设备部,直接人工,39553.34,approved,synthetic_scenario,Scenario expense ledger; stress injected into Production 1 material and energy
EXP-000856,2026-07-01,仓储部,折旧费,38734.38,approved,synthetic_scenario,Scenario expense ledger; stress injected into Production 1 material and energy
EXP-000857,2026-03-01,仓储部,能源费,29627.6,approved,synthetic_scenario,Scenario expense ledger; stress injected into Production 1 material and energy
EXP-000858,2026-09-01,采购部,能源费,35807.0,pending_review,synthetic_scenario,Scenario expense ledger; stress injected into Production 1 material and energy
EXP-000859,2026-06-01,采购部,其他制造费,14827.76,approved,synthetic_scenario,Scenario expense ledger; stress injected into Production 1 material and energy
EXP-000860,2026-03-01,生产一部,维修费,15472.33,approved,synthetic_scenario,Scenario expense ledger; stress injected into Production 1 material and energy
EXP-000861,2026-09-01,采购部,折旧费,28948.47,approved,synthetic_scenario,Scenario expense ledger; stress injected into Production 1 material and energy
EXP-000862,2026-04-01,采购部,其他制造费,9944.25,pending_review,synthetic_scenario,Scenario expense ledger; stress injected into Production 1 material and energy
EXP-000863,2026-11-01,质量部,其他制造费,15793.72,approved,synthetic_scenario,Scenario expense ledger; stress injected into Production 1 material and energy
EXP-000864,2026-02-01,采购部,直接材料,124397.76,pending_review,synthetic_scenario,Scenario expense ledger; stress injected into Production 1 material and energy
EXP-000865,2026-03-01,仓储部,折旧费,26585.26,approved,synthetic_scenario,Scenario expense ledger; stress injected into Production 1 material and energy
EXP-000866,2026-02-01,质量部,折旧费,19477.24,approved,synthetic_scenario,Scenario expense ledger; stress injected into Production 1 material and energy
EXP-000867,2026-11-01,生产一部,直接材料,248246.99,approved,synthetic_scenario,Scenario expense ledger; stress injected into Production 1 material and energy
EXP-000868,2026-09-01,仓储部,其他制造费,18772.33,approved,synthetic_scenario,Scenario expense ledger; stress injected into Production 1 material and energy
EXP-000869,2026-02-01,生产二部,其他制造费,8781.74,approved,synthetic_scenario,Scenario expense ledger; stress injected into Production 1 material and energy
EXP-000870,2026-07-01,仓储部,直接人工,53826.16,approved,synthetic_scenario,Scenario expense ledger; stress injected into Production 1 material and energy
EXP-000871,2026-01-01,生产二部,直接人工,28950.57,approved,synthetic_scenario,Scenario expense ledger; stress injected into Production 1 material and energy
EXP-000872,2026-12-01,生产二部,其他制造费,18010.91,approved,synthetic_scenario,Scenario expense ledger; stress injected into Production 1 material and energy
EXP-000873,2026-12-01,质量部,能源费,41166.19,approved,synthetic_scenario,Scenario expense ledger; stress injected into Production 1 material and energy
EXP-000874,2026-10-01,设备部,折旧费,30869.8,approved,synthetic_scenario,Scenario expense ledger; stress injected into Production 1 material and energy
EXP-000875,2026-03-01,质量部,直接材料,121638.72,approved,synthetic_scenario,Scenario expense ledger; stress injected into Production 1 material and energy
EXP-000876,2026-04-01,生产二部,能源费,24904.62,approved,synthetic_scenario,Scenario expense ledger; stress injected into Production 1 material and energy
EXP-000877,2026-09-01,质量部,直接材料,184849.52,approved,synthetic_scenario,Scenario expense ledger; stress injected into Production 1 material and energy
EXP-000878,2026-05-01,质量部,直接材料,142732.88,approved,synthetic_scenario,Scenario expense ledger; stress injected into Production 1 material and energy
EXP-000879,2026-01-01,质量部,直接人工,29058.31,approved,synthetic_scenario,Scenario expense ledger; stress injected into Production 1 material and energy
EXP-000880,2026-04-01,质量部,维修费,14079.38,pending_review,synthetic_scenario,Scenario expense ledger; stress injected into Production 1 material and energy
EXP-000881,2026-01-01,采购部,直接人工,46422.15,approved,synthetic_scenario,Scenario expense ledger; stress injected into Production 1 material and energy
EXP-000882,2026-08-01,仓储部,能源费,37414.53,approved,synthetic_scenario,Scenario expense ledger; stress injected into Production 1 material and energy
EXP-000883,2026-01-01,仓储部,直接人工,34325.52,approved,synthetic_scenario,Scenario expense ledger; stress injected into Production 1 material and energy
EXP-000884,2026-03-01,采购部,维修费,13083.43,approved,synthetic_scenario,Scenario expense ledger; stress injected into Production 1 material and energy
EXP-000885,2026-12-01,质量部,折旧费,36875.67,approved,synthetic_scenario,Scenario expense ledger; stress injected into Production 1 material and energy
EXP-000886,2026-09-01,质量部,直接人工,64099.98,approved,synthetic_scenario,Scenario expense ledger; stress injected into Production 1 material and energy
EXP-000887,2026-03-01,生产二部,直接人工,49466.37,approved,synthetic_scenario,Scenario expense ledger; stress injected into Production 1 material and energy
EXP-000888,2026-06-01,采购部,折旧费,25960.28,approved,synthetic_scenario,Scenario expense ledger; stress injected into Production 1 material and energy
EXP-000889,2026-05-01,采购部,维修费,13469.92,approved,synthetic_scenario,Scenario expense ledger; stress injected into Production 1 material and energy
EXP-000890,2026-10-01,生产一部,直接人工,61280.79,approved,synthetic_scenario,Scenario expense ledger; stress injected into Production 1 material and energy
EXP-000891,2026-03-01,质量部,维修费,12233.16,approved,synthetic_scenario,Scenario expense ledger; stress injected into Production 1 material and energy
EXP-000892,2026-08-01,生产二部,折旧费,35558.76,approved,synthetic_scenario,Scenario expense ledger; stress injected into Production 1 material and energy
EXP-000893,2026-06-01,采购部,能源费,33901.12,approved,synthetic_scenario,Scenario expense ledger; stress injected into Production 1 material and energy
EXP-000894,2026-10-01,设备部,直接人工,62965.38,approved,synthetic_scenario,Scenario expense ledger; stress injected into Production 1 material and energy
EXP-000895,2026-02-01,生产二部,直接材料,109579.66,approved,synthetic_scenario,Scenario expense ledger; stress injected into Production 1 material and energy
EXP-000896,2026-07-01,生产二部,维修费,12749.62,approved,synthetic_scenario,Scenario expense ledger; stress injected into Production 1 material and energy
EXP-000897,2026-09-01,仓储部,直接人工,57063.4,approved,synthetic_scenario,Scenario expense ledger; stress injected into Production 1 material and energy
EXP-000898,2026-04-01,生产二部,折旧费,21466.43,approved,synthetic_scenario,Scenario expense ledger; stress injected into Production 1 material and energy
EXP-000899,2026-11-01,生产二部,其他制造费,17025.71,approved,synthetic_scenario,Scenario expense ledger; stress injected into Production 1 material and energy
EXP-000900,2026-11-01,采购部,折旧费,42178.94,approved,synthetic_scenario,Scenario expense ledger; stress injected into Production 1 material and energy
EXP-000901,2026-04-01,仓储部,其他制造费,10654.0,approved,synthetic_scenario,Scenario expense ledger; stress injected into Production 1 material and energy
EXP-000902,2026-04-01,设备部,折旧费,17276.32,approved,synthetic_scenario,Scenario expense ledger; stress injected into Production 1 material and energy
EXP-000903,2026-01-01,设备部,折旧费,18877.6,approved,synthetic_scenario,Scenario expense ledger; stress injected into Production 1 material and energy
EXP-000904,2026-08-01,生产一部,直接人工,72425.93,approved,synthetic_scenario,Scenario expense ledger; stress injected into Production 1 material and energy
EXP-000905,2026-04-01,质量部,直接材料,120120.34,approved,synthetic_scenario,Scenario expense ledger; stress injected into Production 1 material and energy
EXP-000906,2026-08-01,仓储部,直接材料,188375.64,approved,synthetic_scenario,Scenario expense ledger; stress injected into Production 1 material and energy
EXP-000907,2026-01-01,生产二部,其他制造费,9144.18,approved,synthetic_scenario,Scenario expense ledger; stress injected into Production 1 material and energy
EXP-000908,2026-01-01,设备部,直接人工,35121.4,approved,synthetic_scenario,Scenario expense ledger; stress injected into Production 1 material and energy
EXP-000909,2026-06-01,生产一部,折旧费,26711.63,approved,synthetic_scenario,Scenario expense ledger; stress injected into Production 1 material and energy
EXP-000910,2026-01-01,设备部,直接材料,124403.06,approved,synthetic_scenario,Scenario expense ledger; stress injected into Production 1 material and energy
EXP-000911,2026-05-01,仓储部,直接材料,126314.29,approved,synthetic_scenario,Scenario expense ledger; stress injected into Production 1 material and energy
EXP-000912,2026-01-01,设备部,直接人工,37029.17,approved,synthetic_scenario,Scenario expense ledger; stress injected into Production 1 material and energy
EXP-000913,2026-08-01,生产二部,维修费,18939.04,approved,synthetic_scenario,Scenario expense ledger; stress injected into Production 1 material and energy
EXP-000914,2026-02-01,生产二部,直接材料,143778.98,approved,synthetic_scenario,Scenario expense ledger; stress injected into Production 1 material and energy
EXP-000915,2026-04-01,质量部,能源费,24668.67,approved,synthetic_scenario,Scenario expense ledger; stress injected into Production 1 material and energy
EXP-000916,2026-02-01,生产二部,直接材料,129169.72,approved,synthetic_scenario,Scenario expense ledger; stress injected into Production 1 material and energy
EXP-000917,2026-07-01,生产一部,维修费,14803.78,approved,synthetic_scenario,Scenario expense ledger; stress injected into Production 1 material and energy
EXP-000918,2026-08-01,仓储部,维修费,16018.78,approved,synthetic_scenario,Scenario expense ledger; stress injected into Production 1 material and energy
EXP-000919,2026-12-01,质量部,直接材料,210281.68,approved,synthetic_scenario,Scenario expense ledger; stress injected into Production 1 material and energy
EXP-000920,2026-12-01,生产二部,直接材料,243968.75,approved,synthetic_scenario,Scenario expense ledger; stress injected into Production 1 material and energy
EXP-000921,2026-08-01,采购部,直接人工,48429.23,approved,synthetic_scenario,Scenario expense ledger; stress injected into Production 1 material and energy
EXP-000922,2026-10-01,采购部,折旧费,33672.99,approved,synthetic_scenario,Scenario expense ledger; stress injected into Production 1 material and energy
EXP-000923,2026-04-01,质量部,能源费,31149.0,approved,synthetic_scenario,Scenario expense ledger; stress injected into Production 1 material and energy
EXP-000924,2026-01-01,仓储部,直接材料,140810.29,approved,synthetic_scenario,Scenario expense ledger; stress injected into Production 1 material and energy
EXP-000925,2026-11-01,仓储部,直接材料,219204.24,approved,synthetic_scenario,Scenario expense ledger; stress injected into Production 1 material and energy
EXP-000926,2026-08-01,设备部,折旧费,24569.98,approved,synthetic_scenario,Scenario expense ledger; stress injected into Production 1 material and energy
EXP-000927,2026-04-01,质量部,直接材料,128787.94,approved,synthetic_scenario,Scenario expense ledger; stress injected into Production 1 material and energy
EXP-000928,2026-08-01,质量部,维修费,18013.3,approved,synthetic_scenario,Scenario expense ledger; stress injected into Production 1 material and energy
EXP-000929,2026-07-01,采购部,能源费,30759.8,approved,synthetic_scenario,Scenario expense ledger; stress injected into Production 1 material and energy
EXP-000930,2026-10-01,采购部,直接材料,190893.72,approved,synthetic_scenario,Scenario expense ledger; stress injected into Production 1 material and energy
EXP-000931,2026-02-01,仓储部,维修费,12565.41,approved,synthetic_scenario,Scenario expense ledger; stress injected into Production 1 material and energy
EXP-000932,2026-03-01,仓储部,维修费,14536.33,approved,synthetic_scenario,Scenario expense ledger; stress injected into Production 1 material and energy
EXP-000933,2026-04-01,设备部,能源费,25543.11,approved,synthetic_scenario,Scenario expense ledger; stress injected into Production 1 material and energy
EXP-000934,2026-09-01,采购部,维修费,22412.46,approved,synthetic_scenario,Scenario expense ledger; stress injected into Production 1 material and energy
EXP-000935,2026-06-01,质量部,折旧费,23676.75,approved,synthetic_scenario,Scenario expense ledger; stress injected into Production 1 material and energy
EXP-000936,2026-12-01,生产二部,能源费,44423.76,approved,synthetic_scenario,Scenario expense ledger; stress injected into Production 1 material and energy
EXP-000937,2026-01-01,生产二部,直接材料,124042.04,approved,synthetic_scenario,Scenario expense ledger; stress injected into Production 1 material and energy
EXP-000938,2026-01-01,仓储部,折旧费,19776.11,approved,synthetic_scenario,Scenario expense ledger; stress injected into Production 1 material and energy
EXP-000939,2026-08-01,生产一部,能源费,61786.25,approved,synthetic_scenario,Scenario expense ledger; stress injected into Production 1 material and energy
EXP-000940,2026-03-01,质量部,能源费,21638.16,approved,synthetic_scenario,Scenario expense ledger; stress injected into Production 1 material and energy
EXP-000941,2026-10-01,生产二部,直接人工,57153.48,approved,synthetic_scenario,Scenario expense ledger; stress injected into Production 1 material and energy
EXP-000942,2026-09-01,质量部,直接材料,179712.61,approved,synthetic_scenario,Scenario expense ledger; stress injected into Production 1 material and energy
EXP-000943,2026-06-01,设备部,能源费,39422.24,approved,synthetic_scenario,Scenario expense ledger; stress injected into Production 1 material and energy
EXP-000944,2026-03-01,生产二部,其他制造费,11090.24,approved,synthetic_scenario,Scenario expense ledger; stress injected into Production 1 material and energy
EXP-000945,2026-07-01,质量部,其他制造费,10985.73,approved,synthetic_scenario,Scenario expense ledger; stress injected into Production 1 material and energy
EXP-000946,2026-10-01,生产一部,维修费,17208.19,approved,synthetic_scenario,Scenario expense ledger; stress injected into Production 1 material and energy
EXP-000947,2026-08-01,生产二部,能源费,41415.98,approved,synthetic_scenario,Scenario expense ledger; stress injected into Production 1 material and energy
EXP-000948,2026-06-01,设备部,直接人工,37395.56,approved,synthetic_scenario,Scenario expense ledger; stress injected into Production 1 material and energy
EXP-000949,2026-11-01,采购部,直接人工,59090.8,approved,synthetic_scenario,Scenario expense ledger; stress injected into Production 1 material and energy
EXP-000950,2026-04-01,设备部,直接材料,131573.61,approved,synthetic_scenario,Scenario expense ledger; stress injected into Production 1 material and energy
EXP-000951,2026-04-01,设备部,直接材料,124762.16,approved,synthetic_scenario,Scenario expense ledger; stress injected into Production 1 material and energy
EXP-000952,2026-01-01,质量部,直接人工,34073.16,approved,synthetic_scenario,Scenario expense ledger; stress injected into Production 1 material and energy
EXP-000953,2026-04-01,生产一部,直接材料,175631.62,approved,synthetic_scenario,Scenario expense ledger; stress injected into Production 1 material and energy
EXP-000954,2026-10-01,生产二部,直接人工,56123.57,approved,synthetic_scenario,Scenario expense ledger; stress injected into Production 1 material and energy
EXP-000955,2026-10-01,质量部,维修费,23679.1,approved,synthetic_scenario,Scenario expense ledger; stress injected into Production 1 material and energy
EXP-000956,2026-10-01,设备部,折旧费,28403.83,approved,synthetic_scenario,Scenario expense ledger; stress injected into Production 1 material and energy
EXP-000957,2026-06-01,生产二部,能源费,26663.98,approved,synthetic_scenario,Scenario expense ledger; stress injected into Production 1 material and energy
EXP-000958,2026-12-01,生产一部,其他制造费,15127.61,approved,synthetic_scenario,Scenario expense ledger; stress injected into Production 1 material and energy
EXP-000959,2026-01-01,生产二部,直接材料,142670.31,approved,synthetic_scenario,Scenario expense ledger; stress injected into Production 1 material and energy
EXP-000960,2026-03-01,仓储部,其他制造费,10930.23,approved,synthetic_scenario,Scenario expense ledger; stress injected into Production 1 material and energy
EXP-000961,2026-05-01,生产一部,其他制造费,10315.08,approved,synthetic_scenario,Scenario expense ledger; stress injected into Production 1 material and energy
EXP-000962,2026-05-01,设备部,能源费,24558.36,approved,synthetic_scenario,Scenario expense ledger; stress injected into Production 1 material and energy
EXP-000963,2026-09-01,采购部,维修费,18888.45,approved,synthetic_scenario,Scenario expense ledger; stress injected into Production 1 material and energy
EXP-000964,2026-09-01,仓储部,直接人工,54574.54,pending_review,synthetic_scenario,Scenario expense ledger; stress injected into Production 1 material and energy
EXP-000965,2026-06-01,设备部,折旧费,28004.17,approved,synthetic_scenario,Scenario expense ledger; stress injected into Production 1 material and energy
EXP-000966,2026-10-01,质量部,直接材料,252450.3,approved,synthetic_scenario,Scenario expense ledger; stress injected into Production 1 material and energy
EXP-000967,2026-12-01,生产二部,直接材料,188442.14,approved,synthetic_scenario,Scenario expense ledger; stress injected into Production 1 material and energy
EXP-000968,2026-08-01,设备部,直接人工,49352.21,approved,synthetic_scenario,Scenario expense ledger; stress injected into Production 1 material and energy
EXP-000969,2026-09-01,质量部,能源费,46427.71,pending_review,synthetic_scenario,Scenario expense ledger; stress injected into Production 1 material and energy
EXP-000970,2026-03-01,质量部,折旧费,25100.27,approved,synthetic_scenario,Scenario expense ledger; stress injected into Production 1 material and energy
EXP-000971,2026-05-01,采购部,折旧费,23953.71,approved,synthetic_scenario,Scenario expense ledger; stress injected into Production 1 material and energy
EXP-000972,2026-04-01,生产二部,维修费,14134.24,approved,synthetic_scenario,Scenario expense ledger; stress injected into Production 1 material and energy
EXP-000973,2026-12-01,生产一部,其他制造费,19585.0,approved,synthetic_scenario,Scenario expense ledger; stress injected into Production 1 material and energy
EXP-000974,2026-10-01,采购部,能源费,31278.86,approved,synthetic_scenario,Scenario expense ledger; stress injected into Production 1 material and energy
EXP-000975,2026-11-01,采购部,折旧费,32945.59,approved,synthetic_scenario,Scenario expense ledger; stress injected into Production 1 material and energy
EXP-000976,2026-06-01,生产一部,折旧费,26351.96,approved,synthetic_scenario,Scenario expense ledger; stress injected into Production 1 material and energy
EXP-000977,2026-11-01,质量部,直接人工,60285.02,approved,synthetic_scenario,Scenario expense ledger; stress injected into Production 1 material and energy
EXP-000978,2026-02-01,生产二部,能源费,24013.43,approved,synthetic_scenario,Scenario expense ledger; stress injected into Production 1 material and energy
EXP-000979,2026-01-01,生产一部,直接材料,188441.75,approved,synthetic_scenario,Scenario expense ledger; stress injected into Production 1 material and energy
EXP-000980,2026-04-01,仓储部,直接材料,143749.33,approved,synthetic_scenario,Scenario expense ledger; stress injected into Production 1 material and energy
EXP-000981,2026-12-01,仓储部,直接材料,231875.37,approved,synthetic_scenario,Scenario expense ledger; stress injected into Production 1 material and energy
EXP-000982,2026-12-01,仓储部,其他制造费,16704.79,approved,synthetic_scenario,Scenario expense ledger; stress injected into Production 1 material and energy
EXP-000983,2026-06-01,设备部,其他制造费,9028.73,approved,synthetic_scenario,Scenario expense ledger; stress injected into Production 1 material and energy
EXP-000984,2026-01-01,生产二部,其他制造费,8817.14,approved,synthetic_scenario,Scenario expense ledger; stress injected into Production 1 material and energy
EXP-000985,2026-04-01,设备部,直接人工,32807.48,approved,synthetic_scenario,Scenario expense ledger; stress injected into Production 1 material and energy
EXP-000986,2026-06-01,质量部,直接人工,40043.89,approved,synthetic_scenario,Scenario expense ledger; stress injected into Production 1 material and energy
EXP-000987,2026-04-01,生产二部,其他制造费,10484.96,approved,synthetic_scenario,Scenario expense ledger; stress injected into Production 1 material and energy
EXP-000988,2026-07-01,生产二部,维修费,14344.92,approved,synthetic_scenario,Scenario expense ledger; stress injected into Production 1 material and energy
EXP-000989,2026-06-01,生产二部,直接材料,142465.17,approved,synthetic_scenario,Scenario expense ledger; stress injected into Production 1 material and energy
EXP-000990,2026-02-01,质量部,折旧费,18436.71,approved,synthetic_scenario,Scenario expense ledger; stress injected into Production 1 material and energy
EXP-000991,2026-09-01,生产二部,直接人工,59700.13,approved,synthetic_scenario,Scenario expense ledger; stress injected into Production 1 material and energy
EXP-000992,2026-01-01,设备部,能源费,26755.46,approved,synthetic_scenario,Scenario expense ledger; stress injected into Production 1 material and energy
EXP-000993,2026-06-01,生产一部,其他制造费,13453.53,approved,synthetic_scenario,Scenario expense ledger; stress injected into Production 1 material and energy
EXP-000994,2026-06-01,质量部,折旧费,27838.02,pending_review,synthetic_scenario,Scenario expense ledger; stress injected into Production 1 material and energy
EXP-000995,2026-12-01,生产二部,折旧费,27826.21,approved,synthetic_scenario,Scenario expense ledger; stress injected into Production 1 material and energy
EXP-000996,2026-01-01,质量部,直接人工,30108.32,approved,synthetic_scenario,Scenario expense ledger; stress injected into Production 1 material and energy
EXP-000997,2026-07-01,仓储部,维修费,20148.82,approved,synthetic_scenario,Scenario expense ledger; stress injected into Production 1 material and energy
EXP-000998,2026-01-01,生产二部,其他制造费,9551.45,approved,synthetic_scenario,Scenario expense ledger; stress injected into Production 1 material and energy
EXP-000999,2026-08-01,设备部,其他制造费,18145.84,approved,synthetic_scenario,Scenario expense ledger; stress injected into Production 1 material and energy
EXP-001000,2026-08-01,质量部,折旧费,34326.09,approved,synthetic_scenario,Scenario expense ledger; stress injected into Production 1 material and energy
EXP-001001,2026-10-01,质量部,折旧费,31902.2,approved,synthetic_scenario,Scenario expense ledger; stress injected into Production 1 material and energy
EXP-001002,2026-07-01,采购部,直接人工,53547.48,approved,synthetic_scenario,Scenario expense ledger; stress injected into Production 1 material and energy
EXP-001003,2026-09-01,质量部,能源费,50073.28,approved,synthetic_scenario,Scenario expense ledger; stress injected into Production 1 material and energy
EXP-001004,2026-09-01,设备部,其他制造费,18016.65,pending_review,synthetic_scenario,Scenario expense ledger; stress injected into Production 1 material and energy
EXP-001005,2026-02-01,仓储部,维修费,11639.05,approved,synthetic_scenario,Scenario expense ledger; stress injected into Production 1 material and energy
EXP-001006,2026-04-01,采购部,折旧费,21417.89,approved,synthetic_scenario,Scenario expense ledger; stress injected into Production 1 material and energy
EXP-001007,2026-12-01,设备部,其他制造费,15897.66,pending_review,synthetic_scenario,Scenario expense ledger; stress injected into Production 1 material and energy
EXP-001008,2026-07-01,生产二部,能源费,30198.2,approved,synthetic_scenario,Scenario expense ledger; stress injected into Production 1 material and energy
EXP-001009,2026-04-01,质量部,直接人工,33142.17,approved,synthetic_scenario,Scenario expense ledger; stress injected into Production 1 material and energy
EXP-001010,2026-04-01,采购部,其他制造费,9955.01,approved,synthetic_scenario,Scenario expense ledger; stress injected into Production 1 material and energy
EXP-001011,2026-10-01,生产一部,直接材料,259905.56,approved,synthetic_scenario,Scenario expense ledger; stress injected into Production 1 material and energy
EXP-001012,2026-09-01,设备部,折旧费,33057.07,approved,synthetic_scenario,Scenario expense ledger; stress injected into Production 1 material and energy
EXP-001013,2026-07-01,质量部,直接人工,51704.44,approved,synthetic_scenario,Scenario expense ledger; stress injected into Production 1 material and energy
EXP-001014,2026-01-01,生产一部,其他制造费,11980.18,approved,synthetic_scenario,Scenario expense ledger; stress injected into Production 1 material and energy
EXP-001015,2026-02-01,设备部,维修费,13452.16,approved,synthetic_scenario,Scenario expense ledger; stress injected into Production 1 material and energy
EXP-001016,2026-12-01,质量部,折旧费,40939.4,approved,synthetic_scenario,Scenario expense ledger; stress injected into Production 1 material and energy
EXP-001017,2026-08-01,生产一部,维修费,17306.15,approved,synthetic_scenario,Scenario expense ledger; stress injected into Production 1 material and energy
EXP-001018,2026-06-01,生产一部,折旧费,30961.35,approved,synthetic_scenario,Scenario expense ledger; stress injected into Production 1 material and energy
EXP-001019,2026-08-01,设备部,能源费,43116.14,approved,synthetic_scenario,Scenario expense ledger; stress injected into Production 1 material and energy
EXP-001020,2026-12-01,采购部,折旧费,39641.86,approved,synthetic_scenario,Scenario expense ledger; stress injected into Production 1 material and energy
EXP-001021,2026-02-01,仓储部,折旧费,21015.21,approved,synthetic_scenario,Scenario expense ledger; stress injected into Production 1 material and energy
EXP-001022,2026-09-01,生产一部,其他制造费,13587.55,approved,synthetic_scenario,Scenario expense ledger; stress injected into Production 1 material and energy
EXP-001023,2026-03-01,仓储部,折旧费,22246.05,approved,synthetic_scenario,Scenario expense ledger; stress injected into Production 1 material and energy
EXP-001024,2026-05-01,质量部,折旧费,25051.63,approved,synthetic_scenario,Scenario expense ledger; stress injected into Production 1 material and energy
EXP-001025,2026-09-01,质量部,直接材料,173539.61,approved,synthetic_scenario,Scenario expense ledger; stress injected into Production 1 material and energy
EXP-001026,2026-10-01,生产一部,折旧费,49316.68,approved,synthetic_scenario,Scenario expense ledger; stress injected into Production 1 material and energy
EXP-001027,2026-10-01,仓储部,直接人工,49386.07,pending_review,synthetic_scenario,Scenario expense ledger; stress injected into Production 1 material and energy
EXP-001028,2026-05-01,设备部,能源费,25805.63,pending_review,synthetic_scenario,Scenario expense ledger; stress injected into Production 1 material and energy
EXP-001029,2026-07-01,设备部,直接材料,166447.28,approved,synthetic_scenario,Scenario expense ledger; stress injected into Production 1 material and energy
EXP-001030,2026-01-01,采购部,能源费,23007.09,approved,synthetic_scenario,Scenario expense ledger; stress injected into Production 1 material and energy
EXP-001031,2026-12-01,质量部,其他制造费,18184.81,approved,synthetic_scenario,Scenario expense ledger; stress injected into Production 1 material and energy
EXP-001032,2026-08-01,仓储部,直接人工,61466.56,approved,synthetic_scenario,Scenario expense ledger; stress injected into Production 1 material and energy
EXP-001033,2026-02-01,仓储部,折旧费,23832.17,approved,synthetic_scenario,Scenario expense ledger; stress injected into Production 1 material and energy
EXP-001034,2026-10-01,采购部,能源费,39993.4,approved,synthetic_scenario,Scenario expense ledger; stress injected into Production 1 material and energy
EXP-001035,2026-10-01,质量部,其他制造费,12545.33,approved,synthetic_scenario,Scenario expense ledger; stress injected into Production 1 material and energy
EXP-001036,2026-04-01,仓储部,直接材料,147688.8,approved,synthetic_scenario,Scenario expense ledger; stress injected into Production 1 material and energy
EXP-001037,2026-04-01,质量部,维修费,12976.57,approved,synthetic_scenario,Scenario expense ledger; stress injected into Production 1 material and energy
EXP-001038,2026-12-01,生产二部,维修费,22521.52,approved,synthetic_scenario,Scenario expense ledger; stress injected into Production 1 material and energy
EXP-001039,2026-01-01,生产二部,直接人工,34637.48,approved,synthetic_scenario,Scenario expense ledger; stress injected into Production 1 material and energy
EXP-001040,2026-12-01,仓储部,其他制造费,17407.42,pending_review,synthetic_scenario,Scenario expense ledger; stress injected into Production 1 material and energy
EXP-001041,2026-04-01,采购部,直接人工,34833.45,approved,synthetic_scenario,Scenario expense ledger; stress injected into Production 1 material and energy
EXP-001042,2026-05-01,质量部,能源费,34593.18,approved,synthetic_scenario,Scenario expense ledger; stress injected into Production 1 material and energy
EXP-001043,2026-08-01,质量部,维修费,17819.2,approved,synthetic_scenario,Scenario expense ledger; stress injected into Production 1 material and energy
EXP-001044,2026-01-01,仓储部,折旧费,18193.28,approved,synthetic_scenario,Scenario expense ledger; stress injected into Production 1 material and energy
EXP-001045,2026-09-01,设备部,其他制造费,17385.8,approved,synthetic_scenario,Scenario expense ledger; stress injected into Production 1 material and energy
EXP-001046,2026-04-01,采购部,能源费,29118.3,approved,synthetic_scenario,Scenario expense ledger; stress injected into Production 1 material and energy
EXP-001047,2026-02-01,仓储部,其他制造费,9752.48,approved,synthetic_scenario,Scenario expense ledger; stress injected into Production 1 material and energy
EXP-001048,2026-11-01,质量部,折旧费,40695.44,approved,synthetic_scenario,Scenario expense ledger; stress injected into Production 1 material and energy
EXP-001049,2026-11-01,采购部,直接材料,187935.46,approved,synthetic_scenario,Scenario expense ledger; stress injected into Production 1 material and energy
EXP-001050,2026-09-01,生产一部,折旧费,35639.89,approved,synthetic_scenario,Scenario expense ledger; stress injected into Production 1 material and energy
EXP-001051,2026-03-01,设备部,其他制造费,14214.86,approved,synthetic_scenario,Scenario expense ledger; stress injected into Production 1 material and energy
EXP-001052,2026-05-01,设备部,折旧费,26391.16,pending_review,synthetic_scenario,Scenario expense ledger; stress injected into Production 1 material and energy
EXP-001053,2026-03-01,采购部,直接人工,36162.62,approved,synthetic_scenario,Scenario expense ledger; stress injected into Production 1 material and energy
EXP-001054,2026-09-01,采购部,直接人工,60455.21,approved,synthetic_scenario,Scenario expense ledger; stress injected into Production 1 material and energy
EXP-001055,2026-04-01,仓储部,维修费,14956.74,approved,synthetic_scenario,Scenario expense ledger; stress injected into Production 1 material and energy
EXP-001056,2026-10-01,设备部,直接材料,189370.39,approved,synthetic_scenario,Scenario expense ledger; stress injected into Production 1 material and energy
EXP-001057,2026-11-01,生产二部,折旧费,38026.09,approved,synthetic_scenario,Scenario expense ledger; stress injected into Production 1 material and energy
EXP-001058,2026-02-01,生产二部,维修费,12247.24,approved,synthetic_scenario,Scenario expense ledger; stress injected into Production 1 material and energy
EXP-001059,2026-03-01,设备部,其他制造费,11600.5,approved,synthetic_scenario,Scenario expense ledger; stress injected into Production 1 material and energy
EXP-001060,2026-08-01,设备部,折旧费,30201.04,approved,synthetic_scenario,Scenario expense ledger; stress injected into Production 1 material and energy
EXP-001061,2026-08-01,生产一部,其他制造费,14422.96,approved,synthetic_scenario,Scenario expense ledger; stress injected into Production 1 material and energy
EXP-001062,2026-09-01,生产二部,直接材料,173684.98,approved,synthetic_scenario,Scenario expense ledger; stress injected into Production 1 material and energy
EXP-001063,2026-10-01,采购部,维修费,17678.42,approved,synthetic_scenario,Scenario expense ledger; stress injected into Production 1 material and energy
EXP-001064,2026-11-01,生产一部,折旧费,29044.36,approved,synthetic_scenario,Scenario expense ledger; stress injected into Production 1 material and energy
EXP-001065,2026-03-01,采购部,能源费,29972.09,approved,synthetic_scenario,Scenario expense ledger; stress injected into Production 1 material and energy
EXP-001066,2026-06-01,采购部,维修费,13614.34,approved,synthetic_scenario,Scenario expense ledger; stress injected into Production 1 material and energy
EXP-001067,2026-02-01,质量部,能源费,23495.91,approved,synthetic_scenario,Scenario expense ledger; stress injected into Production 1 material and energy
EXP-001068,2026-05-01,仓储部,其他制造费,13381.96,approved,synthetic_scenario,Scenario expense ledger; stress injected into Production 1 material and energy
EXP-001069,2026-04-01,仓储部,直接人工,32996.22,approved,synthetic_scenario,Scenario expense ledger; stress injected into Production 1 material and energy
EXP-001070,2026-09-01,生产二部,折旧费,29138.79,pending_review,synthetic_scenario,Scenario expense ledger; stress injected into Production 1 material and energy
EXP-001071,2026-02-01,仓储部,折旧费,29935.51,approved,synthetic_scenario,Scenario expense ledger; stress injected into Production 1 material and energy
EXP-001072,2026-05-01,生产二部,直接人工,55252.18,approved,synthetic_scenario,Scenario expense ledger; stress injected into Production 1 material and energy
EXP-001073,2026-04-01,质量部,直接材料,143590.67,approved,synthetic_scenario,Scenario expense ledger; stress injected into Production 1 material and energy
EXP-001074,2026-10-01,设备部,直接材料,242596.77,approved,synthetic_scenario,Scenario expense ledger; stress injected into Production 1 material and energy
EXP-001075,2026-02-01,生产二部,折旧费,20011.35,approved,synthetic_scenario,Scenario expense ledger; stress injected into Production 1 material and energy
EXP-001076,2026-12-01,质量部,维修费,21196.96,approved,synthetic_scenario,Scenario expense ledger; stress injected into Production 1 material and energy
EXP-001077,2026-01-01,设备部,直接人工,31313.38,approved,synthetic_scenario,Scenario expense ledger; stress injected into Production 1 material and energy
EXP-001078,2026-09-01,生产一部,其他制造费,13942.51,approved,synthetic_scenario,Scenario expense ledger; stress injected into Production 1 material and energy
EXP-001079,2026-07-01,采购部,直接人工,62507.51,approved,synthetic_scenario,Scenario expense ledger; stress injected into Production 1 material and energy
EXP-001080,2026-12-01,生产一部,能源费,55878.65,approved,synthetic_scenario,Scenario expense ledger; stress injected into Production 1 material and energy
EXP-001081,2026-06-01,质量部,直接人工,36685.08,approved,synthetic_scenario,Scenario expense ledger; stress injected into Production 1 material and energy
EXP-001082,2026-08-01,采购部,折旧费,29348.24,approved,synthetic_scenario,Scenario expense ledger; stress injected into Production 1 material and energy
EXP-001083,2026-01-01,生产一部,折旧费,18635.82,approved,synthetic_scenario,Scenario expense ledger; stress injected into Production 1 material and energy
EXP-001084,2026-06-01,仓储部,能源费,25826.42,approved,synthetic_scenario,Scenario expense ledger; stress injected into Production 1 material and energy
EXP-001085,2026-02-01,采购部,直接材料,115899.53,approved,synthetic_scenario,Scenario expense ledger; stress injected into Production 1 material and energy
EXP-001086,2026-06-01,采购部,其他制造费,13119.68,approved,synthetic_scenario,Scenario expense ledger; stress injected into Production 1 material and energy
EXP-001087,2026-08-01,质量部,直接材料,200852.81,approved,synthetic_scenario,Scenario expense ledger; stress injected into Production 1 material and energy
EXP-001088,2026-05-01,生产二部,直接材料,138766.29,approved,synthetic_scenario,Scenario expense ledger; stress injected into Production 1 material and energy
EXP-001089,2026-05-01,设备部,折旧费,25347.36,approved,synthetic_scenario,Scenario expense ledger; stress injected into Production 1 material and energy
EXP-001090,2026-12-01,生产一部,折旧费,42223.96,approved,synthetic_scenario,Scenario expense ledger; stress injected into Production 1 material and energy
EXP-001091,2026-09-01,生产二部,能源费,36121.18,approved,synthetic_scenario,Scenario expense ledger; stress injected into Production 1 material and energy
EXP-001092,2026-04-01,生产二部,直接材料,113526.33,approved,synthetic_scenario,Scenario expense ledger; stress injected into Production 1 material and energy
EXP-001093,2026-09-01,生产一部,能源费,52809.48,approved,synthetic_scenario,Scenario expense ledger; stress injected into Production 1 material and energy
EXP-001094,2026-07-01,生产二部,折旧费,24486.96,approved,synthetic_scenario,Scenario expense ledger; stress injected into Production 1 material and energy
EXP-001095,2026-07-01,生产二部,其他制造费,13826.23,approved,synthetic_scenario,Scenario expense ledger; stress injected into Production 1 material and energy
EXP-001096,2026-10-01,生产一部,能源费,61682.82,approved,synthetic_scenario,Scenario expense ledger; stress injected into Production 1 material and energy
EXP-001097,2026-06-01,设备部,能源费,37256.61,approved,synthetic_scenario,Scenario expense ledger; stress injected into Production 1 material and energy
EXP-001098,2026-08-01,质量部,其他制造费,13789.12,approved,synthetic_scenario,Scenario expense ledger; stress injected into Production 1 material and energy
EXP-001099,2026-03-01,质量部,折旧费,24429.15,approved,synthetic_scenario,Scenario expense ledger; stress injected into Production 1 material and energy
EXP-001100,2026-01-01,仓储部,直接材料,130554.42,approved,synthetic_scenario,Scenario expense ledger; stress injected into Production 1 material and energy
EXP-001101,2026-05-01,质量部,其他制造费,14196.12,approved,synthetic_scenario,Scenario expense ledger; stress injected into Production 1 material and energy
EXP-001102,2026-01-01,生产二部,直接材料,135304.34,approved,synthetic_scenario,Scenario expense ledger; stress injected into Production 1 material and energy
EXP-001103,2026-06-01,质量部,维修费,15254.64,approved,synthetic_scenario,Scenario expense ledger; stress injected into Production 1 material and energy
EXP-001104,2026-02-01,质量部,折旧费,16149.41,approved,synthetic_scenario,Scenario expense ledger; stress injected into Production 1 material and energy
EXP-001105,2026-12-01,设备部,折旧费,41102.18,approved,synthetic_scenario,Scenario expense ledger; stress injected into Production 1 material and energy
EXP-001106,2026-01-01,设备部,折旧费,22116.41,approved,synthetic_scenario,Scenario expense ledger; stress injected into Production 1 material and energy
EXP-001107,2026-12-01,采购部,其他制造费,20591.72,approved,synthetic_scenario,Scenario expense ledger; stress injected into Production 1 material and energy
EXP-001108,2026-05-01,设备部,能源费,25922.58,approved,synthetic_scenario,Scenario expense ledger; stress injected into Production 1 material and energy
EXP-001109,2026-07-01,仓储部,直接材料,188424.76,approved,synthetic_scenario,Scenario expense ledger; stress injected into Production 1 material and energy
EXP-001110,2026-02-01,生产二部,直接材料,126367.39,approved,synthetic_scenario,Scenario expense ledger; stress injected into Production 1 material and energy
EXP-001111,2026-01-01,采购部,能源费,23555.84,approved,synthetic_scenario,Scenario expense ledger; stress injected into Production 1 material and energy
EXP-001112,2026-01-01,质量部,能源费,29252.35,approved,synthetic_scenario,Scenario expense ledger; stress injected into Production 1 material and energy
EXP-001113,2026-01-01,采购部,折旧费,19642.1,approved,synthetic_scenario,Scenario expense ledger; stress injected into Production 1 material and energy
EXP-001114,2026-11-01,生产二部,直接人工,64542.09,approved,synthetic_scenario,Scenario expense ledger; stress injected into Production 1 material and energy
EXP-001115,2026-10-01,生产一部,能源费,49795.43,approved,synthetic_scenario,Scenario expense ledger; stress injected into Production 1 material and energy
EXP-001116,2026-12-01,采购部,直接材料,233572.13,approved,synthetic_scenario,Scenario expense ledger; stress injected into Production 1 material and energy
EXP-001117,2026-11-01,质量部,直接人工,67079.88,approved,synthetic_scenario,Scenario expense ledger; stress injected into Production 1 material and energy
EXP-001118,2026-11-01,设备部,能源费,31130.53,approved,synthetic_scenario,Scenario expense ledger; stress injected into Production 1 material and energy
EXP-001119,2026-03-01,生产一部,直接人工,34715.44,approved,synthetic_scenario,Scenario expense ledger; stress injected into Production 1 material and energy
EXP-001120,2026-10-01,生产二部,折旧费,30919.92,approved,synthetic_scenario,Scenario expense ledger; stress injected into Production 1 material and energy
EXP-001121,2026-11-01,质量部,其他制造费,17043.14,approved,synthetic_scenario,Scenario expense ledger; stress injected into Production 1 material and energy
EXP-001122,2026-09-01,设备部,能源费,50376.65,approved,synthetic_scenario,Scenario expense ledger; stress injected into Production 1 material and energy
EXP-001123,2026-03-01,生产一部,直接人工,35124.68,approved,synthetic_scenario,Scenario expense ledger; stress injected into Production 1 material and energy
EXP-001124,2026-12-01,质量部,直接材料,212921.06,approved,synthetic_scenario,Scenario expense ledger; stress injected into Production 1 material and energy
EXP-001125,2026-12-01,质量部,直接材料,225989.19,approved,synthetic_scenario,Scenario expense ledger; stress injected into Production 1 material and energy
EXP-001126,2026-01-01,生产一部,折旧费,21944.24,approved,synthetic_scenario,Scenario expense ledger; stress injected into Production 1 material and energy
EXP-001127,2026-03-01,生产一部,其他制造费,11172.44,approved,synthetic_scenario,Scenario expense ledger; stress injected into Production 1 material and energy
EXP-001128,2026-06-01,仓储部,能源费,32478.23,approved,synthetic_scenario,Scenario expense ledger; stress injected into Production 1 material and energy
EXP-001129,2026-04-01,仓储部,直接材料,167270.67,approved,synthetic_scenario,Scenario expense ledger; stress injected into Production 1 material and energy
EXP-001130,2026-03-01,采购部,维修费,11217.07,approved,synthetic_scenario,Scenario expense ledger; stress injected into Production 1 material and energy
EXP-001131,2026-10-01,设备部,其他制造费,16060.78,approved,synthetic_scenario,Scenario expense ledger; stress injected into Production 1 material and energy
EXP-001132,2026-03-01,仓储部,直接材料,139182.31,approved,synthetic_scenario,Scenario expense ledger; stress injected into Production 1 material and energy
EXP-001133,2026-04-01,生产二部,其他制造费,10395.2,approved,synthetic_scenario,Scenario expense ledger; stress injected into Production 1 material and energy
EXP-001134,2026-08-01,采购部,直接人工,57473.36,approved,synthetic_scenario,Scenario expense ledger; stress injected into Production 1 material and energy
EXP-001135,2026-01-01,质量部,能源费,26359.7,pending_review,synthetic_scenario,Scenario expense ledger; stress injected into Production 1 material and energy
EXP-001136,2026-09-01,生产二部,直接人工,57042.14,approved,synthetic_scenario,Scenario expense ledger; stress injected into Production 1 material and energy
EXP-001137,2026-11-01,采购部,直接材料,213211.67,approved,synthetic_scenario,Scenario expense ledger; stress injected into Production 1 material and energy
EXP-001138,2026-10-01,仓储部,折旧费,28823.36,approved,synthetic_scenario,Scenario expense ledger; stress injected into Production 1 material and energy
EXP-001139,2026-10-01,仓储部,直接人工,51999.39,approved,synthetic_scenario,Scenario expense ledger; stress injected into Production 1 material and energy
EXP-001140,2026-04-01,设备部,维修费,16154.23,approved,synthetic_scenario,Scenario expense ledger; stress injected into Production 1 material and energy
EXP-001141,2026-07-01,质量部,维修费,19542.94,approved,synthetic_scenario,Scenario expense ledger; stress injected into Production 1 material and energy
EXP-001142,2026-04-01,设备部,直接人工,41713.98,approved,synthetic_scenario,Scenario expense ledger; stress injected into Production 1 material and energy
EXP-001143,2026-02-01,生产二部,折旧费,18895.53,approved,synthetic_scenario,Scenario expense ledger; stress injected into Production 1 material and energy
EXP-001144,2026-07-01,仓储部,能源费,36193.03,approved,synthetic_scenario,Scenario expense ledger; stress injected into Production 1 material and energy
EXP-001145,2026-09-01,生产二部,直接人工,64777.87,approved,synthetic_scenario,Scenario expense ledger; stress injected into Production 1 material and energy
EXP-001146,2026-10-01,生产二部,折旧费,25495.35,pending_review,synthetic_scenario,Scenario expense ledger; stress injected into Production 1 material and energy
EXP-001147,2026-02-01,仓储部,能源费,23238.57,approved,synthetic_scenario,Scenario expense ledger; stress injected into Production 1 material and energy
EXP-001148,2026-05-01,采购部,折旧费,23744.68,approved,synthetic_scenario,Scenario expense ledger; stress injected into Production 1 material and energy
EXP-001149,2026-04-01,生产一部,直接材料,192457.38,approved,synthetic_scenario,Scenario expense ledger; stress injected into Production 1 material and energy
EXP-001150,2026-03-01,仓储部,直接人工,39467.21,approved,synthetic_scenario,Scenario expense ledger; stress injected into Production 1 material and energy
EXP-001151,2026-01-01,质量部,维修费,12251.45,approved,synthetic_scenario,Scenario expense ledger; stress injected into Production 1 material and energy
EXP-001152,2026-05-01,采购部,能源费,29226.95,approved,synthetic_scenario,Scenario expense ledger; stress injected into Production 1 material and energy
EXP-001153,2026-02-01,设备部,其他制造费,9126.8,approved,synthetic_scenario,Scenario expense ledger; stress injected into Production 1 material and energy
EXP-001154,2026-02-01,采购部,维修费,12829.9,approved,synthetic_scenario,Scenario expense ledger; stress injected into Production 1 material and energy
EXP-001155,2026-11-01,设备部,折旧费,34462.25,approved,synthetic_scenario,Scenario expense ledger; stress injected into Production 1 material and energy
EXP-001156,2026-09-01,采购部,直接人工,69586.6,approved,synthetic_scenario,Scenario expense ledger; stress injected into Production 1 material and energy
EXP-001157,2026-11-01,生产一部,能源费,56774.69,approved,synthetic_scenario,Scenario expense ledger; stress injected into Production 1 material and energy
EXP-001158,2026-11-01,设备部,直接人工,62948.12,approved,synthetic_scenario,Scenario expense ledger; stress injected into Production 1 material and energy
EXP-001159,2026-02-01,设备部,其他制造费,9285.59,approved,synthetic_scenario,Scenario expense ledger; stress injected into Production 1 material and energy
EXP-001160,2026-09-01,仓储部,能源费,38756.77,approved,synthetic_scenario,Scenario expense ledger; stress injected into Production 1 material and energy
EXP-001161,2026-11-01,生产一部,其他制造费,18771.93,approved,synthetic_scenario,Scenario expense ledger; stress injected into Production 1 material and energy
EXP-001162,2026-03-01,生产一部,直接材料,193904.18,approved,synthetic_scenario,Scenario expense ledger; stress injected into Production 1 material and energy
EXP-001163,2026-02-01,仓储部,其他制造费,9725.39,approved,synthetic_scenario,Scenario expense ledger; stress injected into Production 1 material and energy
EXP-001164,2026-06-01,质量部,折旧费,24104.62,approved,synthetic_scenario,Scenario expense ledger; stress injected into Production 1 material and energy
EXP-001165,2026-05-01,设备部,直接人工,44306.16,approved,synthetic_scenario,Scenario expense ledger; stress injected into Production 1 material and energy
EXP-001166,2026-05-01,质量部,维修费,14985.37,approved,synthetic_scenario,Scenario expense ledger; stress injected into Production 1 material and energy
EXP-001167,2026-11-01,生产二部,直接材料,181127.57,approved,synthetic_scenario,Scenario expense ledger; stress injected into Production 1 material and energy
EXP-001168,2026-03-01,生产一部,其他制造费,8317.6,approved,synthetic_scenario,Scenario expense ledger; stress injected into Production 1 material and energy
EXP-001169,2026-03-01,质量部,其他制造费,10882.18,approved,synthetic_scenario,Scenario expense ledger; stress injected into Production 1 material and energy
EXP-001170,2026-06-01,仓储部,其他制造费,13669.69,approved,synthetic_scenario,Scenario expense ledger; stress injected into Production 1 material and energy
EXP-001171,2026-05-01,生产一部,维修费,14874.61,approved,synthetic_scenario,Scenario expense ledger; stress injected into Production 1 material and energy
EXP-001172,2026-06-01,质量部,直接人工,45199.92,pending_review,synthetic_scenario,Scenario expense ledger; stress injected into Production 1 material and energy
EXP-001173,2026-05-01,设备部,直接材料,135476.54,approved,synthetic_scenario,Scenario expense ledger; stress injected into Production 1 material and energy
EXP-001174,2026-04-01,采购部,维修费,12247.87,approved,synthetic_scenario,Scenario expense ledger; stress injected into Production 1 material and energy
EXP-001175,2026-01-01,采购部,能源费,24995.98,approved,synthetic_scenario,Scenario expense ledger; stress injected into Production 1 material and energy
EXP-001176,2026-01-01,设备部,折旧费,18594.15,approved,synthetic_scenario,Scenario expense ledger; stress injected into Production 1 material and energy
EXP-001177,2026-02-01,仓储部,直接材料,104802.79,approved,synthetic_scenario,Scenario expense ledger; stress injected into Production 1 material and energy
EXP-001178,2026-05-01,仓储部,能源费,32799.3,approved,synthetic_scenario,Scenario expense ledger; stress injected into Production 1 material and energy
EXP-001179,2026-06-01,生产二部,折旧费,24584.21,approved,synthetic_scenario,Scenario expense ledger; stress injected into Production 1 material and energy
EXP-001180,2026-02-01,生产二部,直接人工,42164.6,approved,synthetic_scenario,Scenario expense ledger; stress injected into Production 1 material and energy
EXP-001181,2026-06-01,生产二部,直接材料,113864.62,pending_review,synthetic_scenario,Scenario expense ledger; stress injected into Production 1 material and energy
EXP-001182,2026-04-01,设备部,维修费,13482.39,approved,synthetic_scenario,Scenario expense ledger; stress injected into Production 1 material and energy
EXP-001183,2026-03-01,设备部,维修费,15540.29,approved,synthetic_scenario,Scenario expense ledger; stress injected into Production 1 material and energy
EXP-001184,2026-08-01,质量部,其他制造费,12543.25,approved,synthetic_scenario,Scenario expense ledger; stress injected into Production 1 material and energy
EXP-001185,2026-04-01,生产一部,直接人工,35689.12,approved,synthetic_scenario,Scenario expense ledger; stress injected into Production 1 material and energy
EXP-001186,2026-11-01,仓储部,折旧费,32274.55,approved,synthetic_scenario,Scenario expense ledger; stress injected into Production 1 material and energy
EXP-001187,2026-07-01,生产二部,直接材料,170504.27,approved,synthetic_scenario,Scenario expense ledger; stress injected into Production 1 material and energy
EXP-001188,2026-11-01,生产二部,其他制造费,15056.33,approved,synthetic_scenario,Scenario expense ledger; stress injected into Production 1 material and energy
EXP-001189,2026-03-01,设备部,折旧费,18128.11,approved,synthetic_scenario,Scenario expense ledger; stress injected into Production 1 material and energy
EXP-001190,2026-02-01,质量部,其他制造费,10564.2,approved,synthetic_scenario,Scenario expense ledger; stress injected into Production 1 material and energy
EXP-001191,2026-11-01,生产二部,能源费,53351.59,approved,synthetic_scenario,Scenario expense ledger; stress injected into Production 1 material and energy
EXP-001192,2026-05-01,生产二部,能源费,33720.97,approved,synthetic_scenario,Scenario expense ledger; stress injected into Production 1 material and energy
EXP-001193,2026-11-01,生产一部,能源费,55969.06,approved,synthetic_scenario,Scenario expense ledger; stress injected into Production 1 material and energy
EXP-001194,2026-07-01,质量部,其他制造费,10145.36,approved,synthetic_scenario,Scenario expense ledger; stress injected into Production 1 material and energy
EXP-001195,2026-01-01,设备部,维修费,11889.2,approved,synthetic_scenario,Scenario expense ledger; stress injected into Production 1 material and energy
EXP-001196,2026-04-01,质量部,直接人工,35317.98,approved,synthetic_scenario,Scenario expense ledger; stress injected into Production 1 material and energy
EXP-001197,2026-03-01,仓储部,维修费,13899.89,pending_review,synthetic_scenario,Scenario expense ledger; stress injected into Production 1 material and energy
EXP-001198,2026-11-01,采购部,维修费,28974.07,approved,synthetic_scenario,Scenario expense ledger; stress injected into Production 1 material and energy
EXP-001199,2026-09-01,生产二部,能源费,40487.01,approved,synthetic_scenario,Scenario expense ledger; stress injected into Production 1 material and energy
EXP-001200,2026-08-01,生产一部,直接人工,62561.11,approved,synthetic_scenario,Scenario expense ledger; stress injected into Production 1 material and energy
EXP-001201,2026-04-01,设备部,直接人工,38937.5,approved,synthetic_scenario,Scenario expense ledger; stress injected into Production 1 material and energy
EXP-001202,2026-10-01,生产二部,其他制造费,13983.63,approved,synthetic_scenario,Scenario expense ledger; stress injected into Production 1 material and energy
EXP-001203,2026-02-01,生产一部,维修费,15514.09,approved,synthetic_scenario,Scenario expense ledger; stress injected into Production 1 material and energy
EXP-001204,2026-03-01,采购部,其他制造费,11220.72,approved,synthetic_scenario,Scenario expense ledger; stress injected into Production 1 material and energy
EXP-001205,2026-11-01,生产一部,能源费,54857.96,approved,synthetic_scenario,Scenario expense ledger; stress injected into Production 1 material and energy
EXP-001206,2026-03-01,仓储部,维修费,15666.02,approved,synthetic_scenario,Scenario expense ledger; stress injected into Production 1 material and energy
EXP-001207,2026-10-01,采购部,维修费,19462.44,approved,synthetic_scenario,Scenario expense ledger; stress injected into Production 1 material and energy
EXP-001208,2026-02-01,设备部,能源费,29082.92,approved,synthetic_scenario,Scenario expense ledger; stress injected into Production 1 material and energy
EXP-001209,2026-06-01,生产一部,直接材料,173299.87,approved,synthetic_scenario,Scenario expense ledger; stress injected into Production 1 material and energy
EXP-001210,2026-08-01,质量部,能源费,36999.29,approved,synthetic_scenario,Scenario expense ledger; stress injected into Production 1 material and energy
EXP-001211,2026-04-01,设备部,能源费,31094.34,approved,synthetic_scenario,Scenario expense ledger; stress injected into Production 1 material and energy
EXP-001212,2026-08-01,生产二部,能源费,47388.69,approved,synthetic_scenario,Scenario expense ledger; stress injected into Production 1 material and energy
EXP-001213,2026-03-01,质量部,其他制造费,10602.85,approved,synthetic_scenario,Scenario expense ledger; stress injected into Production 1 material and energy
EXP-001214,2026-02-01,质量部,维修费,14738.04,approved,synthetic_scenario,Scenario expense ledger; stress injected into Production 1 material and energy
EXP-001215,2026-10-01,采购部,折旧费,30146.91,approved,synthetic_scenario,Scenario expense ledger; stress injected into Production 1 material and energy
EXP-001216,2026-09-01,质量部,能源费,45904.11,approved,synthetic_scenario,Scenario expense ledger; stress injected into Production 1 material and energy
EXP-001217,2026-10-01,采购部,直接人工,53000.23,approved,synthetic_scenario,Scenario expense ledger; stress injected into Production 1 material and energy
EXP-001218,2026-07-01,采购部,其他制造费,12771.5,approved,synthetic_scenario,Scenario expense ledger; stress injected into Production 1 material and energy
EXP-001219,2026-05-01,生产二部,其他制造费,14780.76,approved,synthetic_scenario,Scenario expense ledger; stress injected into Production 1 material and energy
EXP-001220,2026-06-01,质量部,折旧费,25241.58,approved,synthetic_scenario,Scenario expense ledger; stress injected into Production 1 material and energy
EXP-001221,2026-10-01,采购部,其他制造费,16822.28,approved,synthetic_scenario,Scenario expense ledger; stress injected into Production 1 material and energy
EXP-001222,2026-04-01,生产二部,其他制造费,11450.57,approved,synthetic_scenario,Scenario expense ledger; stress injected into Production 1 material and energy
EXP-001223,2026-03-01,质量部,直接材料,129193.57,approved,synthetic_scenario,Scenario expense ledger; stress injected into Production 1 material and energy
EXP-001224,2026-06-01,生产二部,能源费,29076.8,approved,synthetic_scenario,Scenario expense ledger; stress injected into Production 1 material and energy
EXP-001225,2026-01-01,仓储部,能源费,25710.79,approved,synthetic_scenario,Scenario expense ledger; stress injected into Production 1 material and energy
EXP-001226,2026-07-01,质量部,其他制造费,10726.91,approved,synthetic_scenario,Scenario expense ledger; stress injected into Production 1 material and energy
EXP-001227,2026-01-01,仓储部,维修费,11531.06,approved,synthetic_scenario,Scenario expense ledger; stress injected into Production 1 material and energy
EXP-001228,2026-12-01,生产二部,直接材料,179406.18,approved,synthetic_scenario,Scenario expense ledger; stress injected into Production 1 material and energy
EXP-001229,2026-03-01,生产一部,直接材料,156737.67,approved,synthetic_scenario,Scenario expense ledger; stress injected into Production 1 material and energy
EXP-001230,2026-05-01,生产二部,折旧费,20293.56,approved,synthetic_scenario,Scenario expense ledger; stress injected into Production 1 material and energy
EXP-001231,2026-07-01,生产二部,折旧费,23858.25,approved,synthetic_scenario,Scenario expense ledger; stress injected into Production 1 material and energy
EXP-001232,2026-12-01,设备部,其他制造费,17753.46,approved,synthetic_scenario,Scenario expense ledger; stress injected into Production 1 material and energy
EXP-001233,2026-04-01,设备部,能源费,28635.04,approved,synthetic_scenario,Scenario expense ledger; stress injected into Production 1 material and energy
EXP-001234,2026-03-01,采购部,其他制造费,9695.37,approved,synthetic_scenario,Scenario expense ledger; stress injected into Production 1 material and energy
EXP-001235,2026-02-01,采购部,直接人工,38888.96,approved,synthetic_scenario,Scenario expense ledger; stress injected into Production 1 material and energy
EXP-001236,2026-02-01,采购部,能源费,22058.12,approved,synthetic_scenario,Scenario expense ledger; stress injected into Production 1 material and energy
EXP-001237,2026-01-01,采购部,其他制造费,10256.99,pending_review,synthetic_scenario,Scenario expense ledger; stress injected into Production 1 material and energy
EXP-001238,2026-08-01,生产一部,能源费,51398.86,approved,synthetic_scenario,Scenario expense ledger; stress injected into Production 1 material and energy
EXP-001239,2026-09-01,生产二部,其他制造费,21154.9,approved,synthetic_scenario,Scenario expense ledger; stress injected into Production 1 material and energy
EXP-001240,2026-01-01,设备部,直接材料,108623.67,approved,synthetic_scenario,Scenario expense ledger; stress injected into Production 1 material and energy
EXP-001241,2026-07-01,质量部,维修费,14150.53,approved,synthetic_scenario,Scenario expense ledger; stress injected into Production 1 material and energy
EXP-001242,2026-01-01,设备部,直接材料,122751.06,approved,synthetic_scenario,Scenario expense ledger; stress injected into Production 1 material and energy
EXP-001243,2026-04-01,生产二部,直接人工,53748.84,pending_review,synthetic_scenario,Scenario expense ledger; stress injected into Production 1 material and energy
EXP-001244,2026-06-01,质量部,其他制造费,11448.72,approved,synthetic_scenario,Scenario expense ledger; stress injected into Production 1 material and energy
EXP-001245,2026-04-01,生产一部,维修费,9731.45,approved,synthetic_scenario,Scenario expense ledger; stress injected into Production 1 material and energy
EXP-001246,2026-03-01,生产一部,直接材料,190959.65,approved,synthetic_scenario,Scenario expense ledger; stress injected into Production 1 material and energy
EXP-001247,2026-12-01,仓储部,直接材料,175502.36,approved,synthetic_scenario,Scenario expense ledger; stress injected into Production 1 material and energy
EXP-001248,2026-03-01,生产一部,能源费,42380.69,approved,synthetic_scenario,Scenario expense ledger; stress injected into Production 1 material and energy
EXP-001249,2026-06-01,采购部,能源费,31608.28,approved,synthetic_scenario,Scenario expense ledger; stress injected into Production 1 material and energy
EXP-001250,2026-09-01,仓储部,能源费,36791.18,approved,synthetic_scenario,Scenario expense ledger; stress injected into Production 1 material and energy
EXP-001251,2026-05-01,质量部,直接人工,47650.36,pending_review,synthetic_scenario,Scenario expense ledger; stress injected into Production 1 material and energy
EXP-001252,2026-05-01,仓储部,直接材料,142714.04,approved,synthetic_scenario,Scenario expense ledger; stress injected into Production 1 material and energy
EXP-001253,2026-09-01,生产一部,直接材料,322156.45,approved,synthetic_scenario,Scenario expense ledger; stress injected into Production 1 material and energy
EXP-001254,2026-11-01,生产二部,其他制造费,19436.02,approved,synthetic_scenario,Scenario expense ledger; stress injected into Production 1 material and energy
EXP-001255,2026-03-01,采购部,能源费,28904.84,approved,synthetic_scenario,Scenario expense ledger; stress injected into Production 1 material and energy
EXP-001256,2026-05-01,仓储部,能源费,29031.02,approved,synthetic_scenario,Scenario expense ledger; stress injected into Production 1 material and energy
EXP-001257,2026-02-01,生产一部,能源费,36246.4,pending_review,synthetic_scenario,Scenario expense ledger; stress injected into Production 1 material and energy
EXP-001258,2026-07-01,生产二部,直接材料,167722.76,approved,synthetic_scenario,Scenario expense ledger; stress injected into Production 1 material and energy
EXP-001259,2026-12-01,采购部,直接人工,54238.09,approved,synthetic_scenario,Scenario expense ledger; stress injected into Production 1 material and energy
EXP-001260,2026-04-01,生产二部,直接人工,43881.5,approved,synthetic_scenario,Scenario expense ledger; stress injected into Production 1 material and energy
EXP-001261,2026-10-01,仓储部,直接人工,57235.77,approved,synthetic_scenario,Scenario expense ledger; stress injected into Production 1 material and energy
EXP-001262,2026-10-01,采购部,折旧费,32886.28,approved,synthetic_scenario,Scenario expense ledger; stress injected into Production 1 material and energy
EXP-001263,2026-10-01,设备部,折旧费,31346.96,approved,synthetic_scenario,Scenario expense ledger; stress injected into Production 1 material and energy
EXP-001264,2026-03-01,采购部,其他制造费,10678.64,approved,synthetic_scenario,Scenario expense ledger; stress injected into Production 1 material and energy
EXP-001265,2026-02-01,质量部,维修费,11847.75,approved,synthetic_scenario,Scenario expense ledger; stress injected into Production 1 material and energy
EXP-001266,2026-01-01,采购部,直接人工,32912.77,approved,synthetic_scenario,Scenario expense ledger; stress injected into Production 1 material and energy
EXP-001267,2026-05-01,采购部,直接人工,36013.68,approved,synthetic_scenario,Scenario expense ledger; stress injected into Production 1 material and energy
EXP-001268,2026-07-01,设备部,能源费,36819.67,approved,synthetic_scenario,Scenario expense ledger; stress injected into Production 1 material and energy
EXP-001269,2026-08-01,生产一部,折旧费,32055.25,approved,synthetic_scenario,Scenario expense ledger; stress injected into Production 1 material and energy
EXP-001270,2026-01-01,生产二部,直接人工,36723.09,approved,synthetic_scenario,Scenario expense ledger; stress injected into Production 1 material and energy
EXP-001271,2026-05-01,采购部,维修费,13282.96,approved,synthetic_scenario,Scenario expense ledger; stress injected into Production 1 material and energy
EXP-001272,2026-03-01,采购部,维修费,12478.32,approved,synthetic_scenario,Scenario expense ledger; stress injected into Production 1 material and energy
EXP-001273,2026-06-01,设备部,直接材料,150674.25,approved,synthetic_scenario,Scenario expense ledger; stress injected into Production 1 material and energy
EXP-001274,2026-02-01,生产一部,折旧费,19848.91,approved,synthetic_scenario,Scenario expense ledger; stress injected into Production 1 material and energy
EXP-001275,2026-03-01,生产二部,直接材料,117649.68,approved,synthetic_scenario,Scenario expense ledger; stress injected into Production 1 material and energy
EXP-001276,2026-09-01,生产二部,维修费,17157.83,approved,synthetic_scenario,Scenario expense ledger; stress injected into Production 1 material and energy
EXP-001277,2026-01-01,仓储部,折旧费,23584.81,approved,synthetic_scenario,Scenario expense ledger; stress injected into Production 1 material and energy
EXP-001278,2026-02-01,质量部,其他制造费,10517.41,approved,synthetic_scenario,Scenario expense ledger; stress injected into Production 1 material and energy
EXP-001279,2026-12-01,生产一部,其他制造费,17824.48,approved,synthetic_scenario,Scenario expense ledger; stress injected into Production 1 material and energy
EXP-001280,2026-06-01,质量部,直接人工,46499.72,approved,synthetic_scenario,Scenario expense ledger; stress injected into Production 1 material and energy
EXP-001281,2026-11-01,生产一部,折旧费,32460.84,approved,synthetic_scenario,Scenario expense ledger; stress injected into Production 1 material and energy
EXP-001282,2026-03-01,生产二部,直接人工,34812.48,approved,synthetic_scenario,Scenario expense ledger; stress injected into Production 1 material and energy
EXP-001283,2026-11-01,质量部,直接材料,268003.87,approved,synthetic_scenario,Scenario expense ledger; stress injected into Production 1 material and energy
EXP-001284,2026-12-01,仓储部,维修费,19652.76,approved,synthetic_scenario,Scenario expense ledger; stress injected into Production 1 material and energy
EXP-001285,2026-03-01,生产一部,直接材料,171373.4,approved,synthetic_scenario,Scenario expense ledger; stress injected into Production 1 material and energy
EXP-001286,2026-07-01,质量部,能源费,26529.26,approved,synthetic_scenario,Scenario expense ledger; stress injected into Production 1 material and energy
EXP-001287,2026-07-01,生产二部,其他制造费,12550.8,approved,synthetic_scenario,Scenario expense ledger; stress injected into Production 1 material and energy
EXP-001288,2026-01-01,生产二部,直接材料,136881.6,approved,synthetic_scenario,Scenario expense ledger; stress injected into Production 1 material and energy
EXP-001289,2026-01-01,仓储部,直接人工,26901.34,approved,synthetic_scenario,Scenario expense ledger; stress injected into Production 1 material and energy
EXP-001290,2026-09-01,质量部,直接材料,194659.6,approved,synthetic_scenario,Scenario expense ledger; stress injected into Production 1 material and energy
EXP-001291,2026-03-01,生产一部,其他制造费,8900.43,approved,synthetic_scenario,Scenario expense ledger; stress injected into Production 1 material and energy
EXP-001292,2026-08-01,生产一部,维修费,16949.99,approved,synthetic_scenario,Scenario expense ledger; stress injected into Production 1 material and energy
EXP-001293,2026-12-01,采购部,直接人工,66071.27,approved,synthetic_scenario,Scenario expense ledger; stress injected into Production 1 material and energy
EXP-001294,2026-11-01,生产一部,直接材料,281408.3,approved,synthetic_scenario,Scenario expense ledger; stress injected into Production 1 material and energy
EXP-001295,2026-09-01,生产二部,折旧费,28949.48,approved,synthetic_scenario,Scenario expense ledger; stress injected into Production 1 material and energy
EXP-001296,2026-12-01,生产二部,能源费,57288.67,approved,synthetic_scenario,Scenario expense ledger; stress injected into Production 1 material and energy
EXP-001297,2026-12-01,采购部,折旧费,35694.35,approved,synthetic_scenario,Scenario expense ledger; stress injected into Production 1 material and energy
EXP-001298,2026-05-01,设备部,维修费,13362.59,approved,synthetic_scenario,Scenario expense ledger; stress injected into Production 1 material and energy
EXP-001299,2026-10-01,质量部,直接材料,191470.32,approved,synthetic_scenario,Scenario expense ledger; stress injected into Production 1 material and energy
EXP-001300,2026-05-01,质量部,维修费,20110.61,approved,synthetic_scenario,Scenario expense ledger; stress injected into Production 1 material and energy
EXP-001301,2026-12-01,生产一部,折旧费,32134.01,approved,synthetic_scenario,Scenario expense ledger; stress injected into Production 1 material and energy
EXP-001302,2026-12-01,生产二部,折旧费,29314.04,approved,synthetic_scenario,Scenario expense ledger; stress injected into Production 1 material and energy
EXP-001303,2026-01-01,生产一部,维修费,13612.84,approved,synthetic_scenario,Scenario expense ledger; stress injected into Production 1 material and energy
EXP-001304,2026-07-01,质量部,折旧费,26279.76,approved,synthetic_scenario,Scenario expense ledger; stress injected into Production 1 material and energy
EXP-001305,2026-03-01,仓储部,其他制造费,11053.77,approved,synthetic_scenario,Scenario expense ledger; stress injected into Production 1 material and energy
EXP-001306,2026-05-01,设备部,直接人工,47261.13,approved,synthetic_scenario,Scenario expense ledger; stress injected into Production 1 material and energy
EXP-001307,2026-02-01,生产二部,能源费,27939.28,approved,synthetic_scenario,Scenario expense ledger; stress injected into Production 1 material and energy
EXP-001308,2026-02-01,设备部,直接材料,139518.96,approved,synthetic_scenario,Scenario expense ledger; stress injected into Production 1 material and energy
EXP-001309,2026-12-01,设备部,直接人工,60785.55,approved,synthetic_scenario,Scenario expense ledger; stress injected into Production 1 material and energy
EXP-001310,2026-01-01,采购部,维修费,13644.94,approved,synthetic_scenario,Scenario expense ledger; stress injected into Production 1 material and energy
EXP-001311,2026-08-01,设备部,能源费,40439.89,approved,synthetic_scenario,Scenario expense ledger; stress injected into Production 1 material and energy
EXP-001312,2026-07-01,生产一部,维修费,14395.25,approved,synthetic_scenario,Scenario expense ledger; stress injected into Production 1 material and energy
EXP-001313,2026-06-01,设备部,维修费,16581.52,approved,synthetic_scenario,Scenario expense ledger; stress injected into Production 1 material and energy
EXP-001314,2026-09-01,仓储部,能源费,35905.35,approved,synthetic_scenario,Scenario expense ledger; stress injected into Production 1 material and energy
EXP-001315,2026-10-01,质量部,直接材料,223628.58,approved,synthetic_scenario,Scenario expense ledger; stress injected into Production 1 material and energy
EXP-001316,2026-07-01,质量部,能源费,30659.12,approved,synthetic_scenario,Scenario expense ledger; stress injected into Production 1 material and energy
EXP-001317,2026-05-01,设备部,直接人工,47096.15,approved,synthetic_scenario,Scenario expense ledger; stress injected into Production 1 material and energy
EXP-001318,2026-11-01,仓储部,其他制造费,16183.41,approved,synthetic_scenario,Scenario expense ledger; stress injected into Production 1 material and energy
EXP-001319,2026-12-01,采购部,直接材料,216631.1,approved,synthetic_scenario,Scenario expense ledger; stress injected into Production 1 material and energy
EXP-001320,2026-10-01,设备部,维修费,25776.46,approved,synthetic_scenario,Scenario expense ledger; stress injected into Production 1 material and energy
EXP-001321,2026-02-01,设备部,其他制造费,8398.7,approved,synthetic_scenario,Scenario expense ledger; stress injected into Production 1 material and energy
EXP-001322,2026-01-01,生产一部,折旧费,26431.2,approved,synthetic_scenario,Scenario expense ledger; stress injected into Production 1 material and energy
EXP-001323,2026-04-01,设备部,其他制造费,9734.26,approved,synthetic_scenario,Scenario expense ledger; stress injected into Production 1 material and energy
EXP-001324,2026-09-01,采购部,直接材料,149673.13,approved,synthetic_scenario,Scenario expense ledger; stress injected into Production 1 material and energy
EXP-001325,2026-06-01,生产一部,直接人工,33741.59,approved,synthetic_scenario,Scenario expense ledger; stress injected into Production 1 material and energy
EXP-001326,2026-05-01,生产一部,能源费,44916.3,approved,synthetic_scenario,Scenario expense ledger; stress injected into Production 1 material and energy
EXP-001327,2026-11-01,仓储部,能源费,42004.18,approved,synthetic_scenario,Scenario expense ledger; stress injected into Production 1 material and energy
EXP-001328,2026-06-01,仓储部,折旧费,24862.06,approved,synthetic_scenario,Scenario expense ledger; stress injected into Production 1 material and energy
EXP-001329,2026-05-01,生产二部,维修费,12015.5,approved,synthetic_scenario,Scenario expense ledger; stress injected into Production 1 material and energy
EXP-001330,2026-01-01,采购部,直接人工,27732.01,approved,synthetic_scenario,Scenario expense ledger; stress injected into Production 1 material and energy
EXP-001331,2026-07-01,生产二部,能源费,26443.65,approved,synthetic_scenario,Scenario expense ledger; stress injected into Production 1 material and energy
EXP-001332,2026-07-01,质量部,直接材料,163907.86,approved,synthetic_scenario,Scenario expense ledger; stress injected into Production 1 material and energy
EXP-001333,2026-11-01,质量部,能源费,46065.54,approved,synthetic_scenario,Scenario expense ledger; stress injected into Production 1 material and energy
EXP-001334,2026-04-01,质量部,维修费,13761.55,approved,synthetic_scenario,Scenario expense ledger; stress injected into Production 1 material and energy
EXP-001335,2026-02-01,生产二部,直接人工,38844.94,approved,synthetic_scenario,Scenario expense ledger; stress injected into Production 1 material and energy
EXP-001336,2026-12-01,采购部,能源费,53590.86,approved,synthetic_scenario,Scenario expense ledger; stress injected into Production 1 material and energy
EXP-001337,2026-08-01,仓储部,折旧费,34775.3,approved,synthetic_scenario,Scenario expense ledger; stress injected into Production 1 material and energy
EXP-001338,2026-07-01,生产一部,直接材料,216072.14,approved,synthetic_scenario,Scenario expense ledger; stress injected into Production 1 material and energy
EXP-001339,2026-10-01,质量部,能源费,31352.66,approved,synthetic_scenario,Scenario expense ledger; stress injected into Production 1 material and energy
EXP-001340,2026-04-01,设备部,其他制造费,10831.31,approved,synthetic_scenario,Scenario expense ledger; stress injected into Production 1 material and energy
EXP-001341,2026-08-01,生产二部,直接人工,51391.9,approved,synthetic_scenario,Scenario expense ledger; stress injected into Production 1 material and energy
EXP-001342,2026-07-01,质量部,直接材料,125559.31,approved,synthetic_scenario,Scenario expense ledger; stress injected into Production 1 material and energy
EXP-001343,2026-02-01,生产一部,直接材料,176663.68,approved,synthetic_scenario,Scenario expense ledger; stress injected into Production 1 material and energy
EXP-001344,2026-03-01,生产一部,直接人工,37130.7,approved,synthetic_scenario,Scenario expense ledger; stress injected into Production 1 material and energy
EXP-001345,2026-05-01,质量部,折旧费,21838.82,approved,synthetic_scenario,Scenario expense ledger; stress injected into Production 1 material and energy
EXP-001346,2026-07-01,设备部,直接人工,39764.84,approved,synthetic_scenario,Scenario expense ledger; stress injected into Production 1 material and energy
EXP-001347,2026-10-01,生产二部,直接材料,222321.2,approved,synthetic_scenario,Scenario expense ledger; stress injected into Production 1 material and energy
EXP-001348,2026-03-01,仓储部,直接材料,159751.01,approved,synthetic_scenario,Scenario expense ledger; stress injected into Production 1 material and energy
EXP-001349,2026-11-01,仓储部,直接材料,253475.42,approved,synthetic_scenario,Scenario expense ledger; stress injected into Production 1 material and energy
EXP-001350,2026-01-01,仓储部,折旧费,21036.74,approved,synthetic_scenario,Scenario expense ledger; stress injected into Production 1 material and energy
EXP-001351,2026-07-01,设备部,直接材料,179473.64,approved,synthetic_scenario,Scenario expense ledger; stress injected into Production 1 material and energy
EXP-001352,2026-11-01,生产一部,直接人工,57762.08,pending_review,synthetic_scenario,Scenario expense ledger; stress injected into Production 1 material and energy
EXP-001353,2026-07-01,生产一部,其他制造费,13246.39,approved,synthetic_scenario,Scenario expense ledger; stress injected into Production 1 material and energy
EXP-001354,2026-08-01,仓储部,折旧费,27561.33,approved,synthetic_scenario,Scenario expense ledger; stress injected into Production 1 material and energy
EXP-001355,2026-01-01,仓储部,直接材料,131761.86,approved,synthetic_scenario,Scenario expense ledger; stress injected into Production 1 material and energy
EXP-001356,2026-04-01,生产一部,直接材料,231771.46,approved,synthetic_scenario,Scenario expense ledger; stress injected into Production 1 material and energy
EXP-001357,2026-11-01,设备部,直接材料,202800.48,approved,synthetic_scenario,Scenario expense ledger; stress injected into Production 1 material and energy
EXP-001358,2026-11-01,仓储部,直接人工,71101.7,approved,synthetic_scenario,Scenario expense ledger; stress injected into Production 1 material and energy
EXP-001359,2026-06-01,生产二部,折旧费,20390.36,approved,synthetic_scenario,Scenario expense ledger; stress injected into Production 1 material and energy
EXP-001360,2026-09-01,生产一部,折旧费,34202.17,approved,synthetic_scenario,Scenario expense ledger; stress injected into Production 1 material and energy
EXP-001361,2026-10-01,采购部,直接材料,212767.41,approved,synthetic_scenario,Scenario expense ledger; stress injected into Production 1 material and energy
EXP-001362,2026-11-01,质量部,能源费,47743.03,approved,synthetic_scenario,Scenario expense ledger; stress injected into Production 1 material and energy
EXP-001363,2026-05-01,设备部,折旧费,24798.53,approved,synthetic_scenario,Scenario expense ledger; stress injected into Production 1 material and energy
EXP-001364,2026-02-01,生产一部,直接人工,34677.94,approved,synthetic_scenario,Scenario expense ledger; stress injected into Production 1 material and energy
EXP-001365,2026-08-01,生产二部,其他制造费,18171.66,approved,synthetic_scenario,Scenario expense ledger; stress injected into Production 1 material and energy
EXP-001366,2026-11-01,生产二部,维修费,17957.19,approved,synthetic_scenario,Scenario expense ledger; stress injected into Production 1 material and energy
EXP-001367,2026-05-01,仓储部,其他制造费,11561.06,pending_review,synthetic_scenario,Scenario expense ledger; stress injected into Production 1 material and energy
EXP-001368,2026-10-01,设备部,其他制造费,17107.46,approved,synthetic_scenario,Scenario expense ledger; stress injected into Production 1 material and energy
EXP-001369,2026-02-01,质量部,折旧费,17000.47,approved,synthetic_scenario,Scenario expense ledger; stress injected into Production 1 material and energy
EXP-001370,2026-02-01,生产一部,维修费,11598.25,approved,synthetic_scenario,Scenario expense ledger; stress injected into Production 1 material and energy
EXP-001371,2026-12-01,设备部,直接材料,226395.99,approved,synthetic_scenario,Scenario expense ledger; stress injected into Production 1 material and energy
EXP-001372,2026-11-01,设备部,直接人工,59813.83,approved,synthetic_scenario,Scenario expense ledger; stress injected into Production 1 material and energy
EXP-001373,2026-04-01,生产一部,其他制造费,13401.02,approved,synthetic_scenario,Scenario expense ledger; stress injected into Production 1 material and energy
EXP-001374,2026-03-01,生产一部,折旧费,19186.25,pending_review,synthetic_scenario,Scenario expense ledger; stress injected into Production 1 material and energy
EXP-001375,2026-02-01,质量部,直接人工,37213.94,approved,synthetic_scenario,Scenario expense ledger; stress injected into Production 1 material and energy
EXP-001376,2026-11-01,生产一部,其他制造费,20948.25,approved,synthetic_scenario,Scenario expense ledger; stress injected into Production 1 material and energy
EXP-001377,2026-01-01,仓储部,折旧费,21175.1,approved,synthetic_scenario,Scenario expense ledger; stress injected into Production 1 material and energy
EXP-001378,2026-11-01,生产二部,折旧费,36106.36,approved,synthetic_scenario,Scenario expense ledger; stress injected into Production 1 material and energy
EXP-001379,2026-12-01,设备部,维修费,22157.7,approved,synthetic_scenario,Scenario expense ledger; stress injected into Production 1 material and energy
EXP-001380,2026-07-01,采购部,直接材料,221251.96,approved,synthetic_scenario,Scenario expense ledger; stress injected into Production 1 material and energy
EXP-001381,2026-04-01,仓储部,折旧费,23982.71,approved,synthetic_scenario,Scenario expense ledger; stress injected into Production 1 material and energy
EXP-001382,2026-03-01,采购部,维修费,12520.71,approved,synthetic_scenario,Scenario expense ledger; stress injected into Production 1 material and energy
EXP-001383,2026-02-01,生产二部,折旧费,21621.54,approved,synthetic_scenario,Scenario expense ledger; stress injected into Production 1 material and energy
EXP-001384,2026-11-01,采购部,直接人工,64708.55,approved,synthetic_scenario,Scenario expense ledger; stress injected into Production 1 material and energy
EXP-001385,2026-06-01,生产一部,能源费,40448.98,approved,synthetic_scenario,Scenario expense ledger; stress injected into Production 1 material and energy
EXP-001386,2026-11-01,生产二部,折旧费,43294.19,approved,synthetic_scenario,Scenario expense ledger; stress injected into Production 1 material and energy
EXP-001387,2026-08-01,生产一部,能源费,54505.8,pending_review,synthetic_scenario,Scenario expense ledger; stress injected into Production 1 material and energy
EXP-001388,2026-06-01,设备部,维修费,16163.08,approved,synthetic_scenario,Scenario expense ledger; stress injected into Production 1 material and energy
EXP-001389,2026-07-01,设备部,能源费,31689.76,approved,synthetic_scenario,Scenario expense ledger; stress injected into Production 1 material and energy
EXP-001390,2026-09-01,质量部,折旧费,31011.53,approved,synthetic_scenario,Scenario expense ledger; stress injected into Production 1 material and energy
EXP-001391,2026-03-01,质量部,其他制造费,13501.97,approved,synthetic_scenario,Scenario expense ledger; stress injected into Production 1 material and energy
EXP-001392,2026-03-01,设备部,直接人工,32392.78,approved,synthetic_scenario,Scenario expense ledger; stress injected into Production 1 material and energy
EXP-001393,2026-04-01,生产二部,维修费,11759.83,approved,synthetic_scenario,Scenario expense ledger; stress injected into Production 1 material and energy
EXP-001394,2026-09-01,生产二部,直接人工,63498.38,approved,synthetic_scenario,Scenario expense ledger; stress injected into Production 1 material and energy
EXP-001395,2026-12-01,质量部,直接人工,60115.3,approved,synthetic_scenario,Scenario expense ledger; stress injected into Production 1 material and energy
EXP-001396,2026-11-01,采购部,维修费,19627.65,approved,synthetic_scenario,Scenario expense ledger; stress injected into Production 1 material and energy
EXP-001397,2026-07-01,生产一部,直接人工,47161.75,approved,synthetic_scenario,Scenario expense ledger; stress injected into Production 1 material and energy
EXP-001398,2026-06-01,设备部,其他制造费,12303.2,approved,synthetic_scenario,Scenario expense ledger; stress injected into Production 1 material and energy
EXP-001399,2026-07-01,生产二部,直接材料,153981.91,approved,synthetic_scenario,Scenario expense ledger; stress injected into Production 1 material and energy
EXP-001400,2026-03-01,设备部,其他制造费,15506.72,approved,synthetic_scenario,Scenario expense ledger; stress injected into Production 1 material and energy
EXP-001401,2026-10-01,仓储部,直接材料,248216.88,approved,synthetic_scenario,Scenario expense ledger; stress injected into Production 1 material and energy
EXP-001402,2026-10-01,生产二部,维修费,18202.59,approved,synthetic_scenario,Scenario expense ledger; stress injected into Production 1 material and energy
EXP-001403,2026-06-01,设备部,直接人工,47215.13,approved,synthetic_scenario,Scenario expense ledger; stress injected into Production 1 material and energy
EXP-001404,2026-06-01,设备部,折旧费,25389.66,approved,synthetic_scenario,Scenario expense ledger; stress injected into Production 1 material and energy
EXP-001405,2026-03-01,质量部,直接材料,113802.06,approved,synthetic_scenario,Scenario expense ledger; stress injected into Production 1 material and energy
EXP-001406,2026-07-01,质量部,折旧费,27632.91,approved,synthetic_scenario,Scenario expense ledger; stress injected into Production 1 material and energy
EXP-001407,2026-03-01,生产二部,维修费,12265.89,approved,synthetic_scenario,Scenario expense ledger; stress injected into Production 1 material and energy
EXP-001408,2026-05-01,质量部,能源费,27360.44,approved,synthetic_scenario,Scenario expense ledger; stress injected into Production 1 material and energy
EXP-001409,2026-06-01,生产一部,直接人工,39229.85,approved,synthetic_scenario,Scenario expense ledger; stress injected into Production 1 material and energy
EXP-001410,2026-04-01,仓储部,折旧费,24941.62,approved,synthetic_scenario,Scenario expense ledger; stress injected into Production 1 material and energy
EXP-001411,2026-10-01,生产二部,能源费,43999.58,approved,synthetic_scenario,Scenario expense ledger; stress injected into Production 1 material and energy
EXP-001412,2026-08-01,仓储部,折旧费,36742.69,pending_review,synthetic_scenario,Scenario expense ledger; stress injected into Production 1 material and energy
EXP-001413,2026-06-01,仓储部,直接人工,43515.47,approved,synthetic_scenario,Scenario expense ledger; stress injected into Production 1 material and energy
EXP-001414,2026-09-01,生产一部,直接材料,303193.2,pending_review,synthetic_scenario,Scenario expense ledger; stress injected into Production 1 material and energy
EXP-001415,2026-05-01,质量部,能源费,28365.0,approved,synthetic_scenario,Scenario expense ledger; stress injected into Production 1 material and energy
EXP-001416,2026-10-01,质量部,折旧费,29720.14,approved,synthetic_scenario,Scenario expense ledger; stress injected into Production 1 material and energy
EXP-001417,2026-05-01,采购部,直接人工,44120.64,approved,synthetic_scenario,Scenario expense ledger; stress injected into Production 1 material and energy
EXP-001418,2026-08-01,质量部,折旧费,33069.45,approved,synthetic_scenario,Scenario expense ledger; stress injected into Production 1 material and energy
EXP-001419,2026-10-01,质量部,折旧费,37504.84,pending_review,synthetic_scenario,Scenario expense ledger; stress injected into Production 1 material and energy
EXP-001420,2026-11-01,仓储部,直接材料,254745.43,approved,synthetic_scenario,Scenario expense ledger; stress injected into Production 1 material and energy
EXP-001421,2026-02-01,采购部,直接人工,35971.57,approved,synthetic_scenario,Scenario expense ledger; stress injected into Production 1 material and energy
EXP-001422,2026-08-01,设备部,能源费,42936.7,approved,synthetic_scenario,Scenario expense ledger; stress injected into Production 1 material and energy
EXP-001423,2026-02-01,仓储部,折旧费,21090.32,approved,synthetic_scenario,Scenario expense ledger; stress injected into Production 1 material and energy
EXP-001424,2026-11-01,仓储部,直接人工,58893.86,pending_review,synthetic_scenario,Scenario expense ledger; stress injected into Production 1 material and energy
EXP-001425,2026-08-01,质量部,能源费,38145.62,approved,synthetic_scenario,Scenario expense ledger; stress injected into Production 1 material and energy
EXP-001426,2026-03-01,生产二部,能源费,27775.35,approved,synthetic_scenario,Scenario expense ledger; stress injected into Production 1 material and energy
EXP-001427,2026-08-01,仓储部,其他制造费,16067.08,approved,synthetic_scenario,Scenario expense ledger; stress injected into Production 1 material and energy
EXP-001428,2026-08-01,仓储部,能源费,41146.84,approved,synthetic_scenario,Scenario expense ledger; stress injected into Production 1 material and energy
EXP-001429,2026-09-01,设备部,折旧费,32617.01,approved,synthetic_scenario,Scenario expense ledger; stress injected into Production 1 material and energy
EXP-001430,2026-09-01,生产二部,其他制造费,17239.31,approved,synthetic_scenario,Scenario expense ledger; stress injected into Production 1 material and energy
EXP-001431,2026-08-01,生产二部,折旧费,36859.94,approved,synthetic_scenario,Scenario expense ledger; stress injected into Production 1 material and energy
EXP-001432,2026-10-01,仓储部,维修费,18715.21,approved,synthetic_scenario,Scenario expense ledger; stress injected into Production 1 material and energy
EXP-001433,2026-09-01,质量部,维修费,16691.47,approved,synthetic_scenario,Scenario expense ledger; stress injected into Production 1 material and energy
EXP-001434,2026-03-01,采购部,折旧费,20094.89,pending_review,synthetic_scenario,Scenario expense ledger; stress injected into Production 1 material and energy
EXP-001435,2026-05-01,生产二部,直接材料,165256.01,approved,synthetic_scenario,Scenario expense ledger; stress injected into Production 1 material and energy
EXP-001436,2026-07-01,仓储部,维修费,15618.84,approved,synthetic_scenario,Scenario expense ledger; stress injected into Production 1 material and energy
EXP-001437,2026-06-01,生产二部,直接人工,44131.55,approved,synthetic_scenario,Scenario expense ledger; stress injected into Production 1 material and energy
EXP-001438,2026-08-01,采购部,维修费,16413.94,approved,synthetic_scenario,Scenario expense ledger; stress injected into Production 1 material and energy
EXP-001439,2026-01-01,生产二部,折旧费,21303.81,approved,synthetic_scenario,Scenario expense ledger; stress injected into Production 1 material and energy
EXP-001440,2026-07-01,质量部,直接人工,42502.46,approved,synthetic_scenario,Scenario expense ledger; stress injected into Production 1 material and energy
EXP-001441,2026-04-01,采购部,直接人工,30315.02,approved,synthetic_scenario,Scenario expense ledger; stress injected into Production 1 material and energy
EXP-001442,2026-09-01,生产一部,维修费,20291.25,pending_review,synthetic_scenario,Scenario expense ledger; stress injected into Production 1 material and energy
EXP-001443,2026-12-01,仓储部,直接人工,62460.59,approved,synthetic_scenario,Scenario expense ledger; stress injected into Production 1 material and energy
EXP-001444,2026-07-01,质量部,直接人工,41810.02,approved,synthetic_scenario,Scenario expense ledger; stress injected into Production 1 material and energy
EXP-001445,2026-01-01,生产一部,折旧费,24534.35,approved,synthetic_scenario,Scenario expense ledger; stress injected into Production 1 material and energy
EXP-001446,2026-08-01,质量部,能源费,39335.23,approved,synthetic_scenario,Scenario expense ledger; stress injected into Production 1 material and energy
EXP-001447,2026-03-01,采购部,折旧费,20593.51,approved,synthetic_scenario,Scenario expense ledger; stress injected into Production 1 material and energy
EXP-001448,2026-02-01,质量部,维修费,13111.1,approved,synthetic_scenario,Scenario expense ledger; stress injected into Production 1 material and energy
EXP-001449,2026-09-01,仓储部,直接材料,226004.24,approved,synthetic_scenario,Scenario expense ledger; stress injected into Production 1 material and energy
EXP-001450,2026-08-01,生产二部,能源费,48485.77,approved,synthetic_scenario,Scenario expense ledger; stress injected into Production 1 material and energy
EXP-001451,2026-02-01,质量部,直接人工,31934.93,approved,synthetic_scenario,Scenario expense ledger; stress injected into Production 1 material and energy
EXP-001452,2026-10-01,设备部,能源费,31266.88,approved,synthetic_scenario,Scenario expense ledger; stress injected into Production 1 material and energy
EXP-001453,2026-07-01,仓储部,能源费,33988.93,approved,synthetic_scenario,Scenario expense ledger; stress injected into Production 1 material and energy
EXP-001454,2026-05-01,生产一部,能源费,53603.95,approved,synthetic_scenario,Scenario expense ledger; stress injected into Production 1 material and energy
EXP-001455,2026-12-01,采购部,其他制造费,19966.45,approved,synthetic_scenario,Scenario expense ledger; stress injected into Production 1 material and energy
EXP-001456,2026-03-01,采购部,能源费,34630.35,approved,synthetic_scenario,Scenario expense ledger; stress injected into Production 1 material and energy
EXP-001457,2026-08-01,仓储部,能源费,38669.37,approved,synthetic_scenario,Scenario expense ledger; stress injected into Production 1 material and energy
EXP-001458,2026-05-01,质量部,其他制造费,12596.1,approved,synthetic_scenario,Scenario expense ledger; stress injected into Production 1 material and energy
EXP-001459,2026-07-01,生产一部,其他制造费,14315.43,approved,synthetic_scenario,Scenario expense ledger; stress injected into Production 1 material and energy
EXP-001460,2026-07-01,生产二部,直接材料,141484.19,approved,synthetic_scenario,Scenario expense ledger; stress injected into Production 1 material and energy
EXP-001461,2026-05-01,采购部,其他制造费,11023.09,approved,synthetic_scenario,Scenario expense ledger; stress injected into Production 1 material and energy
EXP-001462,2026-02-01,质量部,其他制造费,9067.66,approved,synthetic_scenario,Scenario expense ledger; stress injected into Production 1 material and energy
EXP-001463,2026-11-01,生产一部,能源费,61418.38,approved,synthetic_scenario,Scenario expense ledger; stress injected into Production 1 material and energy
EXP-001464,2026-03-01,质量部,折旧费,21783.39,approved,synthetic_scenario,Scenario expense ledger; stress injected into Production 1 material and energy
EXP-001465,2026-06-01,生产二部,其他制造费,13316.79,approved,synthetic_scenario,Scenario expense ledger; stress injected into Production 1 material and energy
EXP-001466,2026-02-01,设备部,直接材料,135159.38,approved,synthetic_scenario,Scenario expense ledger; stress injected into Production 1 material and energy
EXP-001467,2026-09-01,质量部,直接人工,76067.35,approved,synthetic_scenario,Scenario expense ledger; stress injected into Production 1 material and energy
EXP-001468,2026-06-01,生产二部,直接材料,158649.2,approved,synthetic_scenario,Scenario expense ledger; stress injected into Production 1 material and energy
EXP-001469,2026-03-01,设备部,直接人工,43430.86,approved,synthetic_scenario,Scenario expense ledger; stress injected into Production 1 material and energy
EXP-001470,2026-04-01,仓储部,其他制造费,11880.35,approved,synthetic_scenario,Scenario expense ledger; stress injected into Production 1 material and energy
EXP-001471,2026-05-01,生产一部,直接人工,38106.82,approved,synthetic_scenario,Scenario expense ledger; stress injected into Production 1 material and energy
EXP-001472,2026-12-01,生产二部,能源费,44063.23,approved,synthetic_scenario,Scenario expense ledger; stress injected into Production 1 material and energy
EXP-001473,2026-06-01,生产二部,能源费,31006.03,approved,synthetic_scenario,Scenario expense ledger; stress injected into Production 1 material and energy
EXP-001474,2026-06-01,生产一部,直接材料,193406.79,approved,synthetic_scenario,Scenario expense ledger; stress injected into Production 1 material and energy
EXP-001475,2026-12-01,设备部,折旧费,41754.15,approved,synthetic_scenario,Scenario expense ledger; stress injected into Production 1 material and energy
EXP-001476,2026-12-01,生产一部,直接材料,336977.84,approved,synthetic_scenario,Scenario expense ledger; stress injected into Production 1 material and energy
EXP-001477,2026-11-01,质量部,能源费,47444.83,approved,synthetic_scenario,Scenario expense ledger; stress injected into Production 1 material and energy
EXP-001478,2026-04-01,生产二部,维修费,14171.1,approved,synthetic_scenario,Scenario expense ledger; stress injected into Production 1 material and energy
EXP-001479,2026-11-01,采购部,直接人工,55243.69,approved,synthetic_scenario,Scenario expense ledger; stress injected into Production 1 material and energy
EXP-001480,2026-09-01,仓储部,折旧费,20210.82,approved,synthetic_scenario,Scenario expense ledger; stress injected into Production 1 material and energy
EXP-001481,2026-02-01,质量部,直接材料,128602.98,approved,synthetic_scenario,Scenario expense ledger; stress injected into Production 1 material and energy
EXP-001482,2026-11-01,仓储部,维修费,21875.17,pending_review,synthetic_scenario,Scenario expense ledger; stress injected into Production 1 material and energy
EXP-001483,2026-03-01,生产一部,直接人工,37405.42,approved,synthetic_scenario,Scenario expense ledger; stress injected into Production 1 material and energy
EXP-001484,2026-05-01,仓储部,直接材料,152722.42,approved,synthetic_scenario,Scenario expense ledger; stress injected into Production 1 material and energy
EXP-001485,2026-09-01,生产二部,其他制造费,24412.49,approved,synthetic_scenario,Scenario expense ledger; stress injected into Production 1 material and energy
EXP-001486,2026-12-01,设备部,折旧费,38019.45,approved,synthetic_scenario,Scenario expense ledger; stress injected into Production 1 material and energy
EXP-001487,2026-10-01,生产一部,直接材料,267350.46,approved,synthetic_scenario,Scenario expense ledger; stress injected into Production 1 material and energy
EXP-001488,2026-03-01,质量部,能源费,23441.38,approved,synthetic_scenario,Scenario expense ledger; stress injected into Production 1 material and energy
EXP-001489,2026-01-01,质量部,直接材料,147676.07,approved,synthetic_scenario,Scenario expense ledger; stress injected into Production 1 material and energy
EXP-001490,2026-09-01,生产一部,能源费,50799.2,approved,synthetic_scenario,Scenario expense ledger; stress injected into Production 1 material and energy
EXP-001491,2026-07-01,生产一部,折旧费,21897.43,approved,synthetic_scenario,Scenario expense ledger; stress injected into Production 1 material and energy
EXP-001492,2026-07-01,生产二部,折旧费,25148.66,approved,synthetic_scenario,Scenario expense ledger; stress injected into Production 1 material and energy
EXP-001493,2026-12-01,设备部,直接人工,54884.93,approved,synthetic_scenario,Scenario expense ledger; stress injected into Production 1 material and energy
EXP-001494,2026-11-01,仓储部,维修费,20428.73,approved,synthetic_scenario,Scenario expense ledger; stress injected into Production 1 material and energy
EXP-001495,2026-08-01,仓储部,维修费,21045.7,approved,synthetic_scenario,Scenario expense ledger; stress injected into Production 1 material and energy
EXP-001496,2026-05-01,生产一部,直接人工,41702.85,approved,synthetic_scenario,Scenario expense ledger; stress injected into Production 1 material and energy
EXP-001497,2026-08-01,仓储部,直接人工,56820.48,approved,synthetic_scenario,Scenario expense ledger; stress injected into Production 1 material and energy
EXP-001498,2026-08-01,生产二部,维修费,17704.67,approved,synthetic_scenario,Scenario expense ledger; stress injected into Production 1 material and energy
EXP-001499,2026-12-01,采购部,折旧费,39267.78,approved,synthetic_scenario,Scenario expense ledger; stress injected into Production 1 material and energy
EXP-001500,2026-02-01,生产二部,其他制造费,8416.38,approved,synthetic_scenario,Scenario expense ledger; stress injected into Production 1 material and energy
EXP-001501,2026-05-01,设备部,直接材料,133919.76,approved,synthetic_scenario,Scenario expense ledger; stress injected into Production 1 material and energy
EXP-001502,2026-05-01,质量部,折旧费,23415.28,approved,synthetic_scenario,Scenario expense ledger; stress injected into Production 1 material and energy
EXP-001503,2026-01-01,生产一部,其他制造费,11206.83,approved,synthetic_scenario,Scenario expense ledger; stress injected into Production 1 material and energy
EXP-001504,2026-02-01,采购部,能源费,20507.27,approved,synthetic_scenario,Scenario expense ledger; stress injected into Production 1 material and energy
EXP-001505,2026-01-01,仓储部,其他制造费,10478.98,approved,synthetic_scenario,Scenario expense ledger; stress injected into Production 1 material and energy
EXP-001506,2026-03-01,设备部,维修费,13750.09,pending_review,synthetic_scenario,Scenario expense ledger; stress injected into Production 1 material and energy
EXP-001507,2026-01-01,采购部,维修费,14327.06,approved,synthetic_scenario,Scenario expense ledger; stress injected into Production 1 material and energy
EXP-001508,2026-10-01,仓储部,直接材料,255952.78,approved,synthetic_scenario,Scenario expense ledger; stress injected into Production 1 material and energy
EXP-001509,2026-10-01,设备部,能源费,36954.18,approved,synthetic_scenario,Scenario expense ledger; stress injected into Production 1 material and energy
EXP-001510,2026-08-01,质量部,直接人工,57403.95,approved,synthetic_scenario,Scenario expense ledger; stress injected into Production 1 material and energy
EXP-001511,2026-10-01,生产二部,能源费,44199.93,approved,synthetic_scenario,Scenario expense ledger; stress injected into Production 1 material and energy
EXP-001512,2026-07-01,生产二部,维修费,13715.79,approved,synthetic_scenario,Scenario expense ledger; stress injected into Production 1 material and energy
EXP-001513,2026-04-01,仓储部,能源费,29841.9,approved,synthetic_scenario,Scenario expense ledger; stress injected into Production 1 material and energy
EXP-001514,2026-02-01,设备部,折旧费,21326.55,approved,synthetic_scenario,Scenario expense ledger; stress injected into Production 1 material and energy
EXP-001515,2026-02-01,质量部,折旧费,21059.71,approved,synthetic_scenario,Scenario expense ledger; stress injected into Production 1 material and energy
EXP-001516,2026-10-01,仓储部,其他制造费,18299.31,approved,synthetic_scenario,Scenario expense ledger; stress injected into Production 1 material and energy
EXP-001517,2026-12-01,仓储部,直接人工,51740.77,approved,synthetic_scenario,Scenario expense ledger; stress injected into Production 1 material and energy
EXP-001518,2026-09-01,设备部,能源费,44315.26,approved,synthetic_scenario,Scenario expense ledger; stress injected into Production 1 material and energy
EXP-001519,2026-04-01,采购部,折旧费,19996.11,approved,synthetic_scenario,Scenario expense ledger; stress injected into Production 1 material and energy
EXP-001520,2026-04-01,采购部,能源费,30910.23,pending_review,synthetic_scenario,Scenario expense ledger; stress injected into Production 1 material and energy
EXP-001521,2026-07-01,设备部,折旧费,25684.09,approved,synthetic_scenario,Scenario expense ledger; stress injected into Production 1 material and energy
EXP-001522,2026-11-01,设备部,其他制造费,16523.29,approved,synthetic_scenario,Scenario expense ledger; stress injected into Production 1 material and energy
EXP-001523,2026-05-01,生产二部,维修费,13453.34,approved,synthetic_scenario,Scenario expense ledger; stress injected into Production 1 material and energy
EXP-001524,2026-02-01,质量部,直接人工,35212.2,approved,synthetic_scenario,Scenario expense ledger; stress injected into Production 1 material and energy
EXP-001525,2026-10-01,质量部,能源费,38137.12,approved,synthetic_scenario,Scenario expense ledger; stress injected into Production 1 material and energy
EXP-001526,2026-12-01,仓储部,直接材料,218128.36,approved,synthetic_scenario,Scenario expense ledger; stress injected into Production 1 material and energy
EXP-001527,2026-08-01,生产二部,直接材料,187995.16,approved,synthetic_scenario,Scenario expense ledger; stress injected into Production 1 material and energy
EXP-001528,2026-10-01,设备部,直接人工,56723.91,approved,synthetic_scenario,Scenario expense ledger; stress injected into Production 1 material and energy
EXP-001529,2026-12-01,生产一部,折旧费,38659.95,approved,synthetic_scenario,Scenario expense ledger; stress injected into Production 1 material and energy
EXP-001530,2026-06-01,生产二部,其他制造费,14001.53,approved,synthetic_scenario,Scenario expense ledger; stress injected into Production 1 material and energy
EXP-001531,2026-04-01,仓储部,直接材料,153535.86,approved,synthetic_scenario,Scenario expense ledger; stress injected into Production 1 material and energy
EXP-001532,2026-04-01,仓储部,能源费,28977.91,approved,synthetic_scenario,Scenario expense ledger; stress injected into Production 1 material and energy
EXP-001533,2026-09-01,质量部,其他制造费,19339.45,approved,synthetic_scenario,Scenario expense ledger; stress injected into Production 1 material and energy
EXP-001534,2026-11-01,质量部,直接材料,224514.78,approved,synthetic_scenario,Scenario expense ledger; stress injected into Production 1 material and energy
EXP-001535,2026-05-01,质量部,折旧费,27300.62,pending_review,synthetic_scenario,Scenario expense ledger; stress injected into Production 1 material and energy
EXP-001536,2026-02-01,采购部,折旧费,20957.88,approved,synthetic_scenario,Scenario expense ledger; stress injected into Production 1 material and energy
EXP-001537,2026-10-01,采购部,直接人工,63320.25,approved,synthetic_scenario,Scenario expense ledger; stress injected into Production 1 material and energy
EXP-001538,2026-03-01,生产二部,维修费,12950.07,approved,synthetic_scenario,Scenario expense ledger; stress injected into Production 1 material and energy
EXP-001539,2026-01-01,质量部,其他制造费,8188.77,approved,synthetic_scenario,Scenario expense ledger; stress injected into Production 1 material and energy
EXP-001540,2026-09-01,仓储部,能源费,37832.73,approved,synthetic_scenario,Scenario expense ledger; stress injected into Production 1 material and energy
EXP-001541,2026-11-01,设备部,其他制造费,15301.17,approved,synthetic_scenario,Scenario expense ledger; stress injected into Production 1 material and energy
EXP-001542,2026-04-01,生产一部,折旧费,18521.81,approved,synthetic_scenario,Scenario expense ledger; stress injected into Production 1 material and energy
EXP-001543,2026-09-01,设备部,直接人工,59740.88,approved,synthetic_scenario,Scenario expense ledger; stress injected into Production 1 material and energy
EXP-001544,2026-09-01,生产一部,能源费,54939.01,approved,synthetic_scenario,Scenario expense ledger; stress injected into Production 1 material and energy
EXP-001545,2026-08-01,设备部,直接材料,207799.39,pending_review,synthetic_scenario,Scenario expense ledger; stress injected into Production 1 material and energy
EXP-001546,2026-05-01,仓储部,直接人工,37253.03,approved,synthetic_scenario,Scenario expense ledger; stress injected into Production 1 material and energy
EXP-001547,2026-04-01,设备部,折旧费,22392.05,approved,synthetic_scenario,Scenario expense ledger; stress injected into Production 1 material and energy
EXP-001548,2026-05-01,生产一部,直接人工,41595.44,approved,synthetic_scenario,Scenario expense ledger; stress injected into Production 1 material and energy
EXP-001549,2026-10-01,仓储部,折旧费,31529.51,approved,synthetic_scenario,Scenario expense ledger; stress injected into Production 1 material and energy
EXP-001550,2026-01-01,生产一部,维修费,13136.04,approved,synthetic_scenario,Scenario expense ledger; stress injected into Production 1 material and energy
EXP-001551,2026-11-01,生产一部,能源费,51180.16,approved,synthetic_scenario,Scenario expense ledger; stress injected into Production 1 material and energy
EXP-001552,2026-04-01,采购部,能源费,26178.6,pending_review,synthetic_scenario,Scenario expense ledger; stress injected into Production 1 material and energy
EXP-001553,2026-03-01,采购部,直接人工,39340.43,approved,synthetic_scenario,Scenario expense ledger; stress injected into Production 1 material and energy
EXP-001554,2026-09-01,仓储部,其他制造费,16442.02,approved,synthetic_scenario,Scenario expense ledger; stress injected into Production 1 material and energy
EXP-001555,2026-11-01,设备部,其他制造费,16124.47,approved,synthetic_scenario,Scenario expense ledger; stress injected into Production 1 material and energy
EXP-001556,2026-03-01,质量部,能源费,20835.98,approved,synthetic_scenario,Scenario expense ledger; stress injected into Production 1 material and energy
EXP-001557,2026-05-01,生产一部,直接材料,247657.73,approved,synthetic_scenario,Scenario expense ledger; stress injected into Production 1 material and energy
EXP-001558,2026-08-01,仓储部,能源费,40706.33,approved,synthetic_scenario,Scenario expense ledger; stress injected into Production 1 material and energy
EXP-001559,2026-10-01,生产二部,其他制造费,16891.83,pending_review,synthetic_scenario,Scenario expense ledger; stress injected into Production 1 material and energy
EXP-001560,2026-09-01,仓储部,直接材料,224093.32,approved,synthetic_scenario,Scenario expense ledger; stress injected into Production 1 material and energy
EXP-001561,2026-02-01,采购部,能源费,22515.14,approved,synthetic_scenario,Scenario expense ledger; stress injected into Production 1 material and energy
EXP-001562,2026-05-01,仓储部,能源费,24938.57,approved,synthetic_scenario,Scenario expense ledger; stress injected into Production 1 material and energy
EXP-001563,2026-01-01,生产一部,直接人工,32751.81,approved,synthetic_scenario,Scenario expense ledger; stress injected into Production 1 material and energy
EXP-001564,2026-02-01,采购部,直接人工,35215.81,approved,synthetic_scenario,Scenario expense ledger; stress injected into Production 1 material and energy
EXP-001565,2026-04-01,质量部,其他制造费,12251.08,approved,synthetic_scenario,Scenario expense ledger; stress injected into Production 1 material and energy
EXP-001566,2026-08-01,质量部,直接材料,236034.68,approved,synthetic_scenario,Scenario expense ledger; stress injected into Production 1 material and energy
EXP-001567,2026-05-01,设备部,其他制造费,11569.09,approved,synthetic_scenario,Scenario expense ledger; stress injected into Production 1 material and energy
EXP-001568,2026-04-01,生产二部,直接人工,47087.31,approved,synthetic_scenario,Scenario expense ledger; stress injected into Production 1 material and energy
EXP-001569,2026-03-01,生产一部,直接材料,167578.48,approved,synthetic_scenario,Scenario expense ledger; stress injected into Production 1 material and energy
EXP-001570,2026-06-01,采购部,其他制造费,13186.85,approved,synthetic_scenario,Scenario expense ledger; stress injected into Production 1 material and energy
EXP-001571,2026-03-01,仓储部,直接人工,40361.07,approved,synthetic_scenario,Scenario expense ledger; stress injected into Production 1 material and energy
EXP-001572,2026-01-01,设备部,直接人工,32155.18,approved,synthetic_scenario,Scenario expense ledger; stress injected into Production 1 material and energy
EXP-001573,2026-03-01,采购部,折旧费,21038.35,approved,synthetic_scenario,Scenario expense ledger; stress injected into Production 1 material and energy
EXP-001574,2026-06-01,采购部,维修费,13059.44,approved,synthetic_scenario,Scenario expense ledger; stress injected into Production 1 material and energy
EXP-001575,2026-01-01,质量部,直接人工,30584.36,approved,synthetic_scenario,Scenario expense ledger; stress injected into Production 1 material and energy
EXP-001576,2026-10-01,质量部,维修费,27000.7,approved,synthetic_scenario,Scenario expense ledger; stress injected into Production 1 material and energy
EXP-001577,2026-09-01,生产一部,直接人工,71274.1,approved,synthetic_scenario,Scenario expense ledger; stress injected into Production 1 material and energy
EXP-001578,2026-10-01,生产一部,直接人工,66327.84,approved,synthetic_scenario,Scenario expense ledger; stress injected into Production 1 material and energy
EXP-001579,2026-05-01,仓储部,其他制造费,11354.22,approved,synthetic_scenario,Scenario expense ledger; stress injected into Production 1 material and energy
EXP-001580,2026-06-01,生产二部,其他制造费,12119.97,approved,synthetic_scenario,Scenario expense ledger; stress injected into Production 1 material and energy
EXP-001581,2026-11-01,仓储部,直接人工,64442.23,approved,synthetic_scenario,Scenario expense ledger; stress injected into Production 1 material and energy
EXP-001582,2026-02-01,采购部,维修费,13461.37,approved,synthetic_scenario,Scenario expense ledger; stress injected into Production 1 material and energy
EXP-001583,2026-09-01,质量部,其他制造费,18242.44,approved,synthetic_scenario,Scenario expense ledger; stress injected into Production 1 material and energy
EXP-001584,2026-03-01,仓储部,折旧费,26315.81,approved,synthetic_scenario,Scenario expense ledger; stress injected into Production 1 material and energy
EXP-001585,2026-03-01,仓储部,能源费,26676.64,approved,synthetic_scenario,Scenario expense ledger; stress injected into Production 1 material and energy
EXP-001586,2026-04-01,设备部,维修费,15065.1,approved,synthetic_scenario,Scenario expense ledger; stress injected into Production 1 material and energy
EXP-001587,2026-12-01,设备部,其他制造费,16253.76,approved,synthetic_scenario,Scenario expense ledger; stress injected into Production 1 material and energy
EXP-001588,2026-11-01,生产二部,直接人工,72845.57,approved,synthetic_scenario,Scenario expense ledger; stress injected into Production 1 material and energy
EXP-001589,2026-08-01,设备部,直接人工,45299.31,approved,synthetic_scenario,Scenario expense ledger; stress injected into Production 1 material and energy
EXP-001590,2026-10-01,设备部,直接人工,62067.98,approved,synthetic_scenario,Scenario expense ledger; stress injected into Production 1 material and energy
EXP-001591,2026-04-01,生产一部,维修费,12742.29,approved,synthetic_scenario,Scenario expense ledger; stress injected into Production 1 material and energy
EXP-001592,2026-08-01,仓储部,其他制造费,13724.75,approved,synthetic_scenario,Scenario expense ledger; stress injected into Production 1 material and energy
EXP-001593,2026-04-01,质量部,能源费,28843.88,approved,synthetic_scenario,Scenario expense ledger; stress injected into Production 1 material and energy
EXP-001594,2026-07-01,采购部,折旧费,25381.14,approved,synthetic_scenario,Scenario expense ledger; stress injected into Production 1 material and energy
EXP-001595,2026-06-01,仓储部,折旧费,23553.27,approved,synthetic_scenario,Scenario expense ledger; stress injected into Production 1 material and energy
EXP-001596,2026-04-01,生产一部,直接人工,42598.1,pending_review,synthetic_scenario,Scenario expense ledger; stress injected into Production 1 material and energy
EXP-001597,2026-05-01,质量部,直接人工,44028.36,approved,synthetic_scenario,Scenario expense ledger; stress injected into Production 1 material and energy
EXP-001598,2026-12-01,质量部,直接材料,248870.63,approved,synthetic_scenario,Scenario expense ledger; stress injected into Production 1 material and energy
EXP-001599,2026-11-01,生产二部,维修费,20141.63,approved,synthetic_scenario,Scenario expense ledger; stress injected into Production 1 material and energy
EXP-001600,2026-06-01,生产二部,维修费,16176.83,approved,synthetic_scenario,Scenario expense ledger; stress injected into Production 1 material and energy
EXP-001601,2026-06-01,生产一部,能源费,41356.54,approved,synthetic_scenario,Scenario expense ledger; stress injected into Production 1 material and energy
EXP-001602,2026-10-01,生产二部,直接人工,58634.5,approved,synthetic_scenario,Scenario expense ledger; stress injected into Production 1 material and energy
EXP-001603,2026-05-01,生产二部,直接材料,163125.44,approved,synthetic_scenario,Scenario expense ledger; stress injected into Production 1 material and energy
EXP-001604,2026-05-01,生产二部,维修费,12784.33,approved,synthetic_scenario,Scenario expense ledger; stress injected into Production 1 material and energy
EXP-001605,2026-08-01,仓储部,直接材料,213243.27,approved,synthetic_scenario,Scenario expense ledger; stress injected into Production 1 material and energy
EXP-001606,2026-09-01,生产一部,直接人工,58220.36,approved,synthetic_scenario,Scenario expense ledger; stress injected into Production 1 material and energy
EXP-001607,2026-04-01,采购部,能源费,32478.09,approved,synthetic_scenario,Scenario expense ledger; stress injected into Production 1 material and energy
EXP-001608,2026-03-01,生产一部,折旧费,25037.65,approved,synthetic_scenario,Scenario expense ledger; stress injected into Production 1 material and energy
EXP-001609,2026-03-01,采购部,直接人工,39063.71,approved,synthetic_scenario,Scenario expense ledger; stress injected into Production 1 material and energy
EXP-001610,2026-12-01,仓储部,折旧费,38892.79,approved,synthetic_scenario,Scenario expense ledger; stress injected into Production 1 material and energy
EXP-001611,2026-01-01,质量部,折旧费,21926.21,approved,synthetic_scenario,Scenario expense ledger; stress injected into Production 1 material and energy
EXP-001612,2026-09-01,质量部,折旧费,28530.09,approved,synthetic_scenario,Scenario expense ledger; stress injected into Production 1 material and energy
EXP-001613,2026-07-01,仓储部,能源费,39670.76,approved,synthetic_scenario,Scenario expense ledger; stress injected into Production 1 material and energy
EXP-001614,2026-06-01,采购部,折旧费,23139.17,approved,synthetic_scenario,Scenario expense ledger; stress injected into Production 1 material and energy
EXP-001615,2026-04-01,采购部,其他制造费,11217.42,approved,synthetic_scenario,Scenario expense ledger; stress injected into Production 1 material and energy
EXP-001616,2026-10-01,设备部,直接材料,189804.02,approved,synthetic_scenario,Scenario expense ledger; stress injected into Production 1 material and energy
EXP-001617,2026-03-01,生产一部,维修费,13564.44,pending_review,synthetic_scenario,Scenario expense ledger; stress injected into Production 1 material and energy
EXP-001618,2026-11-01,采购部,能源费,41151.94,approved,synthetic_scenario,Scenario expense ledger; stress injected into Production 1 material and energy
EXP-001619,2026-06-01,质量部,能源费,34710.97,approved,synthetic_scenario,Scenario expense ledger; stress injected into Production 1 material and energy
EXP-001620,2026-09-01,设备部,维修费,21653.33,approved,synthetic_scenario,Scenario expense ledger; stress injected into Production 1 material and energy
EXP-001621,2026-06-01,质量部,能源费,36130.97,approved,synthetic_scenario,Scenario expense ledger; stress injected into Production 1 material and energy
EXP-001622,2026-11-01,仓储部,直接材料,222411.03,approved,synthetic_scenario,Scenario expense ledger; stress injected into Production 1 material and energy
EXP-001623,2026-01-01,设备部,维修费,12027.79,approved,synthetic_scenario,Scenario expense ledger; stress injected into Production 1 material and energy
EXP-001624,2026-05-01,仓储部,折旧费,25107.95,approved,synthetic_scenario,Scenario expense ledger; stress injected into Production 1 material and energy
EXP-001625,2026-07-01,质量部,能源费,31031.43,approved,synthetic_scenario,Scenario expense ledger; stress injected into Production 1 material and energy
EXP-001626,2026-03-01,采购部,直接材料,139545.71,approved,synthetic_scenario,Scenario expense ledger; stress injected into Production 1 material and energy
EXP-001627,2026-02-01,生产二部,其他制造费,9164.01,approved,synthetic_scenario,Scenario expense ledger; stress injected into Production 1 material and energy
EXP-001628,2026-06-01,生产一部,能源费,43849.65,approved,synthetic_scenario,Scenario expense ledger; stress injected into Production 1 material and energy
EXP-001629,2026-05-01,生产一部,能源费,41511.02,approved,synthetic_scenario,Scenario expense ledger; stress injected into Production 1 material and energy
EXP-001630,2026-03-01,生产一部,维修费,14349.24,approved,synthetic_scenario,Scenario expense ledger; stress injected into Production 1 material and energy
EXP-001631,2026-06-01,生产一部,直接人工,39276.92,approved,synthetic_scenario,Scenario expense ledger; stress injected into Production 1 material and energy
EXP-001632,2026-02-01,设备部,直接材料,142771.63,approved,synthetic_scenario,Scenario expense ledger; stress injected into Production 1 material and energy
EXP-001633,2026-05-01,仓储部,折旧费,23284.67,approved,synthetic_scenario,Scenario expense ledger; stress injected into Production 1 material and energy
EXP-001634,2026-10-01,设备部,能源费,36857.16,approved,synthetic_scenario,Scenario expense ledger; stress injected into Production 1 material and energy
EXP-001635,2026-04-01,设备部,折旧费,30571.86,approved,synthetic_scenario,Scenario expense ledger; stress injected into Production 1 material and energy
EXP-001636,2026-03-01,设备部,直接人工,35714.81,approved,synthetic_scenario,Scenario expense ledger; stress injected into Production 1 material and energy
EXP-001637,2026-08-01,质量部,折旧费,31408.08,pending_review,synthetic_scenario,Scenario expense ledger; stress injected into Production 1 material and energy
EXP-001638,2026-06-01,设备部,直接材料,137219.97,pending_review,synthetic_scenario,Scenario expense ledger; stress injected into Production 1 material and energy
EXP-001639,2026-02-01,仓储部,直接材料,115722.68,approved,synthetic_scenario,Scenario expense ledger; stress injected into Production 1 material and energy
EXP-001640,2026-04-01,仓储部,维修费,17458.4,pending_review,synthetic_scenario,Scenario expense ledger; stress injected into Production 1 material and energy
EXP-001641,2026-01-01,生产二部,维修费,12585.28,approved,synthetic_scenario,Scenario expense ledger; stress injected into Production 1 material and energy
EXP-001642,2026-09-01,仓储部,其他制造费,15616.93,approved,synthetic_scenario,Scenario expense ledger; stress injected into Production 1 material and energy
EXP-001643,2026-10-01,仓储部,直接材料,232962.56,approved,synthetic_scenario,Scenario expense ledger; stress injected into Production 1 material and energy
EXP-001644,2026-08-01,设备部,其他制造费,16705.12,approved,synthetic_scenario,Scenario expense ledger; stress injected into Production 1 material and energy
EXP-001645,2026-07-01,生产一部,折旧费,28746.89,approved,synthetic_scenario,Scenario expense ledger; stress injected into Production 1 material and energy
EXP-001646,2026-09-01,采购部,直接人工,59663.64,pending_review,synthetic_scenario,Scenario expense ledger; stress injected into Production 1 material and energy
EXP-001647,2026-07-01,质量部,能源费,28348.02,approved,synthetic_scenario,Scenario expense ledger; stress injected into Production 1 material and energy
EXP-001648,2026-03-01,仓储部,直接人工,37997.35,approved,synthetic_scenario,Scenario expense ledger; stress injected into Production 1 material and energy
EXP-001649,2026-05-01,生产一部,维修费,14064.17,approved,synthetic_scenario,Scenario expense ledger; stress injected into Production 1 material and energy
EXP-001650,2026-02-01,采购部,其他制造费,8975.76,approved,synthetic_scenario,Scenario expense ledger; stress injected into Production 1 material and energy
EXP-001651,2026-11-01,生产一部,维修费,20210.92,approved,synthetic_scenario,Scenario expense ledger; stress injected into Production 1 material and energy
EXP-001652,2026-01-01,仓储部,直接人工,28648.69,pending_review,synthetic_scenario,Scenario expense ledger; stress injected into Production 1 material and energy
EXP-001653,2026-06-01,设备部,维修费,14136.7,approved,synthetic_scenario,Scenario expense ledger; stress injected into Production 1 material and energy
EXP-001654,2026-03-01,生产一部,其他制造费,9422.76,approved,synthetic_scenario,Scenario expense ledger; stress injected into Production 1 material and energy
EXP-001655,2026-03-01,质量部,其他制造费,10108.64,approved,synthetic_scenario,Scenario expense ledger; stress injected into Production 1 material and energy
EXP-001656,2026-04-01,质量部,其他制造费,11364.1,approved,synthetic_scenario,Scenario expense ledger; stress injected into Production 1 material and energy
EXP-001657,2026-06-01,生产一部,折旧费,23519.58,approved,synthetic_scenario,Scenario expense ledger; stress injected into Production 1 material and energy
EXP-001658,2026-06-01,采购部,直接人工,35664.04,approved,synthetic_scenario,Scenario expense ledger; stress injected into Production 1 material and energy
EXP-001659,2026-02-01,生产一部,直接人工,39331.84,approved,synthetic_scenario,Scenario expense ledger; stress injected into Production 1 material and energy
EXP-001660,2026-07-01,仓储部,直接材料,173171.28,approved,synthetic_scenario,Scenario expense ledger; stress injected into Production 1 material and energy
EXP-001661,2026-10-01,质量部,直接人工,70992.39,approved,synthetic_scenario,Scenario expense ledger; stress injected into Production 1 material and energy
EXP-001662,2026-05-01,采购部,能源费,29978.63,pending_review,synthetic_scenario,Scenario expense ledger; stress injected into Production 1 material and energy
EXP-001663,2026-03-01,生产二部,折旧费,19852.42,approved,synthetic_scenario,Scenario expense ledger; stress injected into Production 1 material and energy
EXP-001664,2026-12-01,生产二部,折旧费,35617.74,approved,synthetic_scenario,Scenario expense ledger; stress injected into Production 1 material and energy
EXP-001665,2026-10-01,生产一部,能源费,69522.02,approved,synthetic_scenario,Scenario expense ledger; stress injected into Production 1 material and energy
EXP-001666,2026-08-01,生产二部,其他制造费,17122.89,approved,synthetic_scenario,Scenario expense ledger; stress injected into Production 1 material and energy
EXP-001667,2026-01-01,生产一部,其他制造费,9540.65,approved,synthetic_scenario,Scenario expense ledger; stress injected into Production 1 material and energy
EXP-001668,2026-04-01,生产二部,能源费,23085.93,approved,synthetic_scenario,Scenario expense ledger; stress injected into Production 1 material and energy
EXP-001669,2026-11-01,设备部,直接材料,231602.09,approved,synthetic_scenario,Scenario expense ledger; stress injected into Production 1 material and energy
EXP-001670,2026-01-01,生产二部,折旧费,19669.48,approved,synthetic_scenario,Scenario expense ledger; stress injected into Production 1 material and energy
EXP-001671,2026-05-01,质量部,维修费,14244.24,approved,synthetic_scenario,Scenario expense ledger; stress injected into Production 1 material and energy
EXP-001672,2026-03-01,采购部,能源费,30957.32,approved,synthetic_scenario,Scenario expense ledger; stress injected into Production 1 material and energy
EXP-001673,2026-10-01,生产一部,其他制造费,18540.53,approved,synthetic_scenario,Scenario expense ledger; stress injected into Production 1 material and energy
EXP-001674,2026-09-01,采购部,能源费,33244.5,approved,synthetic_scenario,Scenario expense ledger; stress injected into Production 1 material and energy
EXP-001675,2026-09-01,设备部,直接人工,51944.31,approved,synthetic_scenario,Scenario expense ledger; stress injected into Production 1 material and energy
EXP-001676,2026-09-01,生产一部,折旧费,33043.97,approved,synthetic_scenario,Scenario expense ledger; stress injected into Production 1 material and energy
EXP-001677,2026-01-01,仓储部,能源费,22573.79,approved,synthetic_scenario,Scenario expense ledger; stress injected into Production 1 material and energy
EXP-001678,2026-01-01,生产一部,直接人工,34375.99,approved,synthetic_scenario,Scenario expense ledger; stress injected into Production 1 material and energy
EXP-001679,2026-11-01,生产二部,维修费,20523.55,approved,synthetic_scenario,Scenario expense ledger; stress injected into Production 1 material and energy
EXP-001680,2026-02-01,仓储部,直接人工,35948.26,approved,synthetic_scenario,Scenario expense ledger; stress injected into Production 1 material and energy
EXP-001681,2026-03-01,生产一部,维修费,12660.76,approved,synthetic_scenario,Scenario expense ledger; stress injected into Production 1 material and energy
EXP-001682,2026-12-01,生产一部,其他制造费,15294.24,pending_review,synthetic_scenario,Scenario expense ledger; stress injected into Production 1 material and energy
EXP-001683,2026-02-01,仓储部,直接人工,32511.8,approved,synthetic_scenario,Scenario expense ledger; stress injected into Production 1 material and energy
EXP-001684,2026-11-01,生产一部,直接人工,67207.87,approved,synthetic_scenario,Scenario expense ledger; stress injected into Production 1 material and energy
EXP-001685,2026-09-01,设备部,直接材料,213053.13,approved,synthetic_scenario,Scenario expense ledger; stress injected into Production 1 material and energy
EXP-001686,2026-07-01,生产二部,维修费,13007.63,approved,synthetic_scenario,Scenario expense ledger; stress injected into Production 1 material and energy
EXP-001687,2026-12-01,质量部,维修费,19243.75,approved,synthetic_scenario,Scenario expense ledger; stress injected into Production 1 material and energy
EXP-001688,2026-01-01,设备部,能源费,24685.02,approved,synthetic_scenario,Scenario expense ledger; stress injected into Production 1 material and energy
EXP-001689,2026-06-01,设备部,折旧费,27470.74,approved,synthetic_scenario,Scenario expense ledger; stress injected into Production 1 material and energy
EXP-001690,2026-05-01,设备部,直接材料,135433.8,approved,synthetic_scenario,Scenario expense ledger; stress injected into Production 1 material and energy
EXP-001691,2026-06-01,生产一部,折旧费,27056.78,approved,synthetic_scenario,Scenario expense ledger; stress injected into Production 1 material and energy
EXP-001692,2026-10-01,生产一部,其他制造费,17650.68,approved,synthetic_scenario,Scenario expense ledger; stress injected into Production 1 material and energy
EXP-001693,2026-10-01,设备部,其他制造费,14198.75,approved,synthetic_scenario,Scenario expense ledger; stress injected into Production 1 material and energy
EXP-001694,2026-11-01,采购部,其他制造费,14179.93,approved,synthetic_scenario,Scenario expense ledger; stress injected into Production 1 material and energy
EXP-001695,2026-02-01,采购部,折旧费,23850.75,approved,synthetic_scenario,Scenario expense ledger; stress injected into Production 1 material and energy
EXP-001696,2026-05-01,质量部,直接材料,132976.37,approved,synthetic_scenario,Scenario expense ledger; stress injected into Production 1 material and energy
EXP-001697,2026-02-01,质量部,其他制造费,9942.02,approved,synthetic_scenario,Scenario expense ledger; stress injected into Production 1 material and energy
EXP-001698,2026-02-01,仓储部,其他制造费,9015.54,approved,synthetic_scenario,Scenario expense ledger; stress injected into Production 1 material and energy
EXP-001699,2026-01-01,仓储部,其他制造费,9527.25,pending_review,synthetic_scenario,Scenario expense ledger; stress injected into Production 1 material and energy
EXP-001700,2026-08-01,生产二部,直接材料,205083.84,approved,synthetic_scenario,Scenario expense ledger; stress injected into Production 1 material and energy
EXP-001701,2026-02-01,设备部,能源费,23864.8,approved,synthetic_scenario,Scenario expense ledger; stress injected into Production 1 material and energy
EXP-001702,2026-01-01,生产二部,折旧费,18208.34,approved,synthetic_scenario,Scenario expense ledger; stress injected into Production 1 material and energy
EXP-001703,2026-06-01,质量部,直接人工,41568.12,approved,synthetic_scenario,Scenario expense ledger; stress injected into Production 1 material and energy
EXP-001704,2026-04-01,质量部,直接材料,161965.82,approved,synthetic_scenario,Scenario expense ledger; stress injected into Production 1 material and energy
EXP-001705,2026-06-01,质量部,其他制造费,10793.08,approved,synthetic_scenario,Scenario expense ledger; stress injected into Production 1 material and energy
EXP-001706,2026-07-01,采购部,其他制造费,13142.45,approved,synthetic_scenario,Scenario expense ledger; stress injected into Production 1 material and energy
EXP-001707,2026-07-01,生产二部,其他制造费,14470.76,approved,synthetic_scenario,Scenario expense ledger; stress injected into Production 1 material and energy
EXP-001708,2026-02-01,采购部,其他制造费,10066.55,approved,synthetic_scenario,Scenario expense ledger; stress injected into Production 1 material and energy
EXP-001709,2026-11-01,生产一部,维修费,20882.8,approved,synthetic_scenario,Scenario expense ledger; stress injected into Production 1 material and energy
EXP-001710,2026-08-01,生产一部,直接人工,68542.54,approved,synthetic_scenario,Scenario expense ledger; stress injected into Production 1 material and energy
EXP-001711,2026-03-01,生产一部,折旧费,21601.82,approved,synthetic_scenario,Scenario expense ledger; stress injected into Production 1 material and energy
EXP-001712,2026-08-01,仓储部,其他制造费,14010.46,approved,synthetic_scenario,Scenario expense ledger; stress injected into Production 1 material and energy
EXP-001713,2026-12-01,设备部,直接材料,197097.07,approved,synthetic_scenario,Scenario expense ledger; stress injected into Production 1 material and energy
EXP-001714,2026-08-01,设备部,折旧费,28784.79,approved,synthetic_scenario,Scenario expense ledger; stress injected into Production 1 material and energy
EXP-001715,2026-04-01,生产一部,直接人工,31030.57,approved,synthetic_scenario,Scenario expense ledger; stress injected into Production 1 material and energy
EXP-001716,2026-01-01,采购部,直接人工,34916.89,approved,synthetic_scenario,Scenario expense ledger; stress injected into Production 1 material and energy
EXP-001717,2026-06-01,设备部,直接人工,42116.2,approved,synthetic_scenario,Scenario expense ledger; stress injected into Production 1 material and energy
EXP-001718,2026-08-01,质量部,能源费,34944.76,approved,synthetic_scenario,Scenario expense ledger; stress injected into Production 1 material and energy
EXP-001719,2026-11-01,生产二部,能源费,33463.16,approved,synthetic_scenario,Scenario expense ledger; stress injected into Production 1 material and energy
EXP-001720,2026-05-01,生产一部,能源费,43188.61,approved,synthetic_scenario,Scenario expense ledger; stress injected into Production 1 material and energy
EXP-001721,2026-03-01,设备部,直接材料,130714.93,approved,synthetic_scenario,Scenario expense ledger; stress injected into Production 1 material and energy
EXP-001722,2026-05-01,生产一部,折旧费,26292.51,approved,synthetic_scenario,Scenario expense ledger; stress injected into Production 1 material and energy
EXP-001723,2026-08-01,设备部,直接人工,50361.15,approved,synthetic_scenario,Scenario expense ledger; stress injected into Production 1 material and energy
EXP-001724,2026-09-01,质量部,折旧费,32717.47,approved,synthetic_scenario,Scenario expense ledger; stress injected into Production 1 material and energy
EXP-001725,2026-06-01,仓储部,其他制造费,15214.14,approved,synthetic_scenario,Scenario expense ledger; stress injected into Production 1 material and energy
EXP-001726,2026-08-01,生产一部,维修费,16480.19,approved,synthetic_scenario,Scenario expense ledger; stress injected into Production 1 material and energy
EXP-001727,2026-01-01,生产一部,直接人工,35185.35,approved,synthetic_scenario,Scenario expense ledger; stress injected into Production 1 material and energy
EXP-001728,2026-01-01,生产二部,能源费,27910.15,approved,synthetic_scenario,Scenario expense ledger; stress injected into Production 1 material and energy
EXP-001729,2026-11-01,仓储部,其他制造费,18606.34,approved,synthetic_scenario,Scenario expense ledger; stress injected into Production 1 material and energy
EXP-001730,2026-11-01,质量部,直接人工,68884.28,approved,synthetic_scenario,Scenario expense ledger; stress injected into Production 1 material and energy
EXP-001731,2026-04-01,生产一部,能源费,37972.15,approved,synthetic_scenario,Scenario expense ledger; stress injected into Production 1 material and energy
EXP-001732,2026-02-01,设备部,能源费,23925.39,approved,synthetic_scenario,Scenario expense ledger; stress injected into Production 1 material and energy
EXP-001733,2026-08-01,质量部,直接人工,47845.08,approved,synthetic_scenario,Scenario expense ledger; stress injected into Production 1 material and energy
EXP-001734,2026-03-01,生产二部,折旧费,26295.67,approved,synthetic_scenario,Scenario expense ledger; stress injected into Production 1 material and energy
EXP-001735,2026-06-01,设备部,维修费,16194.22,approved,synthetic_scenario,Scenario expense ledger; stress injected into Production 1 material and energy
EXP-001736,2026-04-01,采购部,直接材料,187906.91,approved,synthetic_scenario,Scenario expense ledger; stress injected into Production 1 material and energy
EXP-001737,2026-01-01,采购部,其他制造费,9436.9,approved,synthetic_scenario,Scenario expense ledger; stress injected into Production 1 material and energy
EXP-001738,2026-05-01,采购部,其他制造费,10991.99,approved,synthetic_scenario,Scenario expense ledger; stress injected into Production 1 material and energy
EXP-001739,2026-03-01,仓储部,能源费,31324.75,approved,synthetic_scenario,Scenario expense ledger; stress injected into Production 1 material and energy
EXP-001740,2026-04-01,生产一部,其他制造费,11258.78,approved,synthetic_scenario,Scenario expense ledger; stress injected into Production 1 material and energy
EXP-001741,2026-01-01,生产一部,直接材料,216344.05,approved,synthetic_scenario,Scenario expense ledger; stress injected into Production 1 material and energy
EXP-001742,2026-08-01,生产一部,维修费,20215.89,approved,synthetic_scenario,Scenario expense ledger; stress injected into Production 1 material and energy
EXP-001743,2026-10-01,生产一部,折旧费,38248.85,approved,synthetic_scenario,Scenario expense ledger; stress injected into Production 1 material and energy
EXP-001744,2026-06-01,生产一部,其他制造费,9653.78,approved,synthetic_scenario,Scenario expense ledger; stress injected into Production 1 material and energy
EXP-001745,2026-06-01,生产一部,维修费,14306.96,approved,synthetic_scenario,Scenario expense ledger; stress injected into Production 1 material and energy
EXP-001746,2026-05-01,生产一部,能源费,42851.12,approved,synthetic_scenario,Scenario expense ledger; stress injected into Production 1 material and energy
EXP-001747,2026-10-01,生产二部,维修费,21273.76,approved,synthetic_scenario,Scenario expense ledger; stress injected into Production 1 material and energy
EXP-001748,2026-09-01,生产一部,其他制造费,15571.78,approved,synthetic_scenario,Scenario expense ledger; stress injected into Production 1 material and energy
EXP-001749,2026-05-01,质量部,直接材料,129200.46,approved,synthetic_scenario,Scenario expense ledger; stress injected into Production 1 material and energy
EXP-001750,2026-12-01,仓储部,直接材料,234829.34,approved,synthetic_scenario,Scenario expense ledger; stress injected into Production 1 material and energy
EXP-001751,2026-10-01,生产一部,其他制造费,22874.16,pending_review,synthetic_scenario,Scenario expense ledger; stress injected into Production 1 material and energy
EXP-001752,2026-08-01,仓储部,折旧费,36243.38,approved,synthetic_scenario,Scenario expense ledger; stress injected into Production 1 material and energy
EXP-001753,2026-08-01,采购部,折旧费,25866.05,approved,synthetic_scenario,Scenario expense ledger; stress injected into Production 1 material and energy
EXP-001754,2026-05-01,采购部,折旧费,24759.96,approved,synthetic_scenario,Scenario expense ledger; stress injected into Production 1 material and energy
EXP-001755,2026-01-01,设备部,其他制造费,9547.82,approved,synthetic_scenario,Scenario expense ledger; stress injected into Production 1 material and energy
EXP-001756,2026-09-01,设备部,维修费,24287.62,approved,synthetic_scenario,Scenario expense ledger; stress injected into Production 1 material and energy
EXP-001757,2026-02-01,设备部,其他制造费,10902.62,approved,synthetic_scenario,Scenario expense ledger; stress injected into Production 1 material and energy
EXP-001758,2026-04-01,采购部,能源费,28632.15,approved,synthetic_scenario,Scenario expense ledger; stress injected into Production 1 material and energy
EXP-001759,2026-07-01,生产二部,直接材料,144440.63,approved,synthetic_scenario,Scenario expense ledger; stress injected into Production 1 material and energy
EXP-001760,2026-05-01,仓储部,其他制造费,11660.88,approved,synthetic_scenario,Scenario expense ledger; stress injected into Production 1 material and energy
EXP-001761,2026-03-01,生产二部,其他制造费,9630.88,approved,synthetic_scenario,Scenario expense ledger; stress injected into Production 1 material and energy
EXP-001762,2026-07-01,设备部,能源费,34551.5,approved,synthetic_scenario,Scenario expense ledger; stress injected into Production 1 material and energy
EXP-001763,2026-12-01,质量部,折旧费,41140.16,approved,synthetic_scenario,Scenario expense ledger; stress injected into Production 1 material and energy
EXP-001764,2026-09-01,设备部,其他制造费,19155.92,approved,synthetic_scenario,Scenario expense ledger; stress injected into Production 1 material and energy
EXP-001765,2026-05-01,仓储部,直接人工,37522.11,approved,synthetic_scenario,Scenario expense ledger; stress injected into Production 1 material and energy
EXP-001766,2026-03-01,生产一部,直接人工,34064.07,approved,synthetic_scenario,Scenario expense ledger; stress injected into Production 1 material and energy
EXP-001767,2026-12-01,生产二部,其他制造费,18504.66,approved,synthetic_scenario,Scenario expense ledger; stress injected into Production 1 material and energy
EXP-001768,2026-08-01,生产二部,折旧费,38917.64,approved,synthetic_scenario,Scenario expense ledger; stress injected into Production 1 material and energy
EXP-001769,2026-02-01,生产二部,维修费,12425.88,approved,synthetic_scenario,Scenario expense ledger; stress injected into Production 1 material and energy
EXP-001770,2026-09-01,生产二部,维修费,19513.07,approved,synthetic_scenario,Scenario expense ledger; stress injected into Production 1 material and energy
EXP-001771,2026-01-01,设备部,能源费,18507.04,approved,synthetic_scenario,Scenario expense ledger; stress injected into Production 1 material and energy
EXP-001772,2026-09-01,质量部,直接人工,58288.22,approved,synthetic_scenario,Scenario expense ledger; stress injected into Production 1 material and energy
EXP-001773,2026-06-01,设备部,折旧费,27500.23,approved,synthetic_scenario,Scenario expense ledger; stress injected into Production 1 material and energy
EXP-001774,2026-03-01,仓储部,折旧费,24433.01,approved,synthetic_scenario,Scenario expense ledger; stress injected into Production 1 material and energy
EXP-001775,2026-07-01,质量部,直接人工,43695.05,approved,synthetic_scenario,Scenario expense ledger; stress injected into Production 1 material and energy
EXP-001776,2026-04-01,仓储部,直接材料,171116.25,approved,synthetic_scenario,Scenario expense ledger; stress injected into Production 1 material and energy
EXP-001777,2026-07-01,生产二部,能源费,35294.27,approved,synthetic_scenario,Scenario expense ledger; stress injected into Production 1 material and energy
EXP-001778,2026-12-01,生产一部,直接人工,71758.01,approved,synthetic_scenario,Scenario expense ledger; stress injected into Production 1 material and energy
EXP-001779,2026-01-01,生产二部,维修费,11148.58,approved,synthetic_scenario,Scenario expense ledger; stress injected into Production 1 material and energy
EXP-001780,2026-03-01,采购部,直接材料,130107.37,approved,synthetic_scenario,Scenario expense ledger; stress injected into Production 1 material and energy
EXP-001781,2026-05-01,生产一部,其他制造费,11160.09,approved,synthetic_scenario,Scenario expense ledger; stress injected into Production 1 material and energy
EXP-001782,2026-09-01,采购部,维修费,18753.85,approved,synthetic_scenario,Scenario expense ledger; stress injected into Production 1 material and energy
EXP-001783,2026-12-01,仓储部,折旧费,30737.04,approved,synthetic_scenario,Scenario expense ledger; stress injected into Production 1 material and energy
EXP-001784,2026-02-01,采购部,其他制造费,9503.18,approved,synthetic_scenario,Scenario expense ledger; stress injected into Production 1 material and energy
EXP-001785,2026-07-01,设备部,能源费,33638.22,approved,synthetic_scenario,Scenario expense ledger; stress injected into Production 1 material and energy
EXP-001786,2026-12-01,采购部,能源费,46415.74,approved,synthetic_scenario,Scenario expense ledger; stress injected into Production 1 material and energy
EXP-001787,2026-02-01,生产二部,直接人工,40864.75,approved,synthetic_scenario,Scenario expense ledger; stress injected into Production 1 material and energy
EXP-001788,2026-03-01,质量部,能源费,24761.53,approved,synthetic_scenario,Scenario expense ledger; stress injected into Production 1 material and energy
EXP-001789,2026-07-01,仓储部,直接材料,168016.76,approved,synthetic_scenario,Scenario expense ledger; stress injected into Production 1 material and energy
EXP-001790,2026-11-01,质量部,折旧费,39617.29,approved,synthetic_scenario,Scenario expense ledger; stress injected into Production 1 material and energy
EXP-001791,2026-11-01,仓储部,其他制造费,16857.3,approved,synthetic_scenario,Scenario expense ledger; stress injected into Production 1 material and energy
EXP-001792,2026-10-01,生产一部,其他制造费,19206.02,approved,synthetic_scenario,Scenario expense ledger; stress injected into Production 1 material and energy
EXP-001793,2026-05-01,采购部,直接材料,145088.48,approved,synthetic_scenario,Scenario expense ledger; stress injected into Production 1 material and energy
EXP-001794,2026-11-01,采购部,直接人工,61371.2,approved,synthetic_scenario,Scenario expense ledger; stress injected into Production 1 material and energy
EXP-001795,2026-11-01,设备部,能源费,34841.77,approved,synthetic_scenario,Scenario expense ledger; stress injected into Production 1 material and energy
EXP-001796,2026-12-01,采购部,其他制造费,20267.92,approved,synthetic_scenario,Scenario expense ledger; stress injected into Production 1 material and energy
EXP-001797,2026-12-01,质量部,其他制造费,16669.03,approved,synthetic_scenario,Scenario expense ledger; stress injected into Production 1 material and energy
EXP-001798,2026-12-01,设备部,直接材料,224343.58,approved,synthetic_scenario,Scenario expense ledger; stress injected into Production 1 material and energy
EXP-001799,2026-12-01,生产一部,折旧费,35851.43,approved,synthetic_scenario,Scenario expense ledger; stress injected into Production 1 material and energy
EXP-001800,2026-06-01,生产一部,维修费,15776.1,approved,synthetic_scenario,Scenario expense ledger; stress injected into Production 1 material and energy
EXP-001801,2026-02-01,仓储部,能源费,21128.28,approved,synthetic_scenario,Scenario expense ledger; stress injected into Production 1 material and energy
EXP-001802,2026-01-01,生产二部,其他制造费,9331.38,approved,synthetic_scenario,Scenario expense ledger; stress injected into Production 1 material and energy
EXP-001803,2026-09-01,设备部,折旧费,40266.42,approved,synthetic_scenario,Scenario expense ledger; stress injected into Production 1 material and energy
EXP-001804,2026-01-01,仓储部,其他制造费,11015.99,approved,synthetic_scenario,Scenario expense ledger; stress injected into Production 1 material and energy
EXP-001805,2026-10-01,生产二部,直接人工,54237.58,approved,synthetic_scenario,Scenario expense ledger; stress injected into Production 1 material and energy
EXP-001806,2026-11-01,生产二部,直接材料,214374.19,approved,synthetic_scenario,Scenario expense ledger; stress injected into Production 1 material and energy
EXP-001807,2026-10-01,质量部,直接人工,75450.89,approved,synthetic_scenario,Scenario expense ledger; stress injected into Production 1 material and energy
EXP-001808,2026-07-01,生产一部,其他制造费,14273.97,approved,synthetic_scenario,Scenario expense ledger; stress injected into Production 1 material and energy
EXP-001809,2026-09-01,生产二部,维修费,20527.02,approved,synthetic_scenario,Scenario expense ledger; stress injected into Production 1 material and energy
EXP-001810,2026-06-01,仓储部,直接材料,140796.25,approved,synthetic_scenario,Scenario expense ledger; stress injected into Production 1 material and energy
EXP-001811,2026-07-01,生产二部,能源费,33266.24,approved,synthetic_scenario,Scenario expense ledger; stress injected into Production 1 material and energy
EXP-001812,2026-12-01,设备部,折旧费,37473.54,approved,synthetic_scenario,Scenario expense ledger; stress injected into Production 1 material and energy
EXP-001813,2026-07-01,生产二部,其他制造费,12304.94,approved,synthetic_scenario,Scenario expense ledger; stress injected into Production 1 material and energy
EXP-001814,2026-07-01,采购部,直接材料,169753.51,approved,synthetic_scenario,Scenario expense ledger; stress injected into Production 1 material and energy
EXP-001815,2026-09-01,生产二部,其他制造费,17619.9,approved,synthetic_scenario,Scenario expense ledger; stress injected into Production 1 material and energy
EXP-001816,2026-08-01,设备部,维修费,19766.94,approved,synthetic_scenario,Scenario expense ledger; stress injected into Production 1 material and energy
EXP-001817,2026-01-01,生产二部,维修费,12008.46,approved,synthetic_scenario,Scenario expense ledger; stress injected into Production 1 material and energy
EXP-001818,2026-01-01,仓储部,直接材料,117958.38,approved,synthetic_scenario,Scenario expense ledger; stress injected into Production 1 material and energy
EXP-001819,2026-10-01,生产一部,折旧费,41897.83,approved,synthetic_scenario,Scenario expense ledger; stress injected into Production 1 material and energy
EXP-001820,2026-07-01,生产一部,直接材料,181696.55,approved,synthetic_scenario,Scenario expense ledger; stress injected into Production 1 material and energy
EXP-001821,2026-04-01,质量部,能源费,23304.98,approved,synthetic_scenario,Scenario expense ledger; stress injected into Production 1 material and energy
EXP-001822,2026-01-01,质量部,直接人工,25936.15,approved,synthetic_scenario,Scenario expense ledger; stress injected into Production 1 material and energy
EXP-001823,2026-09-01,质量部,能源费,35973.62,pending_review,synthetic_scenario,Scenario expense ledger; stress injected into Production 1 material and energy
EXP-001824,2026-09-01,生产一部,能源费,50107.79,approved,synthetic_scenario,Scenario expense ledger; stress injected into Production 1 material and energy
EXP-001825,2026-01-01,仓储部,其他制造费,11402.57,approved,synthetic_scenario,Scenario expense ledger; stress injected into Production 1 material and energy
EXP-001826,2026-07-01,生产二部,其他制造费,13002.81,approved,synthetic_scenario,Scenario expense ledger; stress injected into Production 1 material and energy
EXP-001827,2026-04-01,采购部,维修费,15128.22,approved,synthetic_scenario,Scenario expense ledger; stress injected into Production 1 material and energy
EXP-001828,2026-05-01,生产二部,能源费,32855.4,approved,synthetic_scenario,Scenario expense ledger; stress injected into Production 1 material and energy
EXP-001829,2026-03-01,生产二部,其他制造费,7857.09,approved,synthetic_scenario,Scenario expense ledger; stress injected into Production 1 material and energy
EXP-001830,2026-01-01,仓储部,直接材料,182544.14,approved,synthetic_scenario,Scenario expense ledger; stress injected into Production 1 material and energy
EXP-001831,2026-01-01,生产一部,维修费,13136.14,approved,synthetic_scenario,Scenario expense ledger; stress injected into Production 1 material and energy
EXP-001832,2026-12-01,仓储部,能源费,48431.44,approved,synthetic_scenario,Scenario expense ledger; stress injected into Production 1 material and energy
EXP-001833,2026-05-01,仓储部,维修费,12893.47,approved,synthetic_scenario,Scenario expense ledger; stress injected into Production 1 material and energy
EXP-001834,2026-12-01,采购部,直接材料,218378.66,approved,synthetic_scenario,Scenario expense ledger; stress injected into Production 1 material and energy
EXP-001835,2026-08-01,生产一部,直接材料,279591.65,approved,synthetic_scenario,Scenario expense ledger; stress injected into Production 1 material and energy
EXP-001836,2026-06-01,设备部,能源费,32622.25,approved,synthetic_scenario,Scenario expense ledger; stress injected into Production 1 material and energy
EXP-001837,2026-01-01,仓储部,其他制造费,11523.49,pending_review,synthetic_scenario,Scenario expense ledger; stress injected into Production 1 material and energy
EXP-001838,2026-02-01,质量部,维修费,14519.54,approved,synthetic_scenario,Scenario expense ledger; stress injected into Production 1 material and energy
EXP-001839,2026-12-01,仓储部,其他制造费,17731.44,approved,synthetic_scenario,Scenario expense ledger; stress injected into Production 1 material and energy
EXP-001840,2026-07-01,生产一部,直接材料,180338.64,approved,synthetic_scenario,Scenario expense ledger; stress injected into Production 1 material and energy
EXP-001841,2026-03-01,质量部,维修费,11047.41,approved,synthetic_scenario,Scenario expense ledger; stress injected into Production 1 material and energy
EXP-001842,2026-01-01,采购部,维修费,12670.24,approved,synthetic_scenario,Scenario expense ledger; stress injected into Production 1 material and energy
EXP-001843,2026-02-01,设备部,维修费,12720.18,approved,synthetic_scenario,Scenario expense ledger; stress injected into Production 1 material and energy
EXP-001844,2026-03-01,质量部,能源费,23723.06,approved,synthetic_scenario,Scenario expense ledger; stress injected into Production 1 material and energy
EXP-001845,2026-09-01,质量部,维修费,18450.19,approved,synthetic_scenario,Scenario expense ledger; stress injected into Production 1 material and energy
EXP-001846,2026-06-01,生产一部,直接材料,172753.28,approved,synthetic_scenario,Scenario expense ledger; stress injected into Production 1 material and energy
EXP-001847,2026-12-01,生产一部,维修费,22625.79,approved,synthetic_scenario,Scenario expense ledger; stress injected into Production 1 material and energy
EXP-001848,2026-02-01,生产二部,维修费,14250.55,approved,synthetic_scenario,Scenario expense ledger; stress injected into Production 1 material and energy
EXP-001849,2026-09-01,采购部,直接人工,50920.91,approved,synthetic_scenario,Scenario expense ledger; stress injected into Production 1 material and energy
EXP-001850,2026-07-01,设备部,折旧费,25261.03,approved,synthetic_scenario,Scenario expense ledger; stress injected into Production 1 material and energy
EXP-001851,2026-08-01,采购部,维修费,15258.25,approved,synthetic_scenario,Scenario expense ledger; stress injected into Production 1 material and energy
EXP-001852,2026-01-01,采购部,直接材料,108771.3,approved,synthetic_scenario,Scenario expense ledger; stress injected into Production 1 material and energy
EXP-001853,2026-12-01,质量部,其他制造费,19717.46,approved,synthetic_scenario,Scenario expense ledger; stress injected into Production 1 material and energy
EXP-001854,2026-06-01,质量部,维修费,16714.85,approved,synthetic_scenario,Scenario expense ledger; stress injected into Production 1 material and energy
EXP-001855,2026-09-01,设备部,直接人工,62085.84,approved,synthetic_scenario,Scenario expense ledger; stress injected into Production 1 material and energy
EXP-001856,2026-06-01,质量部,能源费,31992.66,approved,synthetic_scenario,Scenario expense ledger; stress injected into Production 1 material and energy
EXP-001857,2026-07-01,生产一部,维修费,15301.88,approved,synthetic_scenario,Scenario expense ledger; stress injected into Production 1 material and energy
EXP-001858,2026-07-01,采购部,直接材料,188321.61,approved,synthetic_scenario,Scenario expense ledger; stress injected into Production 1 material and energy
EXP-001859,2026-03-01,设备部,其他制造费,13521.32,approved,synthetic_scenario,Scenario expense ledger; stress injected into Production 1 material and energy
EXP-001860,2026-01-01,质量部,直接材料,116697.71,approved,synthetic_scenario,Scenario expense ledger; stress injected into Production 1 material and energy
EXP-001861,2026-10-01,生产一部,其他制造费,18655.48,approved,synthetic_scenario,Scenario expense ledger; stress injected into Production 1 material and energy
EXP-001862,2026-10-01,采购部,直接人工,62494.25,approved,synthetic_scenario,Scenario expense ledger; stress injected into Production 1 material and energy
EXP-001863,2026-03-01,质量部,直接材料,110382.37,approved,synthetic_scenario,Scenario expense ledger; stress injected into Production 1 material and energy
EXP-001864,2026-11-01,质量部,其他制造费,16810.42,approved,synthetic_scenario,Scenario expense ledger; stress injected into Production 1 material and energy
EXP-001865,2026-01-01,采购部,其他制造费,11341.31,approved,synthetic_scenario,Scenario expense ledger; stress injected into Production 1 material and energy
EXP-001866,2026-06-01,设备部,直接人工,42633.97,approved,synthetic_scenario,Scenario expense ledger; stress injected into Production 1 material and energy
EXP-001867,2026-01-01,生产一部,能源费,30437.56,approved,synthetic_scenario,Scenario expense ledger; stress injected into Production 1 material and energy
EXP-001868,2026-12-01,生产二部,能源费,50871.86,approved,synthetic_scenario,Scenario expense ledger; stress injected into Production 1 material and energy
EXP-001869,2026-07-01,设备部,直接人工,43469.29,approved,synthetic_scenario,Scenario expense ledger; stress injected into Production 1 material and energy
EXP-001870,2026-12-01,设备部,直接材料,184898.79,approved,synthetic_scenario,Scenario expense ledger; stress injected into Production 1 material and energy
EXP-001871,2026-11-01,生产二部,直接材料,214050.17,approved,synthetic_scenario,Scenario expense ledger; stress injected into Production 1 material and energy
EXP-001872,2026-04-01,生产一部,直接人工,40070.96,approved,synthetic_scenario,Scenario expense ledger; stress injected into Production 1 material and energy
EXP-001873,2026-06-01,生产二部,维修费,14934.19,approved,synthetic_scenario,Scenario expense ledger; stress injected into Production 1 material and energy
EXP-001874,2026-12-01,设备部,其他制造费,18831.69,approved,synthetic_scenario,Scenario expense ledger; stress injected into Production 1 material and energy
EXP-001875,2026-01-01,生产一部,维修费,12129.56,approved,synthetic_scenario,Scenario expense ledger; stress injected into Production 1 material and energy
EXP-001876,2026-10-01,仓储部,其他制造费,16117.62,pending_review,synthetic_scenario,Scenario expense ledger; stress injected into Production 1 material and energy
EXP-001877,2026-05-01,质量部,其他制造费,12022.61,approved,synthetic_scenario,Scenario expense ledger; stress injected into Production 1 material and energy
EXP-001878,2026-07-01,生产二部,其他制造费,14932.6,approved,synthetic_scenario,Scenario expense ledger; stress injected into Production 1 material and energy
EXP-001879,2026-04-01,生产二部,直接材料,148111.41,approved,synthetic_scenario,Scenario expense ledger; stress injected into Production 1 material and energy
EXP-001880,2026-08-01,质量部,直接人工,62372.09,approved,synthetic_scenario,Scenario expense ledger; stress injected into Production 1 material and energy
EXP-001881,2026-05-01,生产二部,维修费,13747.97,approved,synthetic_scenario,Scenario expense ledger; stress injected into Production 1 material and energy
EXP-001882,2026-07-01,采购部,能源费,44486.33,approved,synthetic_scenario,Scenario expense ledger; stress injected into Production 1 material and energy
EXP-001883,2026-01-01,设备部,其他制造费,10843.99,approved,synthetic_scenario,Scenario expense ledger; stress injected into Production 1 material and energy
EXP-001884,2026-06-01,仓储部,能源费,27797.62,approved,synthetic_scenario,Scenario expense ledger; stress injected into Production 1 material and energy
EXP-001885,2026-04-01,质量部,能源费,25959.24,approved,synthetic_scenario,Scenario expense ledger; stress injected into Production 1 material and energy
EXP-001886,2026-10-01,质量部,直接人工,65748.49,approved,synthetic_scenario,Scenario expense ledger; stress injected into Production 1 material and energy
EXP-001887,2026-02-01,仓储部,其他制造费,10308.48,approved,synthetic_scenario,Scenario expense ledger; stress injected into Production 1 material and energy
EXP-001888,2026-06-01,设备部,直接材料,153204.87,pending_review,synthetic_scenario,Scenario expense ledger; stress injected into Production 1 material and energy
EXP-001889,2026-09-01,质量部,维修费,17204.22,approved,synthetic_scenario,Scenario expense ledger; stress injected into Production 1 material and energy
EXP-001890,2026-05-01,设备部,直接材料,137582.54,approved,synthetic_scenario,Scenario expense ledger; stress injected into Production 1 material and energy
EXP-001891,2026-04-01,生产一部,折旧费,22912.53,approved,synthetic_scenario,Scenario expense ledger; stress injected into Production 1 material and energy
EXP-001892,2026-12-01,生产一部,直接材料,294981.43,approved,synthetic_scenario,Scenario expense ledger; stress injected into Production 1 material and energy
EXP-001893,2026-08-01,生产一部,直接人工,58087.87,approved,synthetic_scenario,Scenario expense ledger; stress injected into Production 1 material and energy
EXP-001894,2026-06-01,采购部,能源费,25041.19,approved,synthetic_scenario,Scenario expense ledger; stress injected into Production 1 material and energy
EXP-001895,2026-07-01,仓储部,折旧费,30955.81,approved,synthetic_scenario,Scenario expense ledger; stress injected into Production 1 material and energy
EXP-001896,2026-07-01,仓储部,折旧费,35433.03,approved,synthetic_scenario,Scenario expense ledger; stress injected into Production 1 material and energy
EXP-001897,2026-07-01,生产一部,能源费,35408.51,approved,synthetic_scenario,Scenario expense ledger; stress injected into Production 1 material and energy
EXP-001898,2026-11-01,生产二部,直接人工,75440.25,pending_review,synthetic_scenario,Scenario expense ledger; stress injected into Production 1 material and energy
EXP-001899,2026-07-01,采购部,直接人工,59797.43,approved,synthetic_scenario,Scenario expense ledger; stress injected into Production 1 material and energy
EXP-001900,2026-02-01,采购部,折旧费,26508.99,approved,synthetic_scenario,Scenario expense ledger; stress injected into Production 1 material and energy
EXP-001901,2026-04-01,生产一部,直接材料,186846.84,pending_review,synthetic_scenario,Scenario expense ledger; stress injected into Production 1 material and energy
EXP-001902,2026-12-01,质量部,直接材料,203662.17,approved,synthetic_scenario,Scenario expense ledger; stress injected into Production 1 material and energy
EXP-001903,2026-05-01,采购部,能源费,31714.67,approved,synthetic_scenario,Scenario expense ledger; stress injected into Production 1 material and energy
EXP-001904,2026-01-01,质量部,其他制造费,8292.0,approved,synthetic_scenario,Scenario expense ledger; stress injected into Production 1 material and energy
EXP-001905,2026-12-01,生产一部,折旧费,33099.55,approved,synthetic_scenario,Scenario expense ledger; stress injected into Production 1 material and energy
EXP-001906,2026-04-01,生产一部,维修费,11946.2,approved,synthetic_scenario,Scenario expense ledger; stress injected into Production 1 material and energy
EXP-001907,2026-07-01,生产一部,直接人工,41842.77,approved,synthetic_scenario,Scenario expense ledger; stress injected into Production 1 material and energy
EXP-001908,2026-10-01,采购部,其他制造费,18005.57,approved,synthetic_scenario,Scenario expense ledger; stress injected into Production 1 material and energy
EXP-001909,2026-09-01,采购部,直接材料,212274.06,approved,synthetic_scenario,Scenario expense ledger; stress injected into Production 1 material and energy
EXP-001910,2026-02-01,设备部,折旧费,23375.4,approved,synthetic_scenario,Scenario expense ledger; stress injected into Production 1 material and energy
EXP-001911,2026-06-01,设备部,其他制造费,10462.83,approved,synthetic_scenario,Scenario expense ledger; stress injected into Production 1 material and energy
EXP-001912,2026-03-01,生产二部,直接人工,46218.44,approved,synthetic_scenario,Scenario expense ledger; stress injected into Production 1 material and energy
EXP-001913,2026-10-01,仓储部,维修费,23694.26,approved,synthetic_scenario,Scenario expense ledger; stress injected into Production 1 material and energy
EXP-001914,2026-08-01,质量部,其他制造费,14417.98,approved,synthetic_scenario,Scenario expense ledger; stress injected into Production 1 material and energy
EXP-001915,2026-10-01,仓储部,其他制造费,15357.57,approved,synthetic_scenario,Scenario expense ledger; stress injected into Production 1 material and energy
EXP-001916,2026-08-01,质量部,其他制造费,14983.17,approved,synthetic_scenario,Scenario expense ledger; stress injected into Production 1 material and energy
EXP-001917,2026-10-01,生产一部,直接人工,59991.43,approved,synthetic_scenario,Scenario expense ledger; stress injected into Production 1 material and energy
EXP-001918,2026-02-01,设备部,维修费,12122.86,approved,synthetic_scenario,Scenario expense ledger; stress injected into Production 1 material and energy
EXP-001919,2026-12-01,生产二部,维修费,23938.6,approved,synthetic_scenario,Scenario expense ledger; stress injected into Production 1 material and energy
EXP-001920,2026-09-01,采购部,维修费,19626.0,approved,synthetic_scenario,Scenario expense ledger; stress injected into Production 1 material and energy
EXP-001921,2026-04-01,生产二部,其他制造费,11035.15,approved,synthetic_scenario,Scenario expense ledger; stress injected into Production 1 material and energy
EXP-001922,2026-04-01,生产二部,折旧费,18947.12,approved,synthetic_scenario,Scenario expense ledger; stress injected into Production 1 material and energy
EXP-001923,2026-02-01,生产一部,能源费,31381.41,pending_review,synthetic_scenario,Scenario expense ledger; stress injected into Production 1 material and energy
EXP-001924,2026-04-01,采购部,维修费,15384.05,approved,synthetic_scenario,Scenario expense ledger; stress injected into Production 1 material and energy
EXP-001925,2026-06-01,生产一部,维修费,18776.31,approved,synthetic_scenario,Scenario expense ledger; stress injected into Production 1 material and energy
EXP-001926,2026-09-01,生产一部,维修费,18539.47,approved,synthetic_scenario,Scenario expense ledger; stress injected into Production 1 material and energy
EXP-001927,2026-08-01,生产二部,直接材料,208018.97,approved,synthetic_scenario,Scenario expense ledger; stress injected into Production 1 material and energy
EXP-001928,2026-07-01,设备部,维修费,12817.5,approved,synthetic_scenario,Scenario expense ledger; stress injected into Production 1 material and energy
EXP-001929,2026-05-01,采购部,直接材料,149569.53,approved,synthetic_scenario,Scenario expense ledger; stress injected into Production 1 material and energy
EXP-001930,2026-02-01,设备部,能源费,25072.38,approved,synthetic_scenario,Scenario expense ledger; stress injected into Production 1 material and energy
EXP-001931,2026-05-01,仓储部,其他制造费,12725.01,approved,synthetic_scenario,Scenario expense ledger; stress injected into Production 1 material and energy
EXP-001932,2026-08-01,采购部,能源费,36865.03,approved,synthetic_scenario,Scenario expense ledger; stress injected into Production 1 material and energy
EXP-001933,2026-09-01,采购部,直接材料,167777.65,approved,synthetic_scenario,Scenario expense ledger; stress injected into Production 1 material and energy
EXP-001934,2026-09-01,生产二部,直接材料,153161.45,approved,synthetic_scenario,Scenario expense ledger; stress injected into Production 1 material and energy
EXP-001935,2026-01-01,生产一部,直接材料,181840.05,approved,synthetic_scenario,Scenario expense ledger; stress injected into Production 1 material and energy
EXP-001936,2026-02-01,生产一部,折旧费,20007.89,approved,synthetic_scenario,Scenario expense ledger; stress injected into Production 1 material and energy
EXP-001937,2026-12-01,质量部,其他制造费,20797.53,approved,synthetic_scenario,Scenario expense ledger; stress injected into Production 1 material and energy
EXP-001938,2026-10-01,设备部,直接材料,174195.47,approved,synthetic_scenario,Scenario expense ledger; stress injected into Production 1 material and energy
EXP-001939,2026-11-01,生产二部,直接材料,231334.23,approved,synthetic_scenario,Scenario expense ledger; stress injected into Production 1 material and energy
EXP-001940,2026-12-01,采购部,维修费,24310.7,approved,synthetic_scenario,Scenario expense ledger; stress injected into Production 1 material and energy
EXP-001941,2026-08-01,生产一部,直接材料,268229.31,approved,synthetic_scenario,Scenario expense ledger; stress injected into Production 1 material and energy
EXP-001942,2026-02-01,质量部,直接材料,122246.29,approved,synthetic_scenario,Scenario expense ledger; stress injected into Production 1 material and energy
EXP-001943,2026-01-01,质量部,维修费,11109.86,approved,synthetic_scenario,Scenario expense ledger; stress injected into Production 1 material and energy
EXP-001944,2026-01-01,生产二部,维修费,12422.68,pending_review,synthetic_scenario,Scenario expense ledger; stress injected into Production 1 material and energy
EXP-001945,2026-04-01,质量部,折旧费,16878.22,approved,synthetic_scenario,Scenario expense ledger; stress injected into Production 1 material and energy
EXP-001946,2026-12-01,生产一部,其他制造费,17098.45,approved,synthetic_scenario,Scenario expense ledger; stress injected into Production 1 material and energy
EXP-001947,2026-06-01,生产二部,直接人工,39588.57,approved,synthetic_scenario,Scenario expense ledger; stress injected into Production 1 material and energy
EXP-001948,2026-11-01,质量部,直接人工,58351.63,approved,synthetic_scenario,Scenario expense ledger; stress injected into Production 1 material and energy
EXP-001949,2026-06-01,采购部,直接人工,46541.13,approved,synthetic_scenario,Scenario expense ledger; stress injected into Production 1 material and energy
EXP-001950,2026-02-01,仓储部,折旧费,21974.82,approved,synthetic_scenario,Scenario expense ledger; stress injected into Production 1 material and energy
EXP-001951,2026-03-01,设备部,直接人工,36521.54,approved,synthetic_scenario,Scenario expense ledger; stress injected into Production 1 material and energy
EXP-001952,2026-10-01,生产二部,其他制造费,14872.69,approved,synthetic_scenario,Scenario expense ledger; stress injected into Production 1 material and energy
EXP-001953,2026-07-01,设备部,折旧费,18137.87,approved,synthetic_scenario,Scenario expense ledger; stress injected into Production 1 material and energy
EXP-001954,2026-03-01,仓储部,其他制造费,13149.21,approved,synthetic_scenario,Scenario expense ledger; stress injected into Production 1 material and energy
EXP-001955,2026-02-01,仓储部,能源费,23128.56,approved,synthetic_scenario,Scenario expense ledger; stress injected into Production 1 material and energy
EXP-001956,2026-08-01,设备部,直接人工,51070.92,approved,synthetic_scenario,Scenario expense ledger; stress injected into Production 1 material and energy
EXP-001957,2026-05-01,仓储部,维修费,14185.84,approved,synthetic_scenario,Scenario expense ledger; stress injected into Production 1 material and energy
EXP-001958,2026-08-01,生产一部,折旧费,33585.52,approved,synthetic_scenario,Scenario expense ledger; stress injected into Production 1 material and energy
EXP-001959,2026-12-01,生产二部,折旧费,31366.65,approved,synthetic_scenario,Scenario expense ledger; stress injected into Production 1 material and energy
EXP-001960,2026-06-01,生产二部,折旧费,22000.5,approved,synthetic_scenario,Scenario expense ledger; stress injected into Production 1 material and energy
EXP-001961,2026-05-01,设备部,其他制造费,13000.86,approved,synthetic_scenario,Scenario expense ledger; stress injected into Production 1 material and energy
EXP-001962,2026-07-01,采购部,直接人工,52946.66,approved,synthetic_scenario,Scenario expense ledger; stress injected into Production 1 material and energy
EXP-001963,2026-03-01,生产一部,折旧费,22767.42,approved,synthetic_scenario,Scenario expense ledger; stress injected into Production 1 material and energy
EXP-001964,2026-03-01,生产二部,直接人工,39509.2,approved,synthetic_scenario,Scenario expense ledger; stress injected into Production 1 material and energy
EXP-001965,2026-11-01,采购部,直接材料,240030.76,approved,synthetic_scenario,Scenario expense ledger; stress injected into Production 1 material and energy
EXP-001966,2026-01-01,仓储部,能源费,23643.04,approved,synthetic_scenario,Scenario expense ledger; stress injected into Production 1 material and energy
EXP-001967,2026-03-01,仓储部,能源费,23929.76,approved,synthetic_scenario,Scenario expense ledger; stress injected into Production 1 material and energy
EXP-001968,2026-02-01,质量部,能源费,23782.53,approved,synthetic_scenario,Scenario expense ledger; stress injected into Production 1 material and energy
EXP-001969,2026-06-01,设备部,其他制造费,11611.61,approved,synthetic_scenario,Scenario expense ledger; stress injected into Production 1 material and energy
EXP-001970,2026-09-01,质量部,其他制造费,19092.95,approved,synthetic_scenario,Scenario expense ledger; stress injected into Production 1 material and energy
EXP-001971,2026-01-01,设备部,折旧费,16621.61,approved,synthetic_scenario,Scenario expense ledger; stress injected into Production 1 material and energy
EXP-001972,2026-03-01,设备部,直接材料,150391.13,approved,synthetic_scenario,Scenario expense ledger; stress injected into Production 1 material and energy
EXP-001973,2026-06-01,设备部,其他制造费,12026.64,pending_review,synthetic_scenario,Scenario expense ledger; stress injected into Production 1 material and energy
EXP-001974,2026-08-01,生产二部,其他制造费,18076.8,approved,synthetic_scenario,Scenario expense ledger; stress injected into Production 1 material and energy
EXP-001975,2026-06-01,质量部,维修费,15993.39,pending_review,synthetic_scenario,Scenario expense ledger; stress injected into Production 1 material and energy
EXP-001976,2026-04-01,采购部,其他制造费,10551.7,approved,synthetic_scenario,Scenario expense ledger; stress injected into Production 1 material and energy
EXP-001977,2026-03-01,设备部,折旧费,18947.77,approved,synthetic_scenario,Scenario expense ledger; stress injected into Production 1 material and energy
EXP-001978,2026-02-01,生产一部,维修费,12435.78,approved,synthetic_scenario,Scenario expense ledger; stress injected into Production 1 material and energy
EXP-001979,2026-11-01,生产一部,维修费,17875.21,approved,synthetic_scenario,Scenario expense ledger; stress injected into Production 1 material and energy
EXP-001980,2026-02-01,生产二部,维修费,13382.95,approved,synthetic_scenario,Scenario expense ledger; stress injected into Production 1 material and energy
EXP-001981,2026-04-01,生产二部,其他制造费,10849.89,approved,synthetic_scenario,Scenario expense ledger; stress injected into Production 1 material and energy
EXP-001982,2026-01-01,生产二部,能源费,25294.35,approved,synthetic_scenario,Scenario expense ledger; stress injected into Production 1 material and energy
EXP-001983,2026-01-01,生产二部,直接材料,124701.86,approved,synthetic_scenario,Scenario expense ledger; stress injected into Production 1 material and energy
EXP-001984,2026-07-01,生产二部,维修费,13131.78,approved,synthetic_scenario,Scenario expense ledger; stress injected into Production 1 material and energy
EXP-001985,2026-06-01,生产一部,直接人工,36882.3,approved,synthetic_scenario,Scenario expense ledger; stress injected into Production 1 material and energy
EXP-001986,2026-04-01,生产一部,其他制造费,12293.68,approved,synthetic_scenario,Scenario expense ledger; stress injected into Production 1 material and energy
EXP-001987,2026-07-01,生产二部,折旧费,25023.31,approved,synthetic_scenario,Scenario expense ledger; stress injected into Production 1 material and energy
EXP-001988,2026-02-01,采购部,折旧费,23009.05,approved,synthetic_scenario,Scenario expense ledger; stress injected into Production 1 material and energy
EXP-001989,2026-08-01,采购部,能源费,33692.78,approved,synthetic_scenario,Scenario expense ledger; stress injected into Production 1 material and energy
EXP-001990,2026-03-01,采购部,能源费,25905.69,approved,synthetic_scenario,Scenario expense ledger; stress injected into Production 1 material and energy
EXP-001991,2026-08-01,质量部,维修费,20442.11,approved,synthetic_scenario,Scenario expense ledger; stress injected into Production 1 material and energy
EXP-001992,2026-05-01,生产二部,折旧费,21536.14,approved,synthetic_scenario,Scenario expense ledger; stress injected into Production 1 material and energy
EXP-001993,2026-05-01,采购部,直接人工,47139.64,approved,synthetic_scenario,Scenario expense ledger; stress injected into Production 1 material and energy
EXP-001994,2026-07-01,仓储部,其他制造费,16275.31,pending_review,synthetic_scenario,Scenario expense ledger; stress injected into Production 1 material and energy
EXP-001995,2026-11-01,仓储部,折旧费,31041.12,approved,synthetic_scenario,Scenario expense ledger; stress injected into Production 1 material and energy
EXP-001996,2026-10-01,生产一部,折旧费,34977.26,approved,synthetic_scenario,Scenario expense ledger; stress injected into Production 1 material and energy
EXP-001997,2026-01-01,生产一部,折旧费,19434.7,approved,synthetic_scenario,Scenario expense ledger; stress injected into Production 1 material and energy
EXP-001998,2026-12-01,仓储部,折旧费,34757.37,approved,synthetic_scenario,Scenario expense ledger; stress injected into Production 1 material and energy
EXP-001999,2026-04-01,采购部,其他制造费,9235.98,approved,synthetic_scenario,Scenario expense ledger; stress injected into Production 1 material and energy
EXP-002000,2026-05-01,仓储部,其他制造费,13455.82,approved,synthetic_scenario,Scenario expense ledger; stress injected into Production 1 material and energy
EXP-002001,2026-08-01,采购部,直接材料,174537.62,pending_review,synthetic_scenario,Scenario expense ledger; stress injected into Production 1 material and energy
EXP-002002,2026-05-01,仓储部,直接材料,125056.75,approved,synthetic_scenario,Scenario expense ledger; stress injected into Production 1 material and energy
EXP-002003,2026-11-01,仓储部,直接材料,237306.13,approved,synthetic_scenario,Scenario expense ledger; stress injected into Production 1 material and energy
EXP-002004,2026-06-01,设备部,维修费,15083.32,approved,synthetic_scenario,Scenario expense ledger; stress injected into Production 1 material and energy
EXP-002005,2026-01-01,生产二部,折旧费,23747.74,approved,synthetic_scenario,Scenario expense ledger; stress injected into Production 1 material and energy
EXP-002006,2026-10-01,质量部,直接人工,61830.95,approved,synthetic_scenario,Scenario expense ledger; stress injected into Production 1 material and energy
EXP-002007,2026-06-01,生产一部,直接人工,30107.22,approved,synthetic_scenario,Scenario expense ledger; stress injected into Production 1 material and energy
EXP-002008,2026-03-01,生产二部,直接材料,126579.52,approved,synthetic_scenario,Scenario expense ledger; stress injected into Production 1 material and energy
EXP-002009,2026-08-01,设备部,维修费,18429.95,approved,synthetic_scenario,Scenario expense ledger; stress injected into Production 1 material and energy
EXP-002010,2026-11-01,设备部,折旧费,30972.75,approved,synthetic_scenario,Scenario expense ledger; stress injected into Production 1 material and energy
EXP-002011,2026-10-01,设备部,其他制造费,17050.16,approved,synthetic_scenario,Scenario expense ledger; stress injected into Production 1 material and energy
EXP-002012,2026-01-01,仓储部,直接材料,149207.24,approved,synthetic_scenario,Scenario expense ledger; stress injected into Production 1 material and energy
EXP-002013,2026-01-01,生产二部,直接人工,31792.9,pending_review,synthetic_scenario,Scenario expense ledger; stress injected into Production 1 material and energy
EXP-002014,2026-01-01,质量部,直接材料,136010.69,approved,synthetic_scenario,Scenario expense ledger; stress injected into Production 1 material and energy
EXP-002015,2026-12-01,仓储部,直接材料,224392.44,approved,synthetic_scenario,Scenario expense ledger; stress injected into Production 1 material and energy
EXP-002016,2026-06-01,生产二部,直接材料,128845.05,approved,synthetic_scenario,Scenario expense ledger; stress injected into Production 1 material and energy
EXP-002017,2026-02-01,仓储部,直接材料,133397.63,approved,synthetic_scenario,Scenario expense ledger; stress injected into Production 1 material and energy
EXP-002018,2026-06-01,仓储部,直接人工,40581.12,approved,synthetic_scenario,Scenario expense ledger; stress injected into Production 1 material and energy
EXP-002019,2026-06-01,采购部,折旧费,23022.51,approved,synthetic_scenario,Scenario expense ledger; stress injected into Production 1 material and energy
EXP-002020,2026-06-01,仓储部,直接材料,158816.86,approved,synthetic_scenario,Scenario expense ledger; stress injected into Production 1 material and energy
EXP-002021,2026-02-01,质量部,维修费,13167.46,pending_review,synthetic_scenario,Scenario expense ledger; stress injected into Production 1 material and energy
EXP-002022,2026-12-01,仓储部,能源费,50154.35,approved,synthetic_scenario,Scenario expense ledger; stress injected into Production 1 material and energy
EXP-002023,2026-09-01,生产一部,维修费,16841.77,approved,synthetic_scenario,Scenario expense ledger; stress injected into Production 1 material and energy
EXP-002024,2026-05-01,生产二部,其他制造费,14716.97,approved,synthetic_scenario,Scenario expense ledger; stress injected into Production 1 material and energy
EXP-002025,2026-12-01,生产二部,能源费,49944.16,approved,synthetic_scenario,Scenario expense ledger; stress injected into Production 1 material and energy
EXP-002026,2026-05-01,仓储部,直接材料,139770.34,approved,synthetic_scenario,Scenario expense ledger; stress injected into Production 1 material and energy
EXP-002027,2026-03-01,质量部,直接人工,37499.4,approved,synthetic_scenario,Scenario expense ledger; stress injected into Production 1 material and energy
EXP-002028,2026-03-01,生产二部,直接材料,118575.16,approved,synthetic_scenario,Scenario expense ledger; stress injected into Production 1 material and energy
EXP-002029,2026-08-01,生产一部,其他制造费,19386.66,approved,synthetic_scenario,Scenario expense ledger; stress injected into Production 1 material and energy
EXP-002030,2026-07-01,生产二部,直接材料,162874.27,approved,synthetic_scenario,Scenario expense ledger; stress injected into Production 1 material and energy
EXP-002031,2026-06-01,生产二部,折旧费,24990.56,approved,synthetic_scenario,Scenario expense ledger; stress injected into Production 1 material and energy
EXP-002032,2026-05-01,生产一部,折旧费,23637.97,approved,synthetic_scenario,Scenario expense ledger; stress injected into Production 1 material and energy
EXP-002033,2026-10-01,质量部,能源费,31781.46,approved,synthetic_scenario,Scenario expense ledger; stress injected into Production 1 material and energy
EXP-002034,2026-02-01,质量部,维修费,14258.88,approved,synthetic_scenario,Scenario expense ledger; stress injected into Production 1 material and energy
EXP-002035,2026-09-01,仓储部,维修费,21659.58,approved,synthetic_scenario,Scenario expense ledger; stress injected into Production 1 material and energy
EXP-002036,2026-07-01,生产一部,能源费,41068.32,approved,synthetic_scenario,Scenario expense ledger; stress injected into Production 1 material and energy
EXP-002037,2026-05-01,设备部,其他制造费,11351.12,approved,synthetic_scenario,Scenario expense ledger; stress injected into Production 1 material and energy
EXP-002038,2026-02-01,质量部,直接材料,147170.72,approved,synthetic_scenario,Scenario expense ledger; stress injected into Production 1 material and energy
EXP-002039,2026-02-01,仓储部,维修费,13959.05,approved,synthetic_scenario,Scenario expense ledger; stress injected into Production 1 material and energy
EXP-002040,2026-07-01,质量部,折旧费,26620.38,approved,synthetic_scenario,Scenario expense ledger; stress injected into Production 1 material and energy
EXP-002041,2026-04-01,仓储部,直接人工,32034.09,approved,synthetic_scenario,Scenario expense ledger; stress injected into Production 1 material and energy
EXP-002042,2026-02-01,仓储部,维修费,12583.26,approved,synthetic_scenario,Scenario expense ledger; stress injected into Production 1 material and energy
EXP-002043,2026-04-01,生产二部,直接人工,41280.47,pending_review,synthetic_scenario,Scenario expense ledger; stress injected into Production 1 material and energy
EXP-002044,2026-04-01,生产一部,直接人工,39350.19,approved,synthetic_scenario,Scenario expense ledger; stress injected into Production 1 material and energy
EXP-002045,2026-04-01,生产二部,维修费,13315.22,approved,synthetic_scenario,Scenario expense ledger; stress injected into Production 1 material and energy
EXP-002046,2026-09-01,采购部,其他制造费,18285.69,approved,synthetic_scenario,Scenario expense ledger; stress injected into Production 1 material and energy
EXP-002047,2026-10-01,设备部,折旧费,34351.44,approved,synthetic_scenario,Scenario expense ledger; stress injected into Production 1 material and energy
EXP-002048,2026-11-01,质量部,折旧费,40546.0,approved,synthetic_scenario,Scenario expense ledger; stress injected into Production 1 material and energy
EXP-002049,2026-01-01,生产二部,能源费,24123.03,approved,synthetic_scenario,Scenario expense ledger; stress injected into Production 1 material and energy
EXP-002050,2026-11-01,采购部,能源费,36591.02,approved,synthetic_scenario,Scenario expense ledger; stress injected into Production 1 material and energy
EXP-002051,2026-08-01,生产一部,直接材料,295142.07,approved,synthetic_scenario,Scenario expense ledger; stress injected into Production 1 material and energy
EXP-002052,2026-03-01,设备部,折旧费,21118.52,approved,synthetic_scenario,Scenario expense ledger; stress injected into Production 1 material and energy
EXP-002053,2026-05-01,生产一部,直接材料,230156.97,approved,synthetic_scenario,Scenario expense ledger; stress injected into Production 1 material and energy
EXP-002054,2026-12-01,设备部,能源费,48469.8,approved,synthetic_scenario,Scenario expense ledger; stress injected into Production 1 material and energy
EXP-002055,2026-11-01,生产二部,直接材料,212082.89,approved,synthetic_scenario,Scenario expense ledger; stress injected into Production 1 material and energy
EXP-002056,2026-07-01,仓储部,直接人工,46689.26,approved,synthetic_scenario,Scenario expense ledger; stress injected into Production 1 material and energy
EXP-002057,2026-08-01,仓储部,直接人工,51516.16,approved,synthetic_scenario,Scenario expense ledger; stress injected into Production 1 material and energy
EXP-002058,2026-08-01,设备部,折旧费,39577.9,approved,synthetic_scenario,Scenario expense ledger; stress injected into Production 1 material and energy
EXP-002059,2026-10-01,设备部,折旧费,31669.94,approved,synthetic_scenario,Scenario expense ledger; stress injected into Production 1 material and energy
EXP-002060,2026-10-01,生产二部,其他制造费,15059.88,approved,synthetic_scenario,Scenario expense ledger; stress injected into Production 1 material and energy
EXP-002061,2026-03-01,仓储部,直接材料,148985.95,approved,synthetic_scenario,Scenario expense ledger; stress injected into Production 1 material and energy
EXP-002062,2026-02-01,生产一部,折旧费,21375.99,approved,synthetic_scenario,Scenario expense ledger; stress injected into Production 1 material and energy
EXP-002063,2026-09-01,仓储部,维修费,18582.44,pending_review,synthetic_scenario,Scenario expense ledger; stress injected into Production 1 material and energy
EXP-002064,2026-01-01,质量部,折旧费,19121.15,approved,synthetic_scenario,Scenario expense ledger; stress injected into Production 1 material and energy
EXP-002065,2026-04-01,仓储部,直接人工,35704.8,approved,synthetic_scenario,Scenario expense ledger; stress injected into Production 1 material and energy
EXP-002066,2026-05-01,生产一部,维修费,14535.68,approved,synthetic_scenario,Scenario expense ledger; stress injected into Production 1 material and energy
EXP-002067,2026-05-01,采购部,直接人工,52373.25,approved,synthetic_scenario,Scenario expense ledger; stress injected into Production 1 material and energy
EXP-002068,2026-05-01,生产一部,其他制造费,11273.08,approved,synthetic_scenario,Scenario expense ledger; stress injected into Production 1 material and energy
EXP-002069,2026-06-01,生产二部,维修费,14016.09,approved,synthetic_scenario,Scenario expense ledger; stress injected into Production 1 material and energy
EXP-002070,2026-02-01,生产一部,直接材料,178364.65,approved,synthetic_scenario,Scenario expense ledger; stress injected into Production 1 material and energy
EXP-002071,2026-08-01,生产二部,维修费,19917.97,approved,synthetic_scenario,Scenario expense ledger; stress injected into Production 1 material and energy
EXP-002072,2026-07-01,仓储部,直接人工,44292.58,approved,synthetic_scenario,Scenario expense ledger; stress injected into Production 1 material and energy
EXP-002073,2026-11-01,仓储部,能源费,41022.46,approved,synthetic_scenario,Scenario expense ledger; stress injected into Production 1 material and energy
EXP-002074,2026-05-01,采购部,直接材料,158815.85,approved,synthetic_scenario,Scenario expense ledger; stress injected into Production 1 material and energy
EXP-002075,2026-03-01,采购部,直接材料,143309.71,approved,synthetic_scenario,Scenario expense ledger; stress injected into Production 1 material and energy
EXP-002076,2026-08-01,仓储部,维修费,20213.95,approved,synthetic_scenario,Scenario expense ledger; stress injected into Production 1 material and energy
EXP-002077,2026-02-01,生产一部,维修费,11182.24,approved,synthetic_scenario,Scenario expense ledger; stress injected into Production 1 material and energy
EXP-002078,2026-05-01,采购部,折旧费,27155.93,approved,synthetic_scenario,Scenario expense ledger; stress injected into Production 1 material and energy
EXP-002079,2026-09-01,设备部,能源费,45974.68,approved,synthetic_scenario,Scenario expense ledger; stress injected into Production 1 material and energy
EXP-002080,2026-10-01,质量部,能源费,33109.11,approved,synthetic_scenario,Scenario expense ledger; stress injected into Production 1 material and energy
EXP-002081,2026-12-01,生产二部,维修费,21370.76,approved,synthetic_scenario,Scenario expense ledger; stress injected into Production 1 material and energy
EXP-002082,2026-11-01,生产二部,其他制造费,16694.72,approved,synthetic_scenario,Scenario expense ledger; stress injected into Production 1 material and energy
EXP-002083,2026-09-01,生产二部,能源费,34819.65,approved,synthetic_scenario,Scenario expense ledger; stress injected into Production 1 material and energy
EXP-002084,2026-11-01,仓储部,直接人工,67534.42,approved,synthetic_scenario,Scenario expense ledger; stress injected into Production 1 material and energy
EXP-002085,2026-09-01,采购部,折旧费,24890.12,approved,synthetic_scenario,Scenario expense ledger; stress injected into Production 1 material and energy
EXP-002086,2026-05-01,生产一部,直接材料,247047.06,approved,synthetic_scenario,Scenario expense ledger; stress injected into Production 1 material and energy
EXP-002087,2026-04-01,生产二部,折旧费,20538.55,approved,synthetic_scenario,Scenario expense ledger; stress injected into Production 1 material and energy
EXP-002088,2026-11-01,仓储部,折旧费,30029.18,approved,synthetic_scenario,Scenario expense ledger; stress injected into Production 1 material and energy
EXP-002089,2026-04-01,仓储部,能源费,28288.33,approved,synthetic_scenario,Scenario expense ledger; stress injected into Production 1 material and energy
EXP-002090,2026-07-01,生产二部,能源费,27007.67,approved,synthetic_scenario,Scenario expense ledger; stress injected into Production 1 material and energy
EXP-002091,2026-12-01,生产一部,能源费,63804.04,approved,synthetic_scenario,Scenario expense ledger; stress injected into Production 1 material and energy
EXP-002092,2026-12-01,质量部,折旧费,40195.27,approved,synthetic_scenario,Scenario expense ledger; stress injected into Production 1 material and energy
EXP-002093,2026-01-01,采购部,直接材料,100473.73,approved,synthetic_scenario,Scenario expense ledger; stress injected into Production 1 material and energy
EXP-002094,2026-12-01,仓储部,能源费,56085.5,approved,synthetic_scenario,Scenario expense ledger; stress injected into Production 1 material and energy
EXP-002095,2026-08-01,采购部,其他制造费,15016.56,approved,synthetic_scenario,Scenario expense ledger; stress injected into Production 1 material and energy
EXP-002096,2026-02-01,仓储部,直接材料,110176.83,approved,synthetic_scenario,Scenario expense ledger; stress injected into Production 1 material and energy
EXP-002097,2026-11-01,采购部,维修费,22573.68,approved,synthetic_scenario,Scenario expense ledger; stress injected into Production 1 material and energy
EXP-002098,2026-02-01,设备部,其他制造费,8990.93,approved,synthetic_scenario,Scenario expense ledger; stress injected into Production 1 material and energy
EXP-002099,2026-01-01,质量部,能源费,22460.19,approved,synthetic_scenario,Scenario expense ledger; stress injected into Production 1 material and energy
EXP-002100,2026-09-01,仓储部,折旧费,33190.94,approved,synthetic_scenario,Scenario expense ledger; stress injected into Production 1 material and energy
EXP-002101,2026-04-01,设备部,维修费,14673.2,approved,synthetic_scenario,Scenario expense ledger; stress injected into Production 1 material and energy
EXP-002102,2026-01-01,采购部,能源费,24031.09,approved,synthetic_scenario,Scenario expense ledger; stress injected into Production 1 material and energy
EXP-002103,2026-12-01,生产二部,其他制造费,22026.5,approved,synthetic_scenario,Scenario expense ledger; stress injected into Production 1 material and energy
EXP-002104,2026-04-01,设备部,直接人工,38558.25,approved,synthetic_scenario,Scenario expense ledger; stress injected into Production 1 material and energy
EXP-002105,2026-06-01,采购部,维修费,15013.75,approved,synthetic_scenario,Scenario expense ledger; stress injected into Production 1 material and energy
EXP-002106,2026-12-01,生产一部,直接人工,62673.53,pending_review,synthetic_scenario,Scenario expense ledger; stress injected into Production 1 material and energy
EXP-002107,2026-07-01,采购部,直接人工,64618.58,approved,synthetic_scenario,Scenario expense ledger; stress injected into Production 1 material and energy
EXP-002108,2026-06-01,质量部,维修费,19240.74,approved,synthetic_scenario,Scenario expense ledger; stress injected into Production 1 material and energy
EXP-002109,2026-03-01,质量部,直接人工,45433.74,approved,synthetic_scenario,Scenario expense ledger; stress injected into Production 1 material and energy
EXP-002110,2026-04-01,采购部,其他制造费,10643.66,approved,synthetic_scenario,Scenario expense ledger; stress injected into Production 1 material and energy
EXP-002111,2026-03-01,仓储部,能源费,28971.94,approved,synthetic_scenario,Scenario expense ledger; stress injected into Production 1 material and energy
EXP-002112,2026-05-01,生产一部,其他制造费,13330.74,approved,synthetic_scenario,Scenario expense ledger; stress injected into Production 1 material and energy
EXP-002113,2026-04-01,设备部,折旧费,24774.49,approved,synthetic_scenario,Scenario expense ledger; stress injected into Production 1 material and energy
EXP-002114,2026-09-01,生产一部,直接人工,56175.54,approved,synthetic_scenario,Scenario expense ledger; stress injected into Production 1 material and energy
EXP-002115,2026-12-01,生产一部,直接人工,70248.48,approved,synthetic_scenario,Scenario expense ledger; stress injected into Production 1 material and energy
EXP-002116,2026-10-01,仓储部,其他制造费,19060.49,approved,synthetic_scenario,Scenario expense ledger; stress injected into Production 1 material and energy
EXP-002117,2026-05-01,生产二部,直接材料,148543.96,approved,synthetic_scenario,Scenario expense ledger; stress injected into Production 1 material and energy
EXP-002118,2026-04-01,质量部,直接人工,36546.03,approved,synthetic_scenario,Scenario expense ledger; stress injected into Production 1 material and energy
EXP-002119,2026-04-01,生产一部,能源费,48371.81,approved,synthetic_scenario,Scenario expense ledger; stress injected into Production 1 material and energy
EXP-002120,2026-09-01,生产二部,直接材料,186455.38,approved,synthetic_scenario,Scenario expense ledger; stress injected into Production 1 material and energy
EXP-002121,2026-03-01,设备部,维修费,10706.81,approved,synthetic_scenario,Scenario expense ledger; stress injected into Production 1 material and energy
EXP-002122,2026-04-01,仓储部,能源费,27550.91,approved,synthetic_scenario,Scenario expense ledger; stress injected into Production 1 material and energy
EXP-002123,2026-03-01,采购部,直接材料,119050.26,approved,synthetic_scenario,Scenario expense ledger; stress injected into Production 1 material and energy
EXP-002124,2026-09-01,生产一部,其他制造费,13154.8,approved,synthetic_scenario,Scenario expense ledger; stress injected into Production 1 material and energy
EXP-002125,2026-08-01,生产一部,折旧费,32382.97,approved,synthetic_scenario,Scenario expense ledger; stress injected into Production 1 material and energy
EXP-002126,2026-01-01,质量部,折旧费,21196.64,approved,synthetic_scenario,Scenario expense ledger; stress injected into Production 1 material and energy
EXP-002127,2026-10-01,生产二部,直接材料,238303.73,approved,synthetic_scenario,Scenario expense ledger; stress injected into Production 1 material and energy
EXP-002128,2026-08-01,生产一部,能源费,57603.19,approved,synthetic_scenario,Scenario expense ledger; stress injected into Production 1 material and energy
EXP-002129,2026-07-01,设备部,直接材料,149886.66,approved,synthetic_scenario,Scenario expense ledger; stress injected into Production 1 material and energy
EXP-002130,2026-09-01,生产二部,其他制造费,16863.48,approved,synthetic_scenario,Scenario expense ledger; stress injected into Production 1 material and energy
EXP-002131,2026-09-01,仓储部,直接人工,68121.2,approved,synthetic_scenario,Scenario expense ledger; stress injected into Production 1 material and energy
EXP-002132,2026-07-01,生产二部,直接人工,41270.92,approved,synthetic_scenario,Scenario expense ledger; stress injected into Production 1 material and energy
EXP-002133,2026-10-01,生产二部,维修费,18219.94,approved,synthetic_scenario,Scenario expense ledger; stress injected into Production 1 material and energy
EXP-002134,2026-08-01,采购部,直接材料,183522.74,approved,synthetic_scenario,Scenario expense ledger; stress injected into Production 1 material and energy
EXP-002135,2026-04-01,生产一部,能源费,41346.45,approved,synthetic_scenario,Scenario expense ledger; stress injected into Production 1 material and energy
EXP-002136,2026-07-01,生产一部,能源费,45045.62,approved,synthetic_scenario,Scenario expense ledger; stress injected into Production 1 material and energy
EXP-002137,2026-10-01,生产二部,能源费,37342.0,approved,synthetic_scenario,Scenario expense ledger; stress injected into Production 1 material and energy
EXP-002138,2026-07-01,生产一部,折旧费,26890.8,approved,synthetic_scenario,Scenario expense ledger; stress injected into Production 1 material and energy
EXP-002139,2026-07-01,生产一部,维修费,17452.51,approved,synthetic_scenario,Scenario expense ledger; stress injected into Production 1 material and energy
EXP-002140,2026-08-01,质量部,维修费,17638.9,approved,synthetic_scenario,Scenario expense ledger; stress injected into Production 1 material and energy
EXP-002141,2026-08-01,仓储部,直接材料,221787.08,approved,synthetic_scenario,Scenario expense ledger; stress injected into Production 1 material and energy
EXP-002142,2026-01-01,采购部,直接材料,127862.13,approved,synthetic_scenario,Scenario expense ledger; stress injected into Production 1 material and energy
EXP-002143,2026-11-01,生产二部,能源费,44628.33,approved,synthetic_scenario,Scenario expense ledger; stress injected into Production 1 material and energy
EXP-002144,2026-11-01,设备部,直接人工,55330.21,approved,synthetic_scenario,Scenario expense ledger; stress injected into Production 1 material and energy
EXP-002145,2026-01-01,生产一部,折旧费,22666.14,approved,synthetic_scenario,Scenario expense ledger; stress injected into Production 1 material and energy
EXP-002146,2026-09-01,质量部,直接材料,195189.93,approved,synthetic_scenario,Scenario expense ledger; stress injected into Production 1 material and energy
EXP-002147,2026-06-01,采购部,能源费,26583.76,approved,synthetic_scenario,Scenario expense ledger; stress injected into Production 1 material and energy
EXP-002148,2026-04-01,生产一部,维修费,12666.88,approved,synthetic_scenario,Scenario expense ledger; stress injected into Production 1 material and energy
EXP-002149,2026-06-01,仓储部,其他制造费,12399.06,approved,synthetic_scenario,Scenario expense ledger; stress injected into Production 1 material and energy
EXP-002150,2026-12-01,生产二部,折旧费,36331.38,approved,synthetic_scenario,Scenario expense ledger; stress injected into Production 1 material and energy
EXP-002151,2026-09-01,设备部,直接材料,207337.67,approved,synthetic_scenario,Scenario expense ledger; stress injected into Production 1 material and energy
EXP-002152,2026-06-01,质量部,折旧费,22111.78,approved,synthetic_scenario,Scenario expense ledger; stress injected into Production 1 material and energy
EXP-002153,2026-08-01,质量部,维修费,19383.6,approved,synthetic_scenario,Scenario expense ledger; stress injected into Production 1 material and energy
EXP-002154,2026-11-01,质量部,直接材料,257384.91,approved,synthetic_scenario,Scenario expense ledger; stress injected into Production 1 material and energy
EXP-002155,2026-05-01,设备部,其他制造费,12778.62,approved,synthetic_scenario,Scenario expense ledger; stress injected into Production 1 material and energy
EXP-002156,2026-01-01,质量部,能源费,30780.47,approved,synthetic_scenario,Scenario expense ledger; stress injected into Production 1 material and energy
EXP-002157,2026-01-01,仓储部,直接人工,35155.39,approved,synthetic_scenario,Scenario expense ledger; stress injected into Production 1 material and energy
EXP-002158,2026-09-01,生产二部,能源费,39522.03,approved,synthetic_scenario,Scenario expense ledger; stress injected into Production 1 material and energy
EXP-002159,2026-05-01,生产一部,能源费,54967.78,approved,synthetic_scenario,Scenario expense ledger; stress injected into Production 1 material and energy
EXP-002160,2026-06-01,质量部,其他制造费,12188.72,approved,synthetic_scenario,Scenario expense ledger; stress injected into Production 1 material and energy
EXP-002161,2026-03-01,生产一部,折旧费,24331.2,approved,synthetic_scenario,Scenario expense ledger; stress injected into Production 1 material and energy
EXP-002162,2026-07-01,生产二部,直接人工,42842.08,approved,synthetic_scenario,Scenario expense ledger; stress injected into Production 1 material and energy
EXP-002163,2026-10-01,设备部,能源费,36917.45,approved,synthetic_scenario,Scenario expense ledger; stress injected into Production 1 material and energy
EXP-002164,2026-05-01,质量部,直接人工,44726.45,approved,synthetic_scenario,Scenario expense ledger; stress injected into Production 1 material and energy
EXP-002165,2026-01-01,设备部,折旧费,16353.88,approved,synthetic_scenario,Scenario expense ledger; stress injected into Production 1 material and energy
EXP-002166,2026-05-01,设备部,维修费,14945.65,approved,synthetic_scenario,Scenario expense ledger; stress injected into Production 1 material and energy
EXP-002167,2026-06-01,生产一部,能源费,41124.12,approved,synthetic_scenario,Scenario expense ledger; stress injected into Production 1 material and energy
EXP-002168,2026-12-01,采购部,维修费,22001.76,approved,synthetic_scenario,Scenario expense ledger; stress injected into Production 1 material and energy
EXP-002169,2026-07-01,生产一部,折旧费,32735.48,approved,synthetic_scenario,Scenario expense ledger; stress injected into Production 1 material and energy
EXP-002170,2026-10-01,仓储部,能源费,34601.23,approved,synthetic_scenario,Scenario expense ledger; stress injected into Production 1 material and energy
EXP-002171,2026-12-01,仓储部,折旧费,29381.29,approved,synthetic_scenario,Scenario expense ledger; stress injected into Production 1 material and energy
EXP-002172,2026-02-01,仓储部,折旧费,24113.18,approved,synthetic_scenario,Scenario expense ledger; stress injected into Production 1 material and energy
EXP-002173,2026-03-01,仓储部,直接材料,148770.37,approved,synthetic_scenario,Scenario expense ledger; stress injected into Production 1 material and energy
EXP-002174,2026-02-01,采购部,直接材料,110740.47,approved,synthetic_scenario,Scenario expense ledger; stress injected into Production 1 material and energy
EXP-002175,2026-08-01,采购部,折旧费,25798.22,approved,synthetic_scenario,Scenario expense ledger; stress injected into Production 1 material and energy
EXP-002176,2026-10-01,生产二部,直接材料,207466.92,approved,synthetic_scenario,Scenario expense ledger; stress injected into Production 1 material and energy
EXP-002177,2026-10-01,质量部,直接材料,199331.42,approved,synthetic_scenario,Scenario expense ledger; stress injected into Production 1 material and energy
EXP-002178,2026-09-01,质量部,直接人工,73134.28,approved,synthetic_scenario,Scenario expense ledger; stress injected into Production 1 material and energy
EXP-002179,2026-11-01,采购部,折旧费,35560.73,approved,synthetic_scenario,Scenario expense ledger; stress injected into Production 1 material and energy
EXP-002180,2026-07-01,仓储部,直接人工,39288.54,approved,synthetic_scenario,Scenario expense ledger; stress injected into Production 1 material and energy
EXP-002181,2026-04-01,生产二部,直接材料,120728.73,approved,synthetic_scenario,Scenario expense ledger; stress injected into Production 1 material and energy
EXP-002182,2026-01-01,设备部,其他制造费,10825.8,approved,synthetic_scenario,Scenario expense ledger; stress injected into Production 1 material and energy
EXP-002183,2026-12-01,设备部,能源费,44121.16,approved,synthetic_scenario,Scenario expense ledger; stress injected into Production 1 material and energy
EXP-002184,2026-10-01,仓储部,折旧费,35419.46,pending_review,synthetic_scenario,Scenario expense ledger; stress injected into Production 1 material and energy
EXP-002185,2026-02-01,质量部,其他制造费,11560.5,approved,synthetic_scenario,Scenario expense ledger; stress injected into Production 1 material and energy
EXP-002186,2026-04-01,质量部,直接材料,148313.95,approved,synthetic_scenario,Scenario expense ledger; stress injected into Production 1 material and energy
EXP-002187,2026-04-01,采购部,维修费,11849.95,approved,synthetic_scenario,Scenario expense ledger; stress injected into Production 1 material and energy
EXP-002188,2026-04-01,质量部,折旧费,17414.16,approved,synthetic_scenario,Scenario expense ledger; stress injected into Production 1 material and energy
EXP-002189,2026-05-01,仓储部,能源费,27181.66,approved,synthetic_scenario,Scenario expense ledger; stress injected into Production 1 material and energy
EXP-002190,2026-06-01,仓储部,维修费,14738.42,approved,synthetic_scenario,Scenario expense ledger; stress injected into Production 1 material and energy
EXP-002191,2026-10-01,仓储部,维修费,20822.49,approved,synthetic_scenario,Scenario expense ledger; stress injected into Production 1 material and energy
EXP-002192,2026-11-01,质量部,直接材料,252614.85,approved,synthetic_scenario,Scenario expense ledger; stress injected into Production 1 material and energy
EXP-002193,2026-08-01,设备部,其他制造费,18269.45,approved,synthetic_scenario,Scenario expense ledger; stress injected into Production 1 material and energy
EXP-002194,2026-06-01,采购部,直接人工,36810.69,approved,synthetic_scenario,Scenario expense ledger; stress injected into Production 1 material and energy
EXP-002195,2026-02-01,设备部,折旧费,28668.74,approved,synthetic_scenario,Scenario expense ledger; stress injected into Production 1 material and energy
EXP-002196,2026-05-01,生产二部,直接人工,36068.78,approved,synthetic_scenario,Scenario expense ledger; stress injected into Production 1 material and energy
EXP-002197,2026-01-01,生产二部,直接材料,146848.19,approved,synthetic_scenario,Scenario expense ledger; stress injected into Production 1 material and energy
EXP-002198,2026-07-01,仓储部,其他制造费,15213.69,approved,synthetic_scenario,Scenario expense ledger; stress injected into Production 1 material and energy
EXP-002199,2026-05-01,仓储部,能源费,33197.35,approved,synthetic_scenario,Scenario expense ledger; stress injected into Production 1 material and energy
EXP-002200,2026-02-01,仓储部,其他制造费,9697.63,approved,synthetic_scenario,Scenario expense ledger; stress injected into Production 1 material and energy
EXP-002201,2026-11-01,设备部,能源费,37832.84,approved,synthetic_scenario,Scenario expense ledger; stress injected into Production 1 material and energy
EXP-002202,2026-12-01,采购部,直接人工,65737.73,approved,synthetic_scenario,Scenario expense ledger; stress injected into Production 1 material and energy
EXP-002203,2026-02-01,质量部,能源费,23566.93,approved,synthetic_scenario,Scenario expense ledger; stress injected into Production 1 material and energy
EXP-002204,2026-02-01,质量部,折旧费,19438.73,approved,synthetic_scenario,Scenario expense ledger; stress injected into Production 1 material and energy
EXP-002205,2026-05-01,质量部,直接材料,127479.49,approved,synthetic_scenario,Scenario expense ledger; stress injected into Production 1 material and energy
EXP-002206,2026-06-01,采购部,直接人工,36036.83,approved,synthetic_scenario,Scenario expense ledger; stress injected into Production 1 material and energy
EXP-002207,2026-05-01,仓储部,直接人工,35440.23,approved,synthetic_scenario,Scenario expense ledger; stress injected into Production 1 material and energy
EXP-002208,2026-02-01,设备部,直接人工,33663.39,approved,synthetic_scenario,Scenario expense ledger; stress injected into Production 1 material and energy
EXP-002209,2026-04-01,仓储部,折旧费,23956.44,approved,synthetic_scenario,Scenario expense ledger; stress injected into Production 1 material and energy
EXP-002210,2026-11-01,质量部,维修费,19798.44,approved,synthetic_scenario,Scenario expense ledger; stress injected into Production 1 material and energy
EXP-002211,2026-04-01,设备部,直接材料,131289.96,approved,synthetic_scenario,Scenario expense ledger; stress injected into Production 1 material and energy
EXP-002212,2026-08-01,质量部,直接材料,207440.39,approved,synthetic_scenario,Scenario expense ledger; stress injected into Production 1 material and energy
EXP-002213,2026-03-01,设备部,直接材料,141922.58,approved,synthetic_scenario,Scenario expense ledger; stress injected into Production 1 material and energy
EXP-002214,2026-01-01,采购部,维修费,12827.42,approved,synthetic_scenario,Scenario expense ledger; stress injected into Production 1 material and energy
EXP-002215,2026-08-01,生产一部,直接材料,268361.26,approved,synthetic_scenario,Scenario expense ledger; stress injected into Production 1 material and energy
EXP-002216,2026-01-01,采购部,其他制造费,10722.7,approved,synthetic_scenario,Scenario expense ledger; stress injected into Production 1 material and energy
EXP-002217,2026-10-01,采购部,其他制造费,17555.94,approved,synthetic_scenario,Scenario expense ledger; stress injected into Production 1 material and energy
EXP-002218,2026-04-01,生产一部,其他制造费,9227.22,approved,synthetic_scenario,Scenario expense ledger; stress injected into Production 1 material and energy
EXP-002219,2026-04-01,采购部,直接材料,125972.48,approved,synthetic_scenario,Scenario expense ledger; stress injected into Production 1 material and energy
EXP-002220,2026-05-01,采购部,其他制造费,13311.21,approved,synthetic_scenario,Scenario expense ledger; stress injected into Production 1 material and energy
EXP-002221,2026-10-01,采购部,能源费,37078.68,approved,synthetic_scenario,Scenario expense ledger; stress injected into Production 1 material and energy
EXP-002222,2026-02-01,生产二部,折旧费,19838.28,approved,synthetic_scenario,Scenario expense ledger; stress injected into Production 1 material and energy
EXP-002223,2026-12-01,质量部,能源费,38582.6,approved,synthetic_scenario,Scenario expense ledger; stress injected into Production 1 material and energy
EXP-002224,2026-04-01,生产二部,折旧费,23382.37,approved,synthetic_scenario,Scenario expense ledger; stress injected into Production 1 material and energy
EXP-002225,2026-06-01,仓储部,折旧费,25552.77,approved,synthetic_scenario,Scenario expense ledger; stress injected into Production 1 material and energy
EXP-002226,2026-01-01,设备部,维修费,10509.42,approved,synthetic_scenario,Scenario expense ledger; stress injected into Production 1 material and energy
EXP-002227,2026-05-01,生产一部,其他制造费,9874.27,approved,synthetic_scenario,Scenario expense ledger; stress injected into Production 1 material and energy
EXP-002228,2026-06-01,生产一部,其他制造费,10511.12,approved,synthetic_scenario,Scenario expense ledger; stress injected into Production 1 material and energy
EXP-002229,2026-05-01,采购部,维修费,12616.3,approved,synthetic_scenario,Scenario expense ledger; stress injected into Production 1 material and energy
EXP-002230,2026-04-01,设备部,直接人工,37273.52,approved,synthetic_scenario,Scenario expense ledger; stress injected into Production 1 material and energy
EXP-002231,2026-02-01,采购部,直接人工,38306.99,approved,synthetic_scenario,Scenario expense ledger; stress injected into Production 1 material and energy
EXP-002232,2026-08-01,生产二部,能源费,39038.33,approved,synthetic_scenario,Scenario expense ledger; stress injected into Production 1 material and energy
EXP-002233,2026-12-01,生产一部,直接材料,271534.08,approved,synthetic_scenario,Scenario expense ledger; stress injected into Production 1 material and energy
EXP-002234,2026-05-01,生产一部,直接材料,219548.64,approved,synthetic_scenario,Scenario expense ledger; stress injected into Production 1 material and energy
EXP-002235,2026-09-01,设备部,直接人工,61670.52,approved,synthetic_scenario,Scenario expense ledger; stress injected into Production 1 material and energy
EXP-002236,2026-12-01,质量部,维修费,20014.39,approved,synthetic_scenario,Scenario expense ledger; stress injected into Production 1 material and energy
EXP-002237,2026-05-01,质量部,折旧费,25361.06,approved,synthetic_scenario,Scenario expense ledger; stress injected into Production 1 material and energy
EXP-002238,2026-01-01,采购部,折旧费,24580.28,approved,synthetic_scenario,Scenario expense ledger; stress injected into Production 1 material and energy
EXP-002239,2026-04-01,仓储部,折旧费,25018.64,approved,synthetic_scenario,Scenario expense ledger; stress injected into Production 1 material and energy
EXP-002240,2026-02-01,仓储部,直接人工,30413.55,approved,synthetic_scenario,Scenario expense ledger; stress injected into Production 1 material and energy
EXP-002241,2026-12-01,仓储部,维修费,19007.88,approved,synthetic_scenario,Scenario expense ledger; stress injected into Production 1 material and energy
EXP-002242,2026-02-01,仓储部,其他制造费,9074.3,approved,synthetic_scenario,Scenario expense ledger; stress injected into Production 1 material and energy
EXP-002243,2026-12-01,生产二部,维修费,18592.73,approved,synthetic_scenario,Scenario expense ledger; stress injected into Production 1 material and energy
EXP-002244,2026-07-01,质量部,折旧费,25243.83,approved,synthetic_scenario,Scenario expense ledger; stress injected into Production 1 material and energy
EXP-002245,2026-06-01,采购部,能源费,28261.72,approved,synthetic_scenario,Scenario expense ledger; stress injected into Production 1 material and energy
EXP-002246,2026-07-01,设备部,其他制造费,12650.24,approved,synthetic_scenario,Scenario expense ledger; stress injected into Production 1 material and energy
EXP-002247,2026-11-01,采购部,直接材料,221243.68,approved,synthetic_scenario,Scenario expense ledger; stress injected into Production 1 material and energy
EXP-002248,2026-05-01,生产二部,直接人工,46814.29,pending_review,synthetic_scenario,Scenario expense ledger; stress injected into Production 1 material and energy
EXP-002249,2026-06-01,仓储部,维修费,14498.19,approved,synthetic_scenario,Scenario expense ledger; stress injected into Production 1 material and energy
EXP-002250,2026-08-01,仓储部,直接人工,55241.73,approved,synthetic_scenario,Scenario expense ledger; stress injected into Production 1 material and energy
EXP-002251,2026-02-01,生产二部,直接人工,45526.04,approved,synthetic_scenario,Scenario expense ledger; stress injected into Production 1 material and energy
EXP-002252,2026-11-01,质量部,维修费,23941.04,pending_review,synthetic_scenario,Scenario expense ledger; stress injected into Production 1 material and energy
EXP-002253,2026-03-01,生产一部,能源费,40726.21,approved,synthetic_scenario,Scenario expense ledger; stress injected into Production 1 material and energy
EXP-002254,2026-02-01,采购部,直接人工,46723.33,approved,synthetic_scenario,Scenario expense ledger; stress injected into Production 1 material and energy
EXP-002255,2026-12-01,仓储部,直接人工,55571.83,approved,synthetic_scenario,Scenario expense ledger; stress injected into Production 1 material and energy
EXP-002256,2026-07-01,生产二部,维修费,15142.87,approved,synthetic_scenario,Scenario expense ledger; stress injected into Production 1 material and energy
EXP-002257,2026-07-01,设备部,折旧费,20333.95,approved,synthetic_scenario,Scenario expense ledger; stress injected into Production 1 material and energy
EXP-002258,2026-08-01,质量部,直接人工,60104.41,approved,synthetic_scenario,Scenario expense ledger; stress injected into Production 1 material and energy
EXP-002259,2026-01-01,生产二部,直接人工,33702.49,approved,synthetic_scenario,Scenario expense ledger; stress injected into Production 1 material and energy
EXP-002260,2026-06-01,仓储部,直接材料,118376.28,approved,synthetic_scenario,Scenario expense ledger; stress injected into Production 1 material and energy
EXP-002261,2026-12-01,采购部,折旧费,40443.11,approved,synthetic_scenario,Scenario expense ledger; stress injected into Production 1 material and energy
EXP-002262,2026-02-01,质量部,直接人工,31743.27,approved,synthetic_scenario,Scenario expense ledger; stress injected into Production 1 material and energy
EXP-002263,2026-10-01,生产一部,维修费,20587.79,approved,synthetic_scenario,Scenario expense ledger; stress injected into Production 1 material and energy
EXP-002264,2026-03-01,采购部,能源费,25556.63,approved,synthetic_scenario,Scenario expense ledger; stress injected into Production 1 material and energy
EXP-002265,2026-12-01,设备部,能源费,49083.07,approved,synthetic_scenario,Scenario expense ledger; stress injected into Production 1 material and energy
EXP-002266,2026-01-01,采购部,折旧费,22288.85,approved,synthetic_scenario,Scenario expense ledger; stress injected into Production 1 material and energy
EXP-002267,2026-04-01,设备部,能源费,31959.32,approved,synthetic_scenario,Scenario expense ledger; stress injected into Production 1 material and energy
EXP-002268,2026-06-01,仓储部,直接人工,42929.93,pending_review,synthetic_scenario,Scenario expense ledger; stress injected into Production 1 material and energy
EXP-002269,2026-02-01,生产一部,其他制造费,11917.15,approved,synthetic_scenario,Scenario expense ledger; stress injected into Production 1 material and energy
EXP-002270,2026-11-01,质量部,维修费,21296.51,approved,synthetic_scenario,Scenario expense ledger; stress injected into Production 1 material and energy
EXP-002271,2026-03-01,生产一部,能源费,42833.92,approved,synthetic_scenario,Scenario expense ledger; stress injected into Production 1 material and energy
EXP-002272,2026-08-01,设备部,维修费,21015.71,approved,synthetic_scenario,Scenario expense ledger; stress injected into Production 1 material and energy
EXP-002273,2026-01-01,采购部,维修费,14009.13,approved,synthetic_scenario,Scenario expense ledger; stress injected into Production 1 material and energy
EXP-002274,2026-12-01,生产一部,维修费,23839.68,approved,synthetic_scenario,Scenario expense ledger; stress injected into Production 1 material and energy
EXP-002275,2026-11-01,生产二部,直接人工,69361.22,approved,synthetic_scenario,Scenario expense ledger; stress injected into Production 1 material and energy
EXP-002276,2026-09-01,仓储部,维修费,22667.73,approved,synthetic_scenario,Scenario expense ledger; stress injected into Production 1 material and energy
EXP-002277,2026-12-01,设备部,能源费,60485.72,approved,synthetic_scenario,Scenario expense ledger; stress injected into Production 1 material and energy
EXP-002278,2026-01-01,质量部,折旧费,20563.65,approved,synthetic_scenario,Scenario expense ledger; stress injected into Production 1 material and energy
EXP-002279,2026-01-01,设备部,直接人工,32014.64,approved,synthetic_scenario,Scenario expense ledger; stress injected into Production 1 material and energy
EXP-002280,2026-10-01,设备部,直接材料,179267.95,approved,synthetic_scenario,Scenario expense ledger; stress injected into Production 1 material and energy
EXP-002281,2026-11-01,质量部,折旧费,30859.41,approved,synthetic_scenario,Scenario expense ledger; stress injected into Production 1 material and energy
EXP-002282,2026-09-01,设备部,直接材料,203601.95,approved,synthetic_scenario,Scenario expense ledger; stress injected into Production 1 material and energy
EXP-002283,2026-04-01,采购部,直接人工,36719.06,approved,synthetic_scenario,Scenario expense ledger; stress injected into Production 1 material and energy
EXP-002284,2026-02-01,采购部,维修费,12763.0,approved,synthetic_scenario,Scenario expense ledger; stress injected into Production 1 material and energy
EXP-002285,2026-11-01,设备部,直接人工,66934.71,approved,synthetic_scenario,Scenario expense ledger; stress injected into Production 1 material and energy
EXP-002286,2026-06-01,生产一部,直接人工,37090.93,approved,synthetic_scenario,Scenario expense ledger; stress injected into Production 1 material and energy
EXP-002287,2026-04-01,仓储部,其他制造费,12696.39,approved,synthetic_scenario,Scenario expense ledger; stress injected into Production 1 material and energy
EXP-002288,2026-06-01,质量部,直接材料,116656.13,pending_review,synthetic_scenario,Scenario expense ledger; stress injected into Production 1 material and energy
EXP-002289,2026-03-01,质量部,直接人工,37951.61,approved,synthetic_scenario,Scenario expense ledger; stress injected into Production 1 material and energy
EXP-002290,2026-06-01,质量部,能源费,28320.47,approved,synthetic_scenario,Scenario expense ledger; stress injected into Production 1 material and energy
EXP-002291,2026-03-01,生产一部,能源费,44661.58,approved,synthetic_scenario,Scenario expense ledger; stress injected into Production 1 material and energy
EXP-002292,2026-01-01,质量部,折旧费,21040.46,approved,synthetic_scenario,Scenario expense ledger; stress injected into Production 1 material and energy
EXP-002293,2026-03-01,设备部,维修费,12303.83,approved,synthetic_scenario,Scenario expense ledger; stress injected into Production 1 material and energy
EXP-002294,2026-09-01,仓储部,维修费,21694.22,pending_review,synthetic_scenario,Scenario expense ledger; stress injected into Production 1 material and energy
EXP-002295,2026-04-01,质量部,直接人工,42681.46,approved,synthetic_scenario,Scenario expense ledger; stress injected into Production 1 material and energy
EXP-002296,2026-02-01,设备部,直接人工,28940.33,approved,synthetic_scenario,Scenario expense ledger; stress injected into Production 1 material and energy
EXP-002297,2026-11-01,设备部,能源费,38492.69,approved,synthetic_scenario,Scenario expense ledger; stress injected into Production 1 material and energy
EXP-002298,2026-09-01,生产二部,直接材料,196502.91,pending_review,synthetic_scenario,Scenario expense ledger; stress injected into Production 1 material and energy
EXP-002299,2026-05-01,质量部,其他制造费,13303.51,approved,synthetic_scenario,Scenario expense ledger; stress injected into Production 1 material and energy
EXP-002300,2026-06-01,生产一部,其他制造费,10501.39,approved,synthetic_scenario,Scenario expense ledger; stress injected into Production 1 material and energy
EXP-002301,2026-11-01,质量部,维修费,24805.62,pending_review,synthetic_scenario,Scenario expense ledger; stress injected into Production 1 material and energy
EXP-002302,2026-05-01,生产二部,其他制造费,11371.3,approved,synthetic_scenario,Scenario expense ledger; stress injected into Production 1 material and energy
EXP-002303,2026-07-01,质量部,折旧费,27234.52,approved,synthetic_scenario,Scenario expense ledger; stress injected into Production 1 material and energy
EXP-002304,2026-10-01,质量部,直接人工,49637.64,approved,synthetic_scenario,Scenario expense ledger; stress injected into Production 1 material and energy
EXP-002305,2026-03-01,生产一部,维修费,14939.74,approved,synthetic_scenario,Scenario expense ledger; stress injected into Production 1 material and energy
EXP-002306,2026-07-01,采购部,能源费,36470.21,approved,synthetic_scenario,Scenario expense ledger; stress injected into Production 1 material and energy
EXP-002307,2026-07-01,采购部,其他制造费,13843.16,approved,synthetic_scenario,Scenario expense ledger; stress injected into Production 1 material and energy
EXP-002308,2026-02-01,设备部,直接人工,31245.37,pending_review,synthetic_scenario,Scenario expense ledger; stress injected into Production 1 material and energy
EXP-002309,2026-07-01,质量部,维修费,18405.26,approved,synthetic_scenario,Scenario expense ledger; stress injected into Production 1 material and energy
EXP-002310,2026-05-01,设备部,能源费,26394.62,approved,synthetic_scenario,Scenario expense ledger; stress injected into Production 1 material and energy
EXP-002311,2026-09-01,采购部,能源费,34017.11,approved,synthetic_scenario,Scenario expense ledger; stress injected into Production 1 material and energy
EXP-002312,2026-09-01,仓储部,直接人工,57969.8,approved,synthetic_scenario,Scenario expense ledger; stress injected into Production 1 material and energy
EXP-002313,2026-12-01,生产二部,直接材料,194265.99,approved,synthetic_scenario,Scenario expense ledger; stress injected into Production 1 material and energy
EXP-002314,2026-07-01,仓储部,维修费,17306.45,approved,synthetic_scenario,Scenario expense ledger; stress injected into Production 1 material and energy
EXP-002315,2026-11-01,生产二部,维修费,24337.17,pending_review,synthetic_scenario,Scenario expense ledger; stress injected into Production 1 material and energy
EXP-002316,2026-03-01,采购部,直接人工,44017.91,approved,synthetic_scenario,Scenario expense ledger; stress injected into Production 1 material and energy
EXP-002317,2026-06-01,仓储部,直接人工,43846.83,approved,synthetic_scenario,Scenario expense ledger; stress injected into Production 1 material and energy
EXP-002318,2026-01-01,采购部,折旧费,20878.58,approved,synthetic_scenario,Scenario expense ledger; stress injected into Production 1 material and energy
EXP-002319,2026-10-01,采购部,直接人工,68870.07,approved,synthetic_scenario,Scenario expense ledger; stress injected into Production 1 material and energy
EXP-002320,2026-11-01,仓储部,折旧费,37354.3,approved,synthetic_scenario,Scenario expense ledger; stress injected into Production 1 material and energy
EXP-002321,2026-07-01,质量部,直接材料,184392.1,approved,synthetic_scenario,Scenario expense ledger; stress injected into Production 1 material and energy
EXP-002322,2026-11-01,生产二部,直接人工,58661.1,approved,synthetic_scenario,Scenario expense ledger; stress injected into Production 1 material and energy
EXP-002323,2026-07-01,设备部,其他制造费,14557.49,pending_review,synthetic_scenario,Scenario expense ledger; stress injected into Production 1 material and energy
EXP-002324,2026-08-01,生产二部,直接人工,58854.34,approved,synthetic_scenario,Scenario expense ledger; stress injected into Production 1 material and energy
EXP-002325,2026-02-01,采购部,直接材料,120549.85,approved,synthetic_scenario,Scenario expense ledger; stress injected into Production 1 material and energy
EXP-002326,2026-06-01,生产二部,维修费,13251.58,approved,synthetic_scenario,Scenario expense ledger; stress injected into Production 1 material and energy
EXP-002327,2026-09-01,设备部,其他制造费,15977.82,approved,synthetic_scenario,Scenario expense ledger; stress injected into Production 1 material and energy
EXP-002328,2026-02-01,生产二部,维修费,14665.4,approved,synthetic_scenario,Scenario expense ledger; stress injected into Production 1 material and energy
EXP-002329,2026-04-01,采购部,直接人工,36466.31,approved,synthetic_scenario,Scenario expense ledger; stress injected into Production 1 material and energy
EXP-002330,2026-07-01,设备部,折旧费,26504.39,approved,synthetic_scenario,Scenario expense ledger; stress injected into Production 1 material and energy
EXP-002331,2026-10-01,采购部,直接人工,66081.35,approved,synthetic_scenario,Scenario expense ledger; stress injected into Production 1 material and energy
EXP-002332,2026-03-01,仓储部,其他制造费,11275.1,approved,synthetic_scenario,Scenario expense ledger; stress injected into Production 1 material and energy
EXP-002333,2026-08-01,采购部,其他制造费,15883.19,approved,synthetic_scenario,Scenario expense ledger; stress injected into Production 1 material and energy
EXP-002334,2026-05-01,生产二部,能源费,30138.58,approved,synthetic_scenario,Scenario expense ledger; stress injected into Production 1 material and energy
EXP-002335,2026-07-01,质量部,其他制造费,14553.38,approved,synthetic_scenario,Scenario expense ledger; stress injected into Production 1 material and energy
EXP-002336,2026-08-01,采购部,直接材料,186310.45,approved,synthetic_scenario,Scenario expense ledger; stress injected into Production 1 material and energy
EXP-002337,2026-02-01,生产一部,折旧费,19550.37,approved,synthetic_scenario,Scenario expense ledger; stress injected into Production 1 material and energy
EXP-002338,2026-08-01,采购部,其他制造费,14414.62,approved,synthetic_scenario,Scenario expense ledger; stress injected into Production 1 material and energy
EXP-002339,2026-02-01,仓储部,直接人工,38202.6,approved,synthetic_scenario,Scenario expense ledger; stress injected into Production 1 material and energy
EXP-002340,2026-12-01,生产一部,维修费,23307.64,approved,synthetic_scenario,Scenario expense ledger; stress injected into Production 1 material and energy
EXP-002341,2026-12-01,采购部,维修费,20884.42,pending_review,synthetic_scenario,Scenario expense ledger; stress injected into Production 1 material and energy
EXP-002342,2026-05-01,生产一部,直接人工,43187.13,approved,synthetic_scenario,Scenario expense ledger; stress injected into Production 1 material and energy
EXP-002343,2026-02-01,设备部,能源费,27963.31,approved,synthetic_scenario,Scenario expense ledger; stress injected into Production 1 material and energy
EXP-002344,2026-07-01,生产一部,直接人工,45125.87,approved,synthetic_scenario,Scenario expense ledger; stress injected into Production 1 material and energy
EXP-002345,2026-11-01,生产二部,能源费,35669.34,approved,synthetic_scenario,Scenario expense ledger; stress injected into Production 1 material and energy
EXP-002346,2026-01-01,生产一部,直接材料,196768.67,approved,synthetic_scenario,Scenario expense ledger; stress injected into Production 1 material and energy
EXP-002347,2026-06-01,生产二部,直接人工,44083.77,approved,synthetic_scenario,Scenario expense ledger; stress injected into Production 1 material and energy
EXP-002348,2026-08-01,设备部,能源费,41514.95,approved,synthetic_scenario,Scenario expense ledger; stress injected into Production 1 material and energy
EXP-002349,2026-08-01,设备部,直接材料,201313.34,approved,synthetic_scenario,Scenario expense ledger; stress injected into Production 1 material and energy
EXP-002350,2026-11-01,采购部,直接材料,213480.7,approved,synthetic_scenario,Scenario expense ledger; stress injected into Production 1 material and energy
EXP-002351,2026-12-01,生产一部,能源费,59401.73,approved,synthetic_scenario,Scenario expense ledger; stress injected into Production 1 material and energy
EXP-002352,2026-10-01,生产一部,维修费,18515.47,pending_review,synthetic_scenario,Scenario expense ledger; stress injected into Production 1 material and energy
EXP-002353,2026-05-01,采购部,直接人工,37978.61,approved,synthetic_scenario,Scenario expense ledger; stress injected into Production 1 material and energy
EXP-002354,2026-01-01,采购部,直接人工,39768.79,approved,synthetic_scenario,Scenario expense ledger; stress injected into Production 1 material and energy
EXP-002355,2026-04-01,生产一部,能源费,45533.22,approved,synthetic_scenario,Scenario expense ledger; stress injected into Production 1 material and energy
EXP-002356,2026-06-01,采购部,直接材料,149704.05,approved,synthetic_scenario,Scenario expense ledger; stress injected into Production 1 material and energy
EXP-002357,2026-04-01,生产一部,能源费,41651.43,approved,synthetic_scenario,Scenario expense ledger; stress injected into Production 1 material and energy
EXP-002358,2026-02-01,设备部,维修费,15348.82,approved,synthetic_scenario,Scenario expense ledger; stress injected into Production 1 material and energy
EXP-002359,2026-02-01,生产一部,直接人工,36609.24,approved,synthetic_scenario,Scenario expense ledger; stress injected into Production 1 material and energy
EXP-002360,2026-08-01,生产二部,直接材料,205760.38,approved,synthetic_scenario,Scenario expense ledger; stress injected into Production 1 material and energy
EXP-002361,2026-04-01,质量部,直接材料,123846.12,approved,synthetic_scenario,Scenario expense ledger; stress injected into Production 1 material and energy
EXP-002362,2026-01-01,仓储部,直接人工,26184.47,approved,synthetic_scenario,Scenario expense ledger; stress injected into Production 1 material and energy
EXP-002363,2026-04-01,仓储部,其他制造费,9875.14,approved,synthetic_scenario,Scenario expense ledger; stress injected into Production 1 material and energy
EXP-002364,2026-02-01,采购部,直接材料,113774.55,approved,synthetic_scenario,Scenario expense ledger; stress injected into Production 1 material and energy
EXP-002365,2026-04-01,采购部,直接材料,148589.83,approved,synthetic_scenario,Scenario expense ledger; stress injected into Production 1 material and energy
EXP-002366,2026-03-01,生产二部,其他制造费,10477.33,approved,synthetic_scenario,Scenario expense ledger; stress injected into Production 1 material and energy
EXP-002367,2026-07-01,设备部,折旧费,25400.6,approved,synthetic_scenario,Scenario expense ledger; stress injected into Production 1 material and energy
EXP-002368,2026-07-01,设备部,维修费,13627.32,approved,synthetic_scenario,Scenario expense ledger; stress injected into Production 1 material and energy
EXP-002369,2026-05-01,生产二部,折旧费,23788.39,approved,synthetic_scenario,Scenario expense ledger; stress injected into Production 1 material and energy
EXP-002370,2026-11-01,生产一部,维修费,23050.41,approved,synthetic_scenario,Scenario expense ledger; stress injected into Production 1 material and energy
EXP-002371,2026-02-01,生产一部,直接人工,34014.24,approved,synthetic_scenario,Scenario expense ledger; stress injected into Production 1 material and energy
EXP-002372,2026-06-01,设备部,折旧费,30561.69,approved,synthetic_scenario,Scenario expense ledger; stress injected into Production 1 material and energy
EXP-002373,2026-05-01,采购部,其他制造费,13022.83,approved,synthetic_scenario,Scenario expense ledger; stress injected into Production 1 material and energy
EXP-002374,2026-02-01,生产一部,能源费,30190.4,approved,synthetic_scenario,Scenario expense ledger; stress injected into Production 1 material and energy
EXP-002375,2026-03-01,质量部,折旧费,26213.75,approved,synthetic_scenario,Scenario expense ledger; stress injected into Production 1 material and energy
EXP-002376,2026-07-01,生产一部,直接人工,44919.55,approved,synthetic_scenario,Scenario expense ledger; stress injected into Production 1 material and energy
EXP-002377,2026-02-01,采购部,直接材料,128741.26,approved,synthetic_scenario,Scenario expense ledger; stress injected into Production 1 material and energy
EXP-002378,2026-03-01,仓储部,其他制造费,12389.48,approved,synthetic_scenario,Scenario expense ledger; stress injected into Production 1 material and energy
EXP-002379,2026-12-01,质量部,能源费,48534.44,approved,synthetic_scenario,Scenario expense ledger; stress injected into Production 1 material and energy
EXP-002380,2026-09-01,仓储部,直接材料,224919.4,approved,synthetic_scenario,Scenario expense ledger; stress injected into Production 1 material and energy
EXP-002381,2026-06-01,仓储部,能源费,27213.56,approved,synthetic_scenario,Scenario expense ledger; stress injected into Production 1 material and energy
EXP-002382,2026-08-01,采购部,折旧费,27223.05,approved,synthetic_scenario,Scenario expense ledger; stress injected into Production 1 material and energy
EXP-002383,2026-06-01,质量部,直接材料,132939.46,approved,synthetic_scenario,Scenario expense ledger; stress injected into Production 1 material and energy
EXP-002384,2026-06-01,仓储部,折旧费,22074.43,approved,synthetic_scenario,Scenario expense ledger; stress injected into Production 1 material and energy
EXP-002385,2026-06-01,质量部,直接材料,153080.35,approved,synthetic_scenario,Scenario expense ledger; stress injected into Production 1 material and energy
EXP-002386,2026-09-01,仓储部,直接材料,213261.53,approved,synthetic_scenario,Scenario expense ledger; stress injected into Production 1 material and energy
EXP-002387,2026-11-01,仓储部,其他制造费,21127.7,approved,synthetic_scenario,Scenario expense ledger; stress injected into Production 1 material and energy
EXP-002388,2026-10-01,生产一部,直接材料,279845.28,approved,synthetic_scenario,Scenario expense ledger; stress injected into Production 1 material and energy
EXP-002389,2026-06-01,质量部,直接材料,142145.29,approved,synthetic_scenario,Scenario expense ledger; stress injected into Production 1 material and energy
EXP-002390,2026-04-01,质量部,折旧费,19127.99,approved,synthetic_scenario,Scenario expense ledger; stress injected into Production 1 material and energy
EXP-002391,2026-11-01,生产一部,直接材料,225748.24,approved,synthetic_scenario,Scenario expense ledger; stress injected into Production 1 material and energy
EXP-002392,2026-09-01,采购部,能源费,36927.06,approved,synthetic_scenario,Scenario expense ledger; stress injected into Production 1 material and energy
EXP-002393,2026-08-01,设备部,维修费,17797.59,approved,synthetic_scenario,Scenario expense ledger; stress injected into Production 1 material and energy
EXP-002394,2026-11-01,生产二部,折旧费,36728.21,approved,synthetic_scenario,Scenario expense ledger; stress injected into Production 1 material and energy
EXP-002395,2026-08-01,质量部,其他制造费,15231.71,approved,synthetic_scenario,Scenario expense ledger; stress injected into Production 1 material and energy
EXP-002396,2026-05-01,生产一部,其他制造费,11014.78,approved,synthetic_scenario,Scenario expense ledger; stress injected into Production 1 material and energy
EXP-002397,2026-05-01,生产二部,其他制造费,15075.71,approved,synthetic_scenario,Scenario expense ledger; stress injected into Production 1 material and energy
EXP-002398,2026-12-01,仓储部,直接人工,59000.32,approved,synthetic_scenario,Scenario expense ledger; stress injected into Production 1 material and energy
EXP-002399,2026-02-01,生产二部,直接材料,108695.98,approved,synthetic_scenario,Scenario expense ledger; stress injected into Production 1 material and energy
EXP-002400,2026-10-01,生产一部,维修费,15812.18,approved,synthetic_scenario,Scenario expense ledger; stress injected into Production 1 material and energy
