product_id,location_id,book_quantity,standard_cost,counted_quantity,count_date,source_class,source_note
1,1,408,0.0,408,2026-12-31,synthetic_scenario,Book balance anchored to sample data when supplied; physical count is simulated
1,6,324,0.0,324,2026-12-31,synthetic_scenario,Book balance anchored to sample data when supplied; physical count is simulated
1,50,353,0.0,353,2026-12-31,synthetic_scenario,Book balance anchored to sample data when supplied; physical count is simulated
2,1,427,0.0,427,2026-12-31,synthetic_scenario,Book balance anchored to sample data when supplied; physical count is simulated
2,6,318,0.0,318,2026-12-31,synthetic_scenario,Book balance anchored to sample data when supplied; physical count is simulated
2,50,364,0.0,364,2026-12-31,synthetic_scenario,Book balance anchored to sample data when supplied; physical count is simulated
3,1,585,0.0,585,2026-12-31,synthetic_scenario,Book balance anchored to sample data when supplied; physical count is simulated
3,6,443,0.0,443,2026-12-31,synthetic_scenario,Book balance anchored to sample data when supplied; physical count is simulated
3,50,324,0.0,324,2026-12-31,synthetic_scenario,Book balance anchored to sample data when supplied; physical count is simulated
4,1,512,0.0,512,2026-12-31,synthetic_scenario,Book balance anchored to sample data when supplied; physical count is simulated
4,6,422,0.0,422,2026-12-31,synthetic_scenario,Book balance anchored to sample data when supplied; physical count is simulated
4,50,388,0.0,388,2026-12-31,synthetic_scenario,Book balance anchored to sample data when supplied; physical count is simulated
316,5,532,0.0,532,2026-12-31,synthetic_scenario,Book balance anchored to sample data when supplied; physical count is simulated
316,10,388,0.0,388,2026-12-31,synthetic_scenario,Book balance anchored to sample data when supplied; physical count is simulated
316,50,441,0.0,441,2026-12-31,synthetic_scenario,Book balance anchored to sample data when supplied; physical count is simulated
317,1,283,0.0,283,2026-12-31,synthetic_scenario,Book balance anchored to sample data when supplied; physical count is simulated
317,5,158,0.0,158,2026-12-31,synthetic_scenario,Book balance anchored to sample data when supplied; physical count is simulated
317,50,152,0.0,152,2026-12-31,synthetic_scenario,Book balance anchored to sample data when supplied; physical count is simulated
318,1,136,0.0,136,2026-12-31,synthetic_scenario,Book balance anchored to sample data when supplied; physical count is simulated
318,5,171,0.0,171,2026-12-31,synthetic_scenario,Book balance anchored to sample data when supplied; physical count is simulated
318,50,132,0.0,132,2026-12-31,synthetic_scenario,Book balance anchored to sample data when supplied; physical count is simulated
319,1,308,0.0,308,2026-12-31,synthetic_scenario,Book balance anchored to sample data when supplied; physical count is simulated
319,5,184,0.0,184,2026-12-31,synthetic_scenario,Book balance anchored to sample data when supplied; physical count is simulated
319,50,305,0.0,305,2026-12-31,synthetic_scenario,Book balance anchored to sample data when supplied; physical count is simulated
320,1,481,0.0,481,2026-12-31,synthetic_scenario,Book balance anchored to sample data when supplied; physical count is simulated
320,5,372,0.0,372,2026-12-31,synthetic_scenario,Book balance anchored to sample data when supplied; physical count is simulated
320,50,283,0.0,283,2026-12-31,synthetic_scenario,Book balance anchored to sample data when supplied; physical count is simulated
321,1,569,0.0,569,2026-12-31,synthetic_scenario,Book balance anchored to sample data when supplied; physical count is simulated
321,5,540,0.0,540,2026-12-31,synthetic_scenario,Book balance anchored to sample data when supplied; physical count is simulated
321,50,641,0.0,641,2026-12-31,synthetic_scenario,Book balance anchored to sample data when supplied; physical count is simulated
322,1,622,0.0,622,2026-12-31,synthetic_scenario,Book balance anchored to sample data when supplied; physical count is simulated
322,5,587,0.0,587,2026-12-31,synthetic_scenario,Book balance anchored to sample data when supplied; physical count is simulated
322,50,475,0.0,475,2026-12-31,synthetic_scenario,Book balance anchored to sample data when supplied; physical count is simulated
323,1,603,0.0,603,2026-12-31,synthetic_scenario,Book balance anchored to sample data when supplied; physical count is simulated
323,5,568,0.0,568,2026-12-31,synthetic_scenario,Book balance anchored to sample data when supplied; physical count is simulated
323,50,513,0.0,513,2026-12-31,synthetic_scenario,Book balance anchored to sample data when supplied; physical count is simulated
324,1,585,0.0,585,2026-12-31,synthetic_scenario,Book balance anchored to sample data when supplied; physical count is simulated
324,5,568,0.0,568,2026-12-31,synthetic_scenario,Book balance anchored to sample data when supplied; physical count is simulated
324,50,476,0.0,476,2026-12-31,synthetic_scenario,Book balance anchored to sample data when supplied; physical count is simulated
325,1,569,0.0,569,2026-12-31,synthetic_scenario,Book balance anchored to sample data when supplied; physical count is simulated
325,6,540,0.0,540,2026-12-31,synthetic_scenario,Book balance anchored to sample data when supplied; physical count is simulated
325,60,641,0.0,641,2026-12-31,synthetic_scenario,Book balance anchored to sample data when supplied; physical count is simulated
326,1,622,0.0,622,2026-12-31,synthetic_scenario,Book balance anchored to sample data when supplied; physical count is simulated
326,6,587,0.0,587,2026-12-31,synthetic_scenario,Book balance anchored to sample data when supplied; physical count is simulated
326,60,475,0.0,475,2026-12-31,synthetic_scenario,Book balance anchored to sample data when supplied; physical count is simulated
327,5,408,0.0,408,2026-12-31,synthetic_scenario,Book balance anchored to sample data when supplied; physical count is simulated
327,10,443,0.0,443,2026-12-31,synthetic_scenario,Book balance anchored to sample data when supplied; physical count is simulated
327,50,513,0.0,513,2026-12-31,synthetic_scenario,Book balance anchored to sample data when supplied; physical count is simulated
328,5,568,0.0,568,2026-12-31,synthetic_scenario,Book balance anchored to sample data when supplied; physical count is simulated
328,10,585,0.0,585,2026-12-31,synthetic_scenario,Book balance anchored to sample data when supplied; physical count is simulated
328,50,476,0.0,476,2026-12-31,synthetic_scenario,Book balance anchored to sample data when supplied; physical count is simulated
329,5,558,0.0,558,2026-12-31,synthetic_scenario,Book balance anchored to sample data when supplied; physical count is simulated
329,10,576,0.0,576,2026-12-31,synthetic_scenario,Book balance anchored to sample data when supplied; physical count is simulated
329,50,467,0.0,466,2026-12-31,synthetic_scenario,Book balance anchored to sample data when supplied; physical count is simulated
330,5,548,0.0,548,2026-12-31,synthetic_scenario,Book balance anchored to sample data when supplied; physical count is simulated
330,10,566,0.0,566,2026-12-31,synthetic_scenario,Book balance anchored to sample data when supplied; physical count is simulated
330,50,457,0.0,457,2026-12-31,synthetic_scenario,Book balance anchored to sample data when supplied; physical count is simulated
331,5,574,0.0,574,2026-12-31,synthetic_scenario,Book balance anchored to sample data when supplied; physical count is simulated
331,10,441,0.0,441,2026-12-31,synthetic_scenario,Book balance anchored to sample data when supplied; physical count is simulated
331,50,390,0.0,390,2026-12-31,synthetic_scenario,Book balance anchored to sample data when supplied; physical count is simulated
332,5,344,0.0,344,2026-12-31,synthetic_scenario,Book balance anchored to sample data when supplied; physical count is simulated
332,10,233,0.0,233,2026-12-31,synthetic_scenario,Book balance anchored to sample data when supplied; physical count is simulated
332,50,267,0.0,267,2026-12-31,synthetic_scenario,Book balance anchored to sample data when supplied; physical count is simulated
341,1,372,0.0,372,2026-12-31,synthetic_scenario,Book balance anchored to sample data when supplied; physical count is simulated
341,50,392,0.0,392,2026-12-31,synthetic_scenario,Book balance anchored to sample data when supplied; physical count is simulated
341,60,339,0.0,339,2026-12-31,synthetic_scenario,Book balance anchored to sample data when supplied; physical count is simulated
342,1,369,0.0,369,2026-12-31,synthetic_scenario,Book balance anchored to sample data when supplied; physical count is simulated
342,50,388,0.0,388,2026-12-31,synthetic_scenario,Book balance anchored to sample data when supplied; physical count is simulated
342,60,336,0.0,336,2026-12-31,synthetic_scenario,Book balance anchored to sample data when supplied; physical count is simulated
343,1,568,0.0,568,2026-12-31,synthetic_scenario,Book balance anchored to sample data when supplied; physical count is simulated
343,50,606,0.0,606,2026-12-31,synthetic_scenario,Book balance anchored to sample data when supplied; physical count is simulated
343,60,499,0.0,500,2026-12-31,synthetic_scenario,Book balance anchored to sample data when supplied; physical count is simulated
344,1,358,0.0,358,2026-12-31,synthetic_scenario,Book balance anchored to sample data when supplied; physical count is simulated
344,50,332,0.0,332,2026-12-31,synthetic_scenario,Book balance anchored to sample data when supplied; physical count is simulated
344,60,382,0.0,382,2026-12-31,synthetic_scenario,Book balance anchored to sample data when supplied; physical count is simulated
345,1,321,0.0,321,2026-12-31,synthetic_scenario,Book balance anchored to sample data when supplied; physical count is simulated
345,50,315,0.0,315,2026-12-31,synthetic_scenario,Book balance anchored to sample data when supplied; physical count is simulated
345,60,300,0.0,300,2026-12-31,synthetic_scenario,Book balance anchored to sample data when supplied; physical count is simulated
346,1,585,0.0,585,2026-12-31,synthetic_scenario,Book balance anchored to sample data when supplied; physical count is simulated
346,50,476,0.0,476,2026-12-31,synthetic_scenario,Book balance anchored to sample data when supplied; physical count is simulated
346,60,641,0.0,641,2026-12-31,synthetic_scenario,Book balance anchored to sample data when supplied; physical count is simulated
347,1,318,0.0,318,2026-12-31,synthetic_scenario,Book balance anchored to sample data when supplied; physical count is simulated
347,50,246,0.0,246,2026-12-31,synthetic_scenario,Book balance anchored to sample data when supplied; physical count is simulated
347,60,332,0.0,332,2026-12-31,synthetic_scenario,Book balance anchored to sample data when supplied; physical count is simulated
348,1,323,0.0,323,2026-12-31,synthetic_scenario,Book balance anchored to sample data when supplied; physical count is simulated
348,50,251,0.0,251,2026-12-31,synthetic_scenario,Book balance anchored to sample data when supplied; physical count is simulated
348,60,337,0.0,337,2026-12-31,synthetic_scenario,Book balance anchored to sample data when supplied; physical count is simulated
349,1,328,0.0,328,2026-12-31,synthetic_scenario,Book balance anchored to sample data when supplied; physical count is simulated
349,50,256,0.0,256,2026-12-31,synthetic_scenario,Book balance anchored to sample data when supplied; physical count is simulated
349,60,342,0.0,342,2026-12-31,synthetic_scenario,Book balance anchored to sample data when supplied; physical count is simulated
350,5,622,0.0,622,2026-12-31,synthetic_scenario,Book balance anchored to sample data when supplied; physical count is simulated
350,10,406,0.0,406,2026-12-31,synthetic_scenario,Book balance anchored to sample data when supplied; physical count is simulated
350,50,313,0.0,313,2026-12-31,synthetic_scenario,Book balance anchored to sample data when supplied; physical count is simulated
351,5,179,0.0,179,2026-12-31,synthetic_scenario,Book balance anchored to sample data when supplied; physical count is simulated
351,10,281,0.0,281,2026-12-31,synthetic_scenario,Book balance anchored to sample data when supplied; physical count is simulated
351,50,145,0.0,145,2026-12-31,synthetic_scenario,Book balance anchored to sample data when supplied; physical count is simulated
352,5,300,0.0,300,2026-12-31,synthetic_scenario,Book balance anchored to sample data when supplied; physical count is simulated
352,10,278,0.0,278,2026-12-31,synthetic_scenario,Book balance anchored to sample data when supplied; physical count is simulated
352,50,195,0.0,195,2026-12-31,synthetic_scenario,Book balance anchored to sample data when supplied; physical count is simulated
355,1,276,0.0,276,2026-12-31,synthetic_scenario,Book balance anchored to sample data when supplied; physical count is simulated
355,6,257,0.0,257,2026-12-31,synthetic_scenario,Book balance anchored to sample data when supplied; physical count is simulated
355,50,289,0.0,289,2026-12-31,synthetic_scenario,Book balance anchored to sample data when supplied; physical count is simulated
356,1,262,0.0,262,2026-12-31,synthetic_scenario,Book balance anchored to sample data when supplied; physical count is simulated
356,6,243,0.0,243,2026-12-31,synthetic_scenario,Book balance anchored to sample data when supplied; physical count is simulated
356,50,275,0.0,275,2026-12-31,synthetic_scenario,Book balance anchored to sample data when supplied; physical count is simulated
357,1,248,0.0,248,2026-12-31,synthetic_scenario,Book balance anchored to sample data when supplied; physical count is simulated
357,6,228,0.0,228,2026-12-31,synthetic_scenario,Book balance anchored to sample data when supplied; physical count is simulated
357,50,260,0.0,260,2026-12-31,synthetic_scenario,Book balance anchored to sample data when supplied; physical count is simulated
358,1,233,0.0,233,2026-12-31,synthetic_scenario,Book balance anchored to sample data when supplied; physical count is simulated
358,6,214,0.0,214,2026-12-31,synthetic_scenario,Book balance anchored to sample data when supplied; physical count is simulated
358,50,246,0.0,246,2026-12-31,synthetic_scenario,Book balance anchored to sample data when supplied; physical count is simulated
359,1,369,0.0,369,2026-12-31,synthetic_scenario,Book balance anchored to sample data when supplied; physical count is simulated
359,6,360,0.0,360,2026-12-31,synthetic_scenario,Book balance anchored to sample data when supplied; physical count is simulated
359,50,374,0.0,374,2026-12-31,synthetic_scenario,Book balance anchored to sample data when supplied; physical count is simulated
360,1,363,0.0,363,2026-12-31,synthetic_scenario,Book balance anchored to sample data when supplied; physical count is simulated
360,6,353,0.0,353,2026-12-31,synthetic_scenario,Book balance anchored to sample data when supplied; physical count is simulated
360,50,368,0.0,368,2026-12-31,synthetic_scenario,Book balance anchored to sample data when supplied; physical count is simulated
361,1,499,0.0,499,2026-12-31,synthetic_scenario,Book balance anchored to sample data when supplied; physical count is simulated
361,6,601,0.0,601,2026-12-31,synthetic_scenario,Book balance anchored to sample data when supplied; physical count is simulated
361,50,531,0.0,531,2026-12-31,synthetic_scenario,Book balance anchored to sample data when supplied; physical count is simulated
362,1,377,0.0,377,2026-12-31,synthetic_scenario,Book balance anchored to sample data when supplied; physical count is simulated
362,6,315,0.0,315,2026-12-31,synthetic_scenario,Book balance anchored to sample data when supplied; physical count is simulated
362,50,334,0.0,331,2026-12-31,synthetic_scenario,Book balance anchored to sample data when supplied; physical count is simulated
363,1,499,0.0,500,2026-12-31,synthetic_scenario,Book balance anchored to sample data when supplied; physical count is simulated
363,6,643,0.0,643,2026-12-31,synthetic_scenario,Book balance anchored to sample data when supplied; physical count is simulated
363,50,619,0.0,619,2026-12-31,synthetic_scenario,Book balance anchored to sample data when supplied; physical count is simulated
364,1,368,0.0,368,2026-12-31,synthetic_scenario,Book balance anchored to sample data when supplied; physical count is simulated
364,6,358,0.0,358,2026-12-31,synthetic_scenario,Book balance anchored to sample data when supplied; physical count is simulated
364,50,326,0.0,326,2026-12-31,synthetic_scenario,Book balance anchored to sample data when supplied; physical count is simulated
365,1,411,0.0,411,2026-12-31,synthetic_scenario,Book balance anchored to sample data when supplied; physical count is simulated
365,6,691,0.0,691,2026-12-31,synthetic_scenario,Book balance anchored to sample data when supplied; physical count is simulated
365,50,619,0.0,619,2026-12-31,synthetic_scenario,Book balance anchored to sample data when supplied; physical count is simulated
366,1,318,0.0,318,2026-12-31,synthetic_scenario,Book balance anchored to sample data when supplied; physical count is simulated
366,6,299,0.0,299,2026-12-31,synthetic_scenario,Book balance anchored to sample data when supplied; physical count is simulated
366,50,412,0.0,412,2026-12-31,synthetic_scenario,Book balance anchored to sample data when supplied; physical count is simulated
367,1,643,0.0,643,2026-12-31,synthetic_scenario,Book balance anchored to sample data when supplied; physical count is simulated
367,6,689,0.0,689,2026-12-31,synthetic_scenario,Book balance anchored to sample data when supplied; physical count is simulated
367,50,569,0.0,566,2026-12-31,synthetic_scenario,Book balance anchored to sample data when supplied; physical count is simulated
368,1,369,0.0,369,2026-12-31,synthetic_scenario,Book balance anchored to sample data when supplied; physical count is simulated
368,6,360,0.0,360,2026-12-31,synthetic_scenario,Book balance anchored to sample data when supplied; physical count is simulated
368,50,374,0.0,374,2026-12-31,synthetic_scenario,Book balance anchored to sample data when supplied; physical count is simulated
369,1,363,0.0,363,2026-12-31,synthetic_scenario,Book balance anchored to sample data when supplied; physical count is simulated
369,6,353,0.0,353,2026-12-31,synthetic_scenario,Book balance anchored to sample data when supplied; physical count is simulated
369,50,368,0.0,368,2026-12-31,synthetic_scenario,Book balance anchored to sample data when supplied; physical count is simulated
370,1,252,0.0,252,2026-12-31,synthetic_scenario,Book balance anchored to sample data when supplied; physical count is simulated
370,6,155,0.0,155,2026-12-31,synthetic_scenario,Book balance anchored to sample data when supplied; physical count is simulated
370,50,476,0.0,476,2026-12-31,synthetic_scenario,Book balance anchored to sample data when supplied; physical count is simulated
371,1,585,0.0,585,2026-12-31,synthetic_scenario,Book balance anchored to sample data when supplied; physical count is simulated
371,6,649,0.0,649,2026-12-31,synthetic_scenario,Book balance anchored to sample data when supplied; physical count is simulated
371,50,547,0.0,547,2026-12-31,synthetic_scenario,Book balance anchored to sample data when supplied; physical count is simulated
372,1,281,0.0,281,2026-12-31,synthetic_scenario,Book balance anchored to sample data when supplied; physical count is simulated
372,6,344,0.0,344,2026-12-31,synthetic_scenario,Book balance anchored to sample data when supplied; physical count is simulated
372,50,272,0.0,272,2026-12-31,synthetic_scenario,Book balance anchored to sample data when supplied; physical count is simulated
373,1,284,0.0,284,2026-12-31,synthetic_scenario,Book balance anchored to sample data when supplied; physical count is simulated
373,6,347,0.0,347,2026-12-31,synthetic_scenario,Book balance anchored to sample data when supplied; physical count is simulated
373,50,275,0.0,275,2026-12-31,synthetic_scenario,Book balance anchored to sample data when supplied; physical count is simulated
374,1,288,0.0,288,2026-12-31,synthetic_scenario,Book balance anchored to sample data when supplied; physical count is simulated
374,6,350,0.0,349,2026-12-31,synthetic_scenario,Book balance anchored to sample data when supplied; physical count is simulated
374,50,278,0.0,278,2026-12-31,synthetic_scenario,Book balance anchored to sample data when supplied; physical count is simulated
375,1,291,0.0,292,2026-12-31,synthetic_scenario,Book balance anchored to sample data when supplied; physical count is simulated
375,6,353,0.0,353,2026-12-31,synthetic_scenario,Book balance anchored to sample data when supplied; physical count is simulated
375,50,281,0.0,281,2026-12-31,synthetic_scenario,Book balance anchored to sample data when supplied; physical count is simulated
376,1,585,0.0,585,2026-12-31,synthetic_scenario,Book balance anchored to sample data when supplied; physical count is simulated
376,6,649,0.0,649,2026-12-31,synthetic_scenario,Book balance anchored to sample data when supplied; physical count is simulated
376,50,547,0.0,547,2026-12-31,synthetic_scenario,Book balance anchored to sample data when supplied; physical count is simulated
377,1,249,0.0,249,2026-12-31,synthetic_scenario,Book balance anchored to sample data when supplied; physical count is simulated
377,6,299,0.0,299,2026-12-31,synthetic_scenario,Book balance anchored to sample data when supplied; physical count is simulated
377,50,393,0.0,393,2026-12-31,synthetic_scenario,Book balance anchored to sample data when supplied; physical count is simulated
378,1,244,0.0,244,2026-12-31,synthetic_scenario,Book balance anchored to sample data when supplied; physical count is simulated
378,6,294,0.0,294,2026-12-31,synthetic_scenario,Book balance anchored to sample data when supplied; physical count is simulated
378,50,388,0.0,388,2026-12-31,synthetic_scenario,Book balance anchored to sample data when supplied; physical count is simulated
379,1,323,0.0,323,2026-12-31,synthetic_scenario,Book balance anchored to sample data when supplied; physical count is simulated
379,6,897,0.0,897,2026-12-31,synthetic_scenario,Book balance anchored to sample data when supplied; physical count is simulated
379,50,691,0.0,691,2026-12-31,synthetic_scenario,Book balance anchored to sample data when supplied; physical count is simulated
380,1,156,0.0,156,2026-12-31,synthetic_scenario,Book balance anchored to sample data when supplied; physical count is simulated
380,6,264,0.0,264,2026-12-31,synthetic_scenario,Book balance anchored to sample data when supplied; physical count is simulated
380,50,350,0.0,349,2026-12-31,synthetic_scenario,Book balance anchored to sample data when supplied; physical count is simulated
381,1,163,0.0,163,2026-12-31,synthetic_scenario,Book balance anchored to sample data when supplied; physical count is simulated
381,6,270,0.0,270,2026-12-31,synthetic_scenario,Book balance anchored to sample data when supplied; physical count is simulated
381,50,356,0.0,356,2026-12-31,synthetic_scenario,Book balance anchored to sample data when supplied; physical count is simulated
382,1,169,0.0,170,2026-12-31,synthetic_scenario,Book balance anchored to sample data when supplied; physical count is simulated
382,6,276,0.0,276,2026-12-31,synthetic_scenario,Book balance anchored to sample data when supplied; physical count is simulated
382,50,363,0.0,363,2026-12-31,synthetic_scenario,Book balance anchored to sample data when supplied; physical count is simulated
383,1,587,0.0,587,2026-12-31,synthetic_scenario,Book balance anchored to sample data when supplied; physical count is simulated
383,6,676,0.0,676,2026-12-31,synthetic_scenario,Book balance anchored to sample data when supplied; physical count is simulated
383,50,638,0.0,638,2026-12-31,synthetic_scenario,Book balance anchored to sample data when supplied; physical count is simulated
384,1,299,0.0,299,2026-12-31,synthetic_scenario,Book balance anchored to sample data when supplied; physical count is simulated
384,6,217,0.0,217,2026-12-31,synthetic_scenario,Book balance anchored to sample data when supplied; physical count is simulated
384,50,304,0.0,304,2026-12-31,synthetic_scenario,Book balance anchored to sample data when supplied; physical count is simulated
385,1,619,0.0,619,2026-12-31,synthetic_scenario,Book balance anchored to sample data when supplied; physical count is simulated
385,6,526,0.0,526,2026-12-31,synthetic_scenario,Book balance anchored to sample data when supplied; physical count is simulated
385,50,633,0.0,633,2026-12-31,synthetic_scenario,Book balance anchored to sample data when supplied; physical count is simulated
386,1,148,0.0,148,2026-12-31,synthetic_scenario,Book balance anchored to sample data when supplied; physical count is simulated
386,6,192,0.0,192,2026-12-31,synthetic_scenario,Book balance anchored to sample data when supplied; physical count is simulated
386,50,385,0.0,385,2026-12-31,synthetic_scenario,Book balance anchored to sample data when supplied; physical count is simulated
387,1,524,0.0,524,2026-12-31,synthetic_scenario,Book balance anchored to sample data when supplied; physical count is simulated
387,6,710,0.0,710,2026-12-31,synthetic_scenario,Book balance anchored to sample data when supplied; physical count is simulated
387,50,654,0.0,654,2026-12-31,synthetic_scenario,Book balance anchored to sample data when supplied; physical count is simulated
388,1,292,0.0,292,2026-12-31,synthetic_scenario,Book balance anchored to sample data when supplied; physical count is simulated
388,6,140,0.0,140,2026-12-31,synthetic_scenario,Book balance anchored to sample data when supplied; physical count is simulated
388,50,366,0.0,366,2026-12-31,synthetic_scenario,Book balance anchored to sample data when supplied; physical count is simulated
389,1,657,0.0,657,2026-12-31,synthetic_scenario,Book balance anchored to sample data when supplied; physical count is simulated
389,6,691,0.0,691,2026-12-31,synthetic_scenario,Book balance anchored to sample data when supplied; physical count is simulated
389,50,460,0.0,460,2026-12-31,synthetic_scenario,Book balance anchored to sample data when supplied; physical count is simulated
390,1,292,0.0,292,2026-12-31,synthetic_scenario,Book balance anchored to sample data when supplied; physical count is simulated
390,6,140,0.0,140,2026-12-31,synthetic_scenario,Book balance anchored to sample data when supplied; physical count is simulated
390,50,366,0.0,366,2026-12-31,synthetic_scenario,Book balance anchored to sample data when supplied; physical count is simulated
391,1,296,0.0,296,2026-12-31,synthetic_scenario,Book balance anchored to sample data when supplied; physical count is simulated
391,6,144,0.0,144,2026-12-31,synthetic_scenario,Book balance anchored to sample data when supplied; physical count is simulated
391,50,369,0.0,369,2026-12-31,synthetic_scenario,Book balance anchored to sample data when supplied; physical count is simulated
392,1,299,0.0,299,2026-12-31,synthetic_scenario,Book balance anchored to sample data when supplied; physical count is simulated
392,6,147,0.0,147,2026-12-31,synthetic_scenario,Book balance anchored to sample data when supplied; physical count is simulated
392,50,372,0.0,372,2026-12-31,synthetic_scenario,Book balance anchored to sample data when supplied; physical count is simulated
393,1,603,0.0,603,2026-12-31,synthetic_scenario,Book balance anchored to sample data when supplied; physical count is simulated
393,6,780,0.0,780,2026-12-31,synthetic_scenario,Book balance anchored to sample data when supplied; physical count is simulated
393,50,497,0.0,497,2026-12-31,synthetic_scenario,Book balance anchored to sample data when supplied; physical count is simulated
394,1,302,0.0,302,2026-12-31,synthetic_scenario,Book balance anchored to sample data when supplied; physical count is simulated
394,6,150,0.0,150,2026-12-31,synthetic_scenario,Book balance anchored to sample data when supplied; physical count is simulated
394,50,459,0.0,459,2026-12-31,synthetic_scenario,Book balance anchored to sample data when supplied; physical count is simulated
395,1,281,0.0,281,2026-12-31,synthetic_scenario,Book balance anchored to sample data when supplied; physical count is simulated
395,6,355,0.0,355,2026-12-31,synthetic_scenario,Book balance anchored to sample data when supplied; physical count is simulated
395,50,148,0.0,148,2026-12-31,synthetic_scenario,Book balance anchored to sample data when supplied; physical count is simulated
396,1,636,0.0,636,2026-12-31,synthetic_scenario,Book balance anchored to sample data when supplied; physical count is simulated
396,6,585,0.0,585,2026-12-31,synthetic_scenario,Book balance anchored to sample data when supplied; physical count is simulated
396,50,603,0.0,600,2026-12-31,synthetic_scenario,Book balance anchored to sample data when supplied; physical count is simulated
397,1,339,0.0,339,2026-12-31,synthetic_scenario,Book balance anchored to sample data when supplied; physical count is simulated
397,6,550,0.0,550,2026-12-31,synthetic_scenario,Book balance anchored to sample data when supplied; physical count is simulated
397,50,763,0.0,763,2026-12-31,synthetic_scenario,Book balance anchored to sample data when supplied; physical count is simulated
398,5,372,0.0,372,2026-12-31,synthetic_scenario,Book balance anchored to sample data when supplied; physical count is simulated
398,10,404,0.0,404,2026-12-31,synthetic_scenario,Book balance anchored to sample data when supplied; physical count is simulated
398,20,550,0.0,550,2026-12-31,synthetic_scenario,Book balance anchored to sample data when supplied; physical count is simulated
399,5,366,0.0,366,2026-12-31,synthetic_scenario,Book balance anchored to sample data when supplied; physical count is simulated
399,10,398,0.0,398,2026-12-31,synthetic_scenario,Book balance anchored to sample data when supplied; physical count is simulated
399,20,544,0.0,544,2026-12-31,synthetic_scenario,Book balance anchored to sample data when supplied; physical count is simulated
400,5,260,0.0,260,2026-12-31,synthetic_scenario,Book balance anchored to sample data when supplied; physical count is simulated
400,10,246,0.0,246,2026-12-31,synthetic_scenario,Book balance anchored to sample data when supplied; physical count is simulated
400,20,284,0.0,284,2026-12-31,synthetic_scenario,Book balance anchored to sample data when supplied; physical count is simulated
401,5,283,0.0,283,2026-12-31,synthetic_scenario,Book balance anchored to sample data when supplied; physical count is simulated
401,10,212,0.0,212,2026-12-31,synthetic_scenario,Book balance anchored to sample data when supplied; physical count is simulated
401,20,302,0.0,302,2026-12-31,synthetic_scenario,Book balance anchored to sample data when supplied; physical count is simulated
402,1,316,0.0,316,2026-12-31,synthetic_scenario,Book balance anchored to sample data when supplied; physical count is simulated
402,6,353,0.0,353,2026-12-31,synthetic_scenario,Book balance anchored to sample data when supplied; physical count is simulated
402,50,321,0.0,321,2026-12-31,synthetic_scenario,Book balance anchored to sample data when supplied; physical count is simulated
403,1,313,0.0,313,2026-12-31,synthetic_scenario,Book balance anchored to sample data when supplied; physical count is simulated
403,6,350,0.0,350,2026-12-31,synthetic_scenario,Book balance anchored to sample data when supplied; physical count is simulated
403,50,318,0.0,318,2026-12-31,synthetic_scenario,Book balance anchored to sample data when supplied; physical count is simulated
404,1,310,0.0,310,2026-12-31,synthetic_scenario,Book balance anchored to sample data when supplied; physical count is simulated
404,6,347,0.0,347,2026-12-31,synthetic_scenario,Book balance anchored to sample data when supplied; physical count is simulated
404,50,315,0.0,315,2026-12-31,synthetic_scenario,Book balance anchored to sample data when supplied; physical count is simulated
405,1,307,0.0,307,2026-12-31,synthetic_scenario,Book balance anchored to sample data when supplied; physical count is simulated
405,6,344,0.0,344,2026-12-31,synthetic_scenario,Book balance anchored to sample data when supplied; physical count is simulated
405,50,312,0.0,312,2026-12-31,synthetic_scenario,Book balance anchored to sample data when supplied; physical count is simulated
406,1,304,0.0,304,2026-12-31,synthetic_scenario,Book balance anchored to sample data when supplied; physical count is simulated
406,6,340,0.0,340,2026-12-31,synthetic_scenario,Book balance anchored to sample data when supplied; physical count is simulated
406,50,308,0.0,308,2026-12-31,synthetic_scenario,Book balance anchored to sample data when supplied; physical count is simulated
407,1,460,0.0,460,2026-12-31,synthetic_scenario,Book balance anchored to sample data when supplied; physical count is simulated
407,6,587,0.0,587,2026-12-31,synthetic_scenario,Book balance anchored to sample data when supplied; physical count is simulated
407,50,625,0.0,625,2026-12-31,synthetic_scenario,Book balance anchored to sample data when supplied; physical count is simulated
408,1,417,0.0,417,2026-12-31,synthetic_scenario,Book balance anchored to sample data when supplied; physical count is simulated
408,6,344,0.0,344,2026-12-31,synthetic_scenario,Book balance anchored to sample data when supplied; physical count is simulated
408,50,296,0.0,296,2026-12-31,synthetic_scenario,Book balance anchored to sample data when supplied; physical count is simulated
409,1,414,0.0,414,2026-12-31,synthetic_scenario,Book balance anchored to sample data when supplied; physical count is simulated
409,6,340,0.0,340,2026-12-31,synthetic_scenario,Book balance anchored to sample data when supplied; physical count is simulated
409,50,292,0.0,292,2026-12-31,synthetic_scenario,Book balance anchored to sample data when supplied; physical count is simulated
410,1,411,0.0,411,2026-12-31,synthetic_scenario,Book balance anchored to sample data when supplied; physical count is simulated
410,6,337,0.0,337,2026-12-31,synthetic_scenario,Book balance anchored to sample data when supplied; physical count is simulated
410,50,289,0.0,289,2026-12-31,synthetic_scenario,Book balance anchored to sample data when supplied; physical count is simulated
411,1,603,0.0,603,2026-12-31,synthetic_scenario,Book balance anchored to sample data when supplied; physical count is simulated
411,6,552,0.0,552,2026-12-31,synthetic_scenario,Book balance anchored to sample data when supplied; physical count is simulated
411,50,459,0.0,459,2026-12-31,synthetic_scenario,Book balance anchored to sample data when supplied; physical count is simulated
412,1,299,0.0,299,2026-12-31,synthetic_scenario,Book balance anchored to sample data when supplied; physical count is simulated
412,6,321,0.0,321,2026-12-31,synthetic_scenario,Book balance anchored to sample data when supplied; physical count is simulated
412,50,156,0.0,156,2026-12-31,synthetic_scenario,Book balance anchored to sample data when supplied; physical count is simulated
413,1,641,0.0,641,2026-12-31,synthetic_scenario,Book balance anchored to sample data when supplied; physical count is simulated
413,6,603,0.0,603,2026-12-31,synthetic_scenario,Book balance anchored to sample data when supplied; physical count is simulated
413,50,459,0.0,459,2026-12-31,synthetic_scenario,Book balance anchored to sample data when supplied; physical count is simulated
414,1,427,0.0,427,2026-12-31,synthetic_scenario,Book balance anchored to sample data when supplied; physical count is simulated
414,6,321,0.0,321,2026-12-31,synthetic_scenario,Book balance anchored to sample data when supplied; physical count is simulated
414,50,371,0.0,371,2026-12-31,synthetic_scenario,Book balance anchored to sample data when supplied; physical count is simulated
415,1,422,0.0,422,2026-12-31,synthetic_scenario,Book balance anchored to sample data when supplied; physical count is simulated
415,6,316,0.0,316,2026-12-31,synthetic_scenario,Book balance anchored to sample data when supplied; physical count is simulated
415,50,366,0.0,366,2026-12-31,synthetic_scenario,Book balance anchored to sample data when supplied; physical count is simulated
416,1,417,0.0,417,2026-12-31,synthetic_scenario,Book balance anchored to sample data when supplied; physical count is simulated
416,6,312,0.0,312,2026-12-31,synthetic_scenario,Book balance anchored to sample data when supplied; physical count is simulated
416,50,361,0.0,361,2026-12-31,synthetic_scenario,Book balance anchored to sample data when supplied; physical count is simulated
417,1,572,0.0,572,2026-12-31,synthetic_scenario,Book balance anchored to sample data when supplied; physical count is simulated
417,6,627,0.0,627,2026-12-31,synthetic_scenario,Book balance anchored to sample data when supplied; physical count is simulated
417,50,516,0.0,516,2026-12-31,synthetic_scenario,Book balance anchored to sample data when supplied; physical count is simulated
418,1,248,0.0,248,2026-12-31,synthetic_scenario,Book balance anchored to sample data when supplied; physical count is simulated
418,6,283,0.0,283,2026-12-31,synthetic_scenario,Book balance anchored to sample data when supplied; physical count is simulated
418,50,388,0.0,388,2026-12-31,synthetic_scenario,Book balance anchored to sample data when supplied; physical count is simulated
419,1,246,0.0,246,2026-12-31,synthetic_scenario,Book balance anchored to sample data when supplied; physical count is simulated
419,6,281,0.0,281,2026-12-31,synthetic_scenario,Book balance anchored to sample data when supplied; physical count is simulated
419,50,387,0.0,387,2026-12-31,synthetic_scenario,Book balance anchored to sample data when supplied; physical count is simulated
420,1,244,0.0,244,2026-12-31,synthetic_scenario,Book balance anchored to sample data when supplied; physical count is simulated
420,6,280,0.0,280,2026-12-31,synthetic_scenario,Book balance anchored to sample data when supplied; physical count is simulated
420,50,385,0.0,385,2026-12-31,synthetic_scenario,Book balance anchored to sample data when supplied; physical count is simulated
421,1,243,0.0,243,2026-12-31,synthetic_scenario,Book balance anchored to sample data when supplied; physical count is simulated
421,6,278,0.0,278,2026-12-31,synthetic_scenario,Book balance anchored to sample data when supplied; physical count is simulated
421,50,384,0.0,384,2026-12-31,synthetic_scenario,Book balance anchored to sample data when supplied; physical count is simulated
422,1,620,0.0,620,2026-12-31,synthetic_scenario,Book balance anchored to sample data when supplied; physical count is simulated
422,6,515,0.0,515,2026-12-31,synthetic_scenario,Book balance anchored to sample data when supplied; physical count is simulated
422,50,497,0.0,497,2026-12-31,synthetic_scenario,Book balance anchored to sample data when supplied; physical count is simulated
423,1,619,0.0,619,2026-12-31,synthetic_scenario,Book balance anchored to sample data when supplied; physical count is simulated
423,6,513,0.0,513,2026-12-31,synthetic_scenario,Book balance anchored to sample data when supplied; physical count is simulated
423,50,496,0.0,496,2026-12-31,synthetic_scenario,Book balance anchored to sample data when supplied; physical count is simulated
424,1,617,0.0,617,2026-12-31,synthetic_scenario,Book balance anchored to sample data when supplied; physical count is simulated
424,6,512,0.0,512,2026-12-31,synthetic_scenario,Book balance anchored to sample data when supplied; physical count is simulated
424,50,494,0.0,494,2026-12-31,synthetic_scenario,Book balance anchored to sample data when supplied; physical count is simulated
425,1,616,0.0,616,2026-12-31,synthetic_scenario,Book balance anchored to sample data when supplied; physical count is simulated
425,6,510,0.0,510,2026-12-31,synthetic_scenario,Book balance anchored to sample data when supplied; physical count is simulated
425,50,492,0.0,492,2026-12-31,synthetic_scenario,Book balance anchored to sample data when supplied; physical count is simulated
426,1,614,0.0,614,2026-12-31,synthetic_scenario,Book balance anchored to sample data when supplied; physical count is simulated
426,6,508,0.0,508,2026-12-31,synthetic_scenario,Book balance anchored to sample data when supplied; physical count is simulated
426,50,491,0.0,491,2026-12-31,synthetic_scenario,Book balance anchored to sample data when supplied; physical count is simulated
427,1,612,0.0,612,2026-12-31,synthetic_scenario,Book balance anchored to sample data when supplied; physical count is simulated
427,6,507,0.0,507,2026-12-31,synthetic_scenario,Book balance anchored to sample data when supplied; physical count is simulated
427,50,489,0.0,489,2026-12-31,synthetic_scenario,Book balance anchored to sample data when supplied; physical count is simulated
428,1,611,0.0,611,2026-12-31,synthetic_scenario,Book balance anchored to sample data when supplied; physical count is simulated
428,6,505,0.0,505,2026-12-31,synthetic_scenario,Book balance anchored to sample data when supplied; physical count is simulated
428,50,488,0.0,488,2026-12-31,synthetic_scenario,Book balance anchored to sample data when supplied; physical count is simulated
429,1,609,0.0,609,2026-12-31,synthetic_scenario,Book balance anchored to sample data when supplied; physical count is simulated
429,6,504,0.0,504,2026-12-31,synthetic_scenario,Book balance anchored to sample data when supplied; physical count is simulated
429,50,486,0.0,486,2026-12-31,synthetic_scenario,Book balance anchored to sample data when supplied; physical count is simulated
430,1,608,0.0,608,2026-12-31,synthetic_scenario,Book balance anchored to sample data when supplied; physical count is simulated
430,6,502,0.0,502,2026-12-31,synthetic_scenario,Book balance anchored to sample data when supplied; physical count is simulated
430,50,484,0.0,484,2026-12-31,synthetic_scenario,Book balance anchored to sample data when supplied; physical count is simulated
431,1,611,0.0,611,2026-12-31,synthetic_scenario,Book balance anchored to sample data when supplied; physical count is simulated
431,6,505,0.0,505,2026-12-31,synthetic_scenario,Book balance anchored to sample data when supplied; physical count is simulated
431,50,488,0.0,488,2026-12-31,synthetic_scenario,Book balance anchored to sample data when supplied; physical count is simulated
432,1,614,0.0,614,2026-12-31,synthetic_scenario,Book balance anchored to sample data when supplied; physical count is simulated
432,6,508,0.0,508,2026-12-31,synthetic_scenario,Book balance anchored to sample data when supplied; physical count is simulated
432,50,491,0.0,491,2026-12-31,synthetic_scenario,Book balance anchored to sample data when supplied; physical count is simulated
433,1,617,0.0,617,2026-12-31,synthetic_scenario,Book balance anchored to sample data when supplied; physical count is simulated
433,6,512,0.0,512,2026-12-31,synthetic_scenario,Book balance anchored to sample data when supplied; physical count is simulated
433,50,494,0.0,494,2026-12-31,synthetic_scenario,Book balance anchored to sample data when supplied; physical count is simulated
434,1,620,0.0,620,2026-12-31,synthetic_scenario,Book balance anchored to sample data when supplied; physical count is simulated
434,6,515,0.0,515,2026-12-31,synthetic_scenario,Book balance anchored to sample data when supplied; physical count is simulated
434,50,497,0.0,499,2026-12-31,synthetic_scenario,Book balance anchored to sample data when supplied; physical count is simulated
435,1,624,0.0,623,2026-12-31,synthetic_scenario,Book balance anchored to sample data when supplied; physical count is simulated
435,6,518,0.0,518,2026-12-31,synthetic_scenario,Book balance anchored to sample data when supplied; physical count is simulated
435,50,500,0.0,500,2026-12-31,synthetic_scenario,Book balance anchored to sample data when supplied; physical count is simulated
436,1,627,0.0,627,2026-12-31,synthetic_scenario,Book balance anchored to sample data when supplied; physical count is simulated
436,6,521,0.0,521,2026-12-31,synthetic_scenario,Book balance anchored to sample data when supplied; physical count is simulated
436,50,504,0.0,504,2026-12-31,synthetic_scenario,Book balance anchored to sample data when supplied; physical count is simulated
437,1,630,0.0,630,2026-12-31,synthetic_scenario,Book balance anchored to sample data when supplied; physical count is simulated
437,6,524,0.0,524,2026-12-31,synthetic_scenario,Book balance anchored to sample data when supplied; physical count is simulated
437,50,507,0.0,507,2026-12-31,synthetic_scenario,Book balance anchored to sample data when supplied; physical count is simulated
438,1,633,0.0,633,2026-12-31,synthetic_scenario,Book balance anchored to sample data when supplied; physical count is simulated
438,6,528,0.0,528,2026-12-31,synthetic_scenario,Book balance anchored to sample data when supplied; physical count is simulated
438,50,510,0.0,510,2026-12-31,synthetic_scenario,Book balance anchored to sample data when supplied; physical count is simulated
439,1,636,0.0,636,2026-12-31,synthetic_scenario,Book balance anchored to sample data when supplied; physical count is simulated
439,6,531,0.0,531,2026-12-31,synthetic_scenario,Book balance anchored to sample data when supplied; physical count is simulated
439,50,513,0.0,513,2026-12-31,synthetic_scenario,Book balance anchored to sample data when supplied; physical count is simulated
440,1,640,0.0,640,2026-12-31,synthetic_scenario,Book balance anchored to sample data when supplied; physical count is simulated
440,6,534,0.0,534,2026-12-31,synthetic_scenario,Book balance anchored to sample data when supplied; physical count is simulated
440,50,516,0.0,516,2026-12-31,synthetic_scenario,Book balance anchored to sample data when supplied; physical count is simulated
441,1,635,0.0,635,2026-12-31,synthetic_scenario,Book balance anchored to sample data when supplied; physical count is simulated
441,6,529,0.0,529,2026-12-31,synthetic_scenario,Book balance anchored to sample data when supplied; physical count is simulated
441,50,512,0.0,512,2026-12-31,synthetic_scenario,Book balance anchored to sample data when supplied; physical count is simulated
442,1,630,0.0,630,2026-12-31,synthetic_scenario,Book balance anchored to sample data when supplied; physical count is simulated
442,6,524,0.0,524,2026-12-31,synthetic_scenario,Book balance anchored to sample data when supplied; physical count is simulated
442,50,507,0.0,507,2026-12-31,synthetic_scenario,Book balance anchored to sample data when supplied; physical count is simulated
443,1,625,0.0,625,2026-12-31,synthetic_scenario,Book balance anchored to sample data when supplied; physical count is simulated
443,6,520,0.0,520,2026-12-31,synthetic_scenario,Book balance anchored to sample data when supplied; physical count is simulated
443,50,502,0.0,502,2026-12-31,synthetic_scenario,Book balance anchored to sample data when supplied; physical count is simulated
444,1,620,0.0,620,2026-12-31,synthetic_scenario,Book balance anchored to sample data when supplied; physical count is simulated
444,6,515,0.0,515,2026-12-31,synthetic_scenario,Book balance anchored to sample data when supplied; physical count is simulated
444,50,497,0.0,497,2026-12-31,synthetic_scenario,Book balance anchored to sample data when supplied; physical count is simulated
445,1,616,0.0,616,2026-12-31,synthetic_scenario,Book balance anchored to sample data when supplied; physical count is simulated
445,6,510,0.0,510,2026-12-31,synthetic_scenario,Book balance anchored to sample data when supplied; physical count is simulated
445,50,492,0.0,492,2026-12-31,synthetic_scenario,Book balance anchored to sample data when supplied; physical count is simulated
446,1,611,0.0,611,2026-12-31,synthetic_scenario,Book balance anchored to sample data when supplied; physical count is simulated
446,6,505,0.0,505,2026-12-31,synthetic_scenario,Book balance anchored to sample data when supplied; physical count is simulated
446,50,488,0.0,490,2026-12-31,synthetic_scenario,Book balance anchored to sample data when supplied; physical count is simulated
447,1,606,0.0,606,2026-12-31,synthetic_scenario,Book balance anchored to sample data when supplied; physical count is simulated
447,6,500,0.0,501,2026-12-31,synthetic_scenario,Book balance anchored to sample data when supplied; physical count is simulated
447,50,483,0.0,483,2026-12-31,synthetic_scenario,Book balance anchored to sample data when supplied; physical count is simulated
448,1,601,0.0,601,2026-12-31,synthetic_scenario,Book balance anchored to sample data when supplied; physical count is simulated
448,6,496,0.0,496,2026-12-31,synthetic_scenario,Book balance anchored to sample data when supplied; physical count is simulated
448,50,478,0.0,478,2026-12-31,synthetic_scenario,Book balance anchored to sample data when supplied; physical count is simulated
449,1,596,0.0,596,2026-12-31,synthetic_scenario,Book balance anchored to sample data when supplied; physical count is simulated
449,6,491,0.0,491,2026-12-31,synthetic_scenario,Book balance anchored to sample data when supplied; physical count is simulated
449,50,473,0.0,473,2026-12-31,synthetic_scenario,Book balance anchored to sample data when supplied; physical count is simulated
450,1,592,0.0,592,2026-12-31,synthetic_scenario,Book balance anchored to sample data when supplied; physical count is simulated
450,6,486,0.0,486,2026-12-31,synthetic_scenario,Book balance anchored to sample data when supplied; physical count is simulated
450,50,468,0.0,468,2026-12-31,synthetic_scenario,Book balance anchored to sample data when supplied; physical count is simulated
451,1,595,0.0,595,2026-12-31,synthetic_scenario,Book balance anchored to sample data when supplied; physical count is simulated
451,6,489,0.0,489,2026-12-31,synthetic_scenario,Book balance anchored to sample data when supplied; physical count is simulated
451,50,472,0.0,472,2026-12-31,synthetic_scenario,Book balance anchored to sample data when supplied; physical count is simulated
452,1,598,0.0,598,2026-12-31,synthetic_scenario,Book balance anchored to sample data when supplied; physical count is simulated
452,6,492,0.0,492,2026-12-31,synthetic_scenario,Book balance anchored to sample data when supplied; physical count is simulated
452,50,475,0.0,476,2026-12-31,synthetic_scenario,Book balance anchored to sample data when supplied; physical count is simulated
453,1,601,0.0,601,2026-12-31,synthetic_scenario,Book balance anchored to sample data when supplied; physical count is simulated
453,6,496,0.0,497,2026-12-31,synthetic_scenario,Book balance anchored to sample data when supplied; physical count is simulated
453,50,478,0.0,478,2026-12-31,synthetic_scenario,Book balance anchored to sample data when supplied; physical count is simulated
454,1,604,0.0,604,2026-12-31,synthetic_scenario,Book balance anchored to sample data when supplied; physical count is simulated
454,6,499,0.0,499,2026-12-31,synthetic_scenario,Book balance anchored to sample data when supplied; physical count is simulated
454,50,481,0.0,481,2026-12-31,synthetic_scenario,Book balance anchored to sample data when supplied; physical count is simulated
455,1,608,0.0,608,2026-12-31,synthetic_scenario,Book balance anchored to sample data when supplied; physical count is simulated
455,6,502,0.0,502,2026-12-31,synthetic_scenario,Book balance anchored to sample data when supplied; physical count is simulated
455,50,484,0.0,484,2026-12-31,synthetic_scenario,Book balance anchored to sample data when supplied; physical count is simulated
456,1,611,0.0,611,2026-12-31,synthetic_scenario,Book balance anchored to sample data when supplied; physical count is simulated
456,6,505,0.0,505,2026-12-31,synthetic_scenario,Book balance anchored to sample data when supplied; physical count is simulated
456,50,488,0.0,488,2026-12-31,synthetic_scenario,Book balance anchored to sample data when supplied; physical count is simulated
457,1,614,0.0,614,2026-12-31,synthetic_scenario,Book balance anchored to sample data when supplied; physical count is simulated
457,6,508,0.0,508,2026-12-31,synthetic_scenario,Book balance anchored to sample data when supplied; physical count is simulated
457,50,491,0.0,491,2026-12-31,synthetic_scenario,Book balance anchored to sample data when supplied; physical count is simulated
458,1,617,0.0,617,2026-12-31,synthetic_scenario,Book balance anchored to sample data when supplied; physical count is simulated
458,6,512,0.0,512,2026-12-31,synthetic_scenario,Book balance anchored to sample data when supplied; physical count is simulated
458,50,494,0.0,494,2026-12-31,synthetic_scenario,Book balance anchored to sample data when supplied; physical count is simulated
459,1,620,0.0,620,2026-12-31,synthetic_scenario,Book balance anchored to sample data when supplied; physical count is simulated
459,6,515,0.0,515,2026-12-31,synthetic_scenario,Book balance anchored to sample data when supplied; physical count is simulated
459,50,497,0.0,497,2026-12-31,synthetic_scenario,Book balance anchored to sample data when supplied; physical count is simulated
460,1,624,0.0,624,2026-12-31,synthetic_scenario,Book balance anchored to sample data when supplied; physical count is simulated
460,6,518,0.0,518,2026-12-31,synthetic_scenario,Book balance anchored to sample data when supplied; physical count is simulated
460,50,500,0.0,500,2026-12-31,synthetic_scenario,Book balance anchored to sample data when supplied; physical count is simulated
461,1,627,0.0,627,2026-12-31,synthetic_scenario,Book balance anchored to sample data when supplied; physical count is simulated
461,6,521,0.0,521,2026-12-31,synthetic_scenario,Book balance anchored to sample data when supplied; physical count is simulated
461,50,504,0.0,504,2026-12-31,synthetic_scenario,Book balance anchored to sample data when supplied; physical count is simulated
462,1,310,0.0,310,2026-12-31,synthetic_scenario,Book balance anchored to sample data when supplied; physical count is simulated
462,6,204,0.0,204,2026-12-31,synthetic_scenario,Book balance anchored to sample data when supplied; physical count is simulated
462,50,187,0.0,187,2026-12-31,synthetic_scenario,Book balance anchored to sample data when supplied; physical count is simulated
463,1,499,0.0,499,2026-12-31,synthetic_scenario,Book balance anchored to sample data when supplied; physical count is simulated
463,6,566,0.0,566,2026-12-31,synthetic_scenario,Book balance anchored to sample data when supplied; physical count is simulated
463,50,620,0.0,622,2026-12-31,synthetic_scenario,Book balance anchored to sample data when supplied; physical count is simulated
464,1,500,0.0,500,2026-12-31,synthetic_scenario,Book balance anchored to sample data when supplied; physical count is simulated
464,6,568,0.0,569,2026-12-31,synthetic_scenario,Book balance anchored to sample data when supplied; physical count is simulated
464,50,622,0.0,622,2026-12-31,synthetic_scenario,Book balance anchored to sample data when supplied; physical count is simulated
465,1,502,0.0,502,2026-12-31,synthetic_scenario,Book balance anchored to sample data when supplied; physical count is simulated
465,6,569,0.0,569,2026-12-31,synthetic_scenario,Book balance anchored to sample data when supplied; physical count is simulated
465,50,624,0.0,624,2026-12-31,synthetic_scenario,Book balance anchored to sample data when supplied; physical count is simulated
466,1,504,0.0,505,2026-12-31,synthetic_scenario,Book balance anchored to sample data when supplied; physical count is simulated
466,6,571,0.0,571,2026-12-31,synthetic_scenario,Book balance anchored to sample data when supplied; physical count is simulated
466,50,625,0.0,625,2026-12-31,synthetic_scenario,Book balance anchored to sample data when supplied; physical count is simulated
467,1,505,0.0,505,2026-12-31,synthetic_scenario,Book balance anchored to sample data when supplied; physical count is simulated
467,6,572,0.0,572,2026-12-31,synthetic_scenario,Book balance anchored to sample data when supplied; physical count is simulated
467,50,627,0.0,627,2026-12-31,synthetic_scenario,Book balance anchored to sample data when supplied; physical count is simulated
468,1,507,0.0,507,2026-12-31,synthetic_scenario,Book balance anchored to sample data when supplied; physical count is simulated
468,6,574,0.0,574,2026-12-31,synthetic_scenario,Book balance anchored to sample data when supplied; physical count is simulated
468,50,628,0.0,628,2026-12-31,synthetic_scenario,Book balance anchored to sample data when supplied; physical count is simulated
469,1,508,0.0,508,2026-12-31,synthetic_scenario,Book balance anchored to sample data when supplied; physical count is simulated
469,6,576,0.0,576,2026-12-31,synthetic_scenario,Book balance anchored to sample data when supplied; physical count is simulated
469,50,630,0.0,630,2026-12-31,synthetic_scenario,Book balance anchored to sample data when supplied; physical count is simulated
470,1,510,0.0,510,2026-12-31,synthetic_scenario,Book balance anchored to sample data when supplied; physical count is simulated
470,6,577,0.0,577,2026-12-31,synthetic_scenario,Book balance anchored to sample data when supplied; physical count is simulated
470,50,632,0.0,632,2026-12-31,synthetic_scenario,Book balance anchored to sample data when supplied; physical count is simulated
471,1,512,0.0,512,2026-12-31,synthetic_scenario,Book balance anchored to sample data when supplied; physical count is simulated
471,6,579,0.0,579,2026-12-31,synthetic_scenario,Book balance anchored to sample data when supplied; physical count is simulated
471,50,633,0.0,633,2026-12-31,synthetic_scenario,Book balance anchored to sample data when supplied; physical count is simulated
472,1,513,0.0,513,2026-12-31,synthetic_scenario,Book balance anchored to sample data when supplied; physical count is simulated
472,6,580,0.0,580,2026-12-31,synthetic_scenario,Book balance anchored to sample data when supplied; physical count is simulated
472,50,635,0.0,635,2026-12-31,synthetic_scenario,Book balance anchored to sample data when supplied; physical count is simulated
473,1,515,0.0,515,2026-12-31,synthetic_scenario,Book balance anchored to sample data when supplied; physical count is simulated
473,6,582,0.0,582,2026-12-31,synthetic_scenario,Book balance anchored to sample data when supplied; physical count is simulated
473,50,636,0.0,636,2026-12-31,synthetic_scenario,Book balance anchored to sample data when supplied; physical count is simulated
474,1,516,0.0,516,2026-12-31,synthetic_scenario,Book balance anchored to sample data when supplied; physical count is simulated
474,6,584,0.0,584,2026-12-31,synthetic_scenario,Book balance anchored to sample data when supplied; physical count is simulated
474,50,638,0.0,638,2026-12-31,synthetic_scenario,Book balance anchored to sample data when supplied; physical count is simulated
475,1,518,0.0,518,2026-12-31,synthetic_scenario,Book balance anchored to sample data when supplied; physical count is simulated
475,6,585,0.0,582,2026-12-31,synthetic_scenario,Book balance anchored to sample data when supplied; physical count is simulated
475,50,640,0.0,640,2026-12-31,synthetic_scenario,Book balance anchored to sample data when supplied; physical count is simulated
476,5,324,0.0,324,2026-12-31,synthetic_scenario,Book balance anchored to sample data when supplied; physical count is simulated
476,10,404,0.0,404,2026-12-31,synthetic_scenario,Book balance anchored to sample data when supplied; physical count is simulated
476,20,355,0.0,355,2026-12-31,synthetic_scenario,Book balance anchored to sample data when supplied; physical count is simulated
477,2,403,0.0,403,2026-12-31,synthetic_scenario,Book balance anchored to sample data when supplied; physical count is simulated
477,5,323,0.0,323,2026-12-31,synthetic_scenario,Book balance anchored to sample data when supplied; physical count is simulated
477,10,353,0.0,353,2026-12-31,synthetic_scenario,Book balance anchored to sample data when supplied; physical count is simulated
478,2,497,0.0,497,2026-12-31,synthetic_scenario,Book balance anchored to sample data when supplied; physical count is simulated
478,5,568,0.0,568,2026-12-31,synthetic_scenario,Book balance anchored to sample data when supplied; physical count is simulated
478,10,622,0.0,622,2026-12-31,synthetic_scenario,Book balance anchored to sample data when supplied; physical count is simulated
479,2,441,0.0,441,2026-12-31,synthetic_scenario,Book balance anchored to sample data when supplied; physical count is simulated
479,5,390,0.0,390,2026-12-31,synthetic_scenario,Book balance anchored to sample data when supplied; physical count is simulated
479,10,198,0.0,198,2026-12-31,synthetic_scenario,Book balance anchored to sample data when supplied; physical count is simulated
480,2,689,0.0,689,2026-12-31,synthetic_scenario,Book balance anchored to sample data when supplied; physical count is simulated
480,5,515,0.0,515,2026-12-31,synthetic_scenario,Book balance anchored to sample data when supplied; physical count is simulated
480,10,457,0.0,457,2026-12-31,synthetic_scenario,Book balance anchored to sample data when supplied; physical count is simulated
481,2,427,0.0,427,2026-12-31,synthetic_scenario,Book balance anchored to sample data when supplied; physical count is simulated
481,5,374,0.0,374,2026-12-31,synthetic_scenario,Book balance anchored to sample data when supplied; physical count is simulated
481,10,196,0.0,197,2026-12-31,synthetic_scenario,Book balance anchored to sample data when supplied; physical count is simulated
482,2,321,0.0,321,2026-12-31,synthetic_scenario,Book balance anchored to sample data when supplied; physical count is simulated
482,5,427,0.0,427,2026-12-31,synthetic_scenario,Book balance anchored to sample data when supplied; physical count is simulated
482,10,176,0.0,176,2026-12-31,synthetic_scenario,Book balance anchored to sample data when supplied; physical count is simulated
483,2,691,0.0,691,2026-12-31,synthetic_scenario,Book balance anchored to sample data when supplied; physical count is simulated
483,5,531,0.0,531,2026-12-31,synthetic_scenario,Book balance anchored to sample data when supplied; physical count is simulated
483,10,459,0.0,459,2026-12-31,synthetic_scenario,Book balance anchored to sample data when supplied; physical count is simulated
484,2,427,0.0,427,2026-12-31,synthetic_scenario,Book balance anchored to sample data when supplied; physical count is simulated
484,5,374,0.0,374,2026-12-31,synthetic_scenario,Book balance anchored to sample data when supplied; physical count is simulated
484,10,196,0.0,196,2026-12-31,synthetic_scenario,Book balance anchored to sample data when supplied; physical count is simulated
485,2,321,0.0,321,2026-12-31,synthetic_scenario,Book balance anchored to sample data when supplied; physical count is simulated
485,5,427,0.0,427,2026-12-31,synthetic_scenario,Book balance anchored to sample data when supplied; physical count is simulated
485,10,176,0.0,176,2026-12-31,synthetic_scenario,Book balance anchored to sample data when supplied; physical count is simulated
486,2,689,0.0,689,2026-12-31,synthetic_scenario,Book balance anchored to sample data when supplied; physical count is simulated
486,5,515,0.0,515,2026-12-31,synthetic_scenario,Book balance anchored to sample data when supplied; physical count is simulated
486,10,457,0.0,457,2026-12-31,synthetic_scenario,Book balance anchored to sample data when supplied; physical count is simulated
487,2,331,0.0,331,2026-12-31,synthetic_scenario,Book balance anchored to sample data when supplied; physical count is simulated
487,5,337,0.0,337,2026-12-31,synthetic_scenario,Book balance anchored to sample data when supplied; physical count is simulated
487,10,324,0.0,324,2026-12-31,synthetic_scenario,Book balance anchored to sample data when supplied; physical count is simulated
488,2,312,0.0,312,2026-12-31,synthetic_scenario,Book balance anchored to sample data when supplied; physical count is simulated
488,5,318,0.0,318,2026-12-31,synthetic_scenario,Book balance anchored to sample data when supplied; physical count is simulated
488,10,305,0.0,307,2026-12-31,synthetic_scenario,Book balance anchored to sample data when supplied; physical count is simulated
489,1,612,0.0,612,2026-12-31,synthetic_scenario,Book balance anchored to sample data when supplied; physical count is simulated
489,6,619,0.0,619,2026-12-31,synthetic_scenario,Book balance anchored to sample data when supplied; physical count is simulated
489,50,606,0.0,606,2026-12-31,synthetic_scenario,Book balance anchored to sample data when supplied; physical count is simulated
490,1,593,0.0,593,2026-12-31,synthetic_scenario,Book balance anchored to sample data when supplied; physical count is simulated
490,6,600,0.0,600,2026-12-31,synthetic_scenario,Book balance anchored to sample data when supplied; physical count is simulated
490,50,587,0.0,587,2026-12-31,synthetic_scenario,Book balance anchored to sample data when supplied; physical count is simulated
491,1,254,0.0,254,2026-12-31,synthetic_scenario,Book balance anchored to sample data when supplied; physical count is simulated
491,6,420,0.0,420,2026-12-31,synthetic_scenario,Book balance anchored to sample data when supplied; physical count is simulated
491,50,248,0.0,248,2026-12-31,synthetic_scenario,Book balance anchored to sample data when supplied; physical count is simulated
492,3,17,0.0,17,2026-12-31,synthetic_scenario,Book balance anchored to sample data when supplied; physical count is simulated
492,4,14,0.0,14,2026-12-31,synthetic_scenario,Book balance anchored to sample data when supplied; physical count is simulated
492,40,16,0.0,16,2026-12-31,synthetic_scenario,Book balance anchored to sample data when supplied; physical count is simulated
493,3,41,0.0,41,2026-12-31,synthetic_scenario,Book balance anchored to sample data when supplied; physical count is simulated
493,4,24,0.0,24,2026-12-31,synthetic_scenario,Book balance anchored to sample data when supplied; physical count is simulated
493,40,28,0.0,28,2026-12-31,synthetic_scenario,Book balance anchored to sample data when supplied; physical count is simulated
494,3,49,0.0,49,2026-12-31,synthetic_scenario,Book balance anchored to sample data when supplied; physical count is simulated
494,4,12,0.0,12,2026-12-31,synthetic_scenario,Book balance anchored to sample data when supplied; physical count is simulated
494,40,4,0.0,4,2026-12-31,synthetic_scenario,Book balance anchored to sample data when supplied; physical count is simulated
495,3,49,0.0,49,2026-12-31,synthetic_scenario,Book balance anchored to sample data when supplied; physical count is simulated
495,4,35,0.0,35,2026-12-31,synthetic_scenario,Book balance anchored to sample data when supplied; physical count is simulated
495,40,25,0.0,25,2026-12-31,synthetic_scenario,Book balance anchored to sample data when supplied; physical count is simulated
496,3,30,0.0,30,2026-12-31,synthetic_scenario,Book balance anchored to sample data when supplied; physical count is simulated
496,4,25,0.0,25,2026-12-31,synthetic_scenario,Book balance anchored to sample data when supplied; physical count is simulated
496,40,44,0.0,44,2026-12-31,synthetic_scenario,Book balance anchored to sample data when supplied; physical count is simulated
497,1,336,0.0,336,2026-12-31,synthetic_scenario,Book balance anchored to sample data when supplied; physical count is simulated
497,6,364,0.0,364,2026-12-31,synthetic_scenario,Book balance anchored to sample data when supplied; physical count is simulated
497,50,273,0.0,273,2026-12-31,synthetic_scenario,Book balance anchored to sample data when supplied; physical count is simulated
504,1,392,0.0,392,2026-12-31,synthetic_scenario,Book balance anchored to sample data when supplied; physical count is simulated
504,6,372,0.0,372,2026-12-31,synthetic_scenario,Book balance anchored to sample data when supplied; physical count is simulated
504,50,320,0.0,319,2026-12-31,synthetic_scenario,Book balance anchored to sample data when supplied; physical count is simulated
505,1,388,0.0,388,2026-12-31,synthetic_scenario,Book balance anchored to sample data when supplied; physical count is simulated
505,6,299,0.0,299,2026-12-31,synthetic_scenario,Book balance anchored to sample data when supplied; physical count is simulated
505,50,283,0.0,283,2026-12-31,synthetic_scenario,Book balance anchored to sample data when supplied; physical count is simulated
506,1,316,0.0,316,2026-12-31,synthetic_scenario,Book balance anchored to sample data when supplied; physical count is simulated
506,6,390,0.0,390,2026-12-31,synthetic_scenario,Book balance anchored to sample data when supplied; physical count is simulated
506,50,121,0.0,121,2026-12-31,synthetic_scenario,Book balance anchored to sample data when supplied; physical count is simulated
507,6,673,0.0,673,2026-12-31,synthetic_scenario,Book balance anchored to sample data when supplied; physical count is simulated
507,50,542,0.0,542,2026-12-31,synthetic_scenario,Book balance anchored to sample data when supplied; physical count is simulated
508,6,681,0.0,681,2026-12-31,synthetic_scenario,Book balance anchored to sample data when supplied; physical count is simulated
508,50,550,0.0,550,2026-12-31,synthetic_scenario,Book balance anchored to sample data when supplied; physical count is simulated
509,6,689,0.0,689,2026-12-31,synthetic_scenario,Book balance anchored to sample data when supplied; physical count is simulated
509,50,558,0.0,558,2026-12-31,synthetic_scenario,Book balance anchored to sample data when supplied; physical count is simulated
510,6,406,0.0,406,2026-12-31,synthetic_scenario,Book balance anchored to sample data when supplied; physical count is simulated
510,50,316,0.0,316,2026-12-31,synthetic_scenario,Book balance anchored to sample data when supplied; physical count is simulated
511,6,390,0.0,390,2026-12-31,synthetic_scenario,Book balance anchored to sample data when supplied; physical count is simulated
511,50,350,0.0,350,2026-12-31,synthetic_scenario,Book balance anchored to sample data when supplied; physical count is simulated
512,6,334,0.0,334,2026-12-31,synthetic_scenario,Book balance anchored to sample data when supplied; physical count is simulated
512,50,281,0.0,281,2026-12-31,synthetic_scenario,Book balance anchored to sample data when supplied; physical count is simulated
513,6,640,0.0,640,2026-12-31,synthetic_scenario,Book balance anchored to sample data when supplied; physical count is simulated
513,50,724,0.0,724,2026-12-31,synthetic_scenario,Book balance anchored to sample data when supplied; physical count is simulated
514,6,267,98.77,267,2026-12-31,synthetic_scenario,Book balance anchored to sample data when supplied; physical count is simulated
514,50,318,98.77,318,2026-12-31,synthetic_scenario,Book balance anchored to sample data when supplied; physical count is simulated
514,60,212,98.77,212,2026-12-31,synthetic_scenario,Book balance anchored to sample data when supplied; physical count is simulated
515,6,268,108.99,268,2026-12-31,synthetic_scenario,Book balance anchored to sample data when supplied; physical count is simulated
515,50,320,108.99,320,2026-12-31,synthetic_scenario,Book balance anchored to sample data when supplied; physical count is simulated
515,60,214,108.99,214,2026-12-31,synthetic_scenario,Book balance anchored to sample data when supplied; physical count is simulated
516,6,270,145.87,270,2026-12-31,synthetic_scenario,Book balance anchored to sample data when supplied; physical count is simulated
516,50,321,145.87,321,2026-12-31,synthetic_scenario,Book balance anchored to sample data when supplied; physical count is simulated
516,60,216,145.87,216,2026-12-31,synthetic_scenario,Book balance anchored to sample data when supplied; physical count is simulated
517,6,272,98.77,272,2026-12-31,synthetic_scenario,Book balance anchored to sample data when supplied; physical count is simulated
517,50,323,98.77,323,2026-12-31,synthetic_scenario,Book balance anchored to sample data when supplied; physical count is simulated
517,60,217,98.77,217,2026-12-31,synthetic_scenario,Book balance anchored to sample data when supplied; physical count is simulated
518,6,273,108.99,273,2026-12-31,synthetic_scenario,Book balance anchored to sample data when supplied; physical count is simulated
518,50,324,108.99,324,2026-12-31,synthetic_scenario,Book balance anchored to sample data when supplied; physical count is simulated
518,60,219,108.99,219,2026-12-31,synthetic_scenario,Book balance anchored to sample data when supplied; physical count is simulated
519,6,275,145.87,274,2026-12-31,synthetic_scenario,Book balance anchored to sample data when supplied; physical count is simulated
519,50,326,145.87,326,2026-12-31,synthetic_scenario,Book balance anchored to sample data when supplied; physical count is simulated
519,60,220,145.87,222,2026-12-31,synthetic_scenario,Book balance anchored to sample data when supplied; physical count is simulated
520,6,276,98.77,276,2026-12-31,synthetic_scenario,Book balance anchored to sample data when supplied; physical count is simulated
520,50,328,98.77,328,2026-12-31,synthetic_scenario,Book balance anchored to sample data when supplied; physical count is simulated
520,60,222,98.77,222,2026-12-31,synthetic_scenario,Book balance anchored to sample data when supplied; physical count is simulated
521,6,278,108.99,278,2026-12-31,synthetic_scenario,Book balance anchored to sample data when supplied; physical count is simulated
521,50,329,108.99,329,2026-12-31,synthetic_scenario,Book balance anchored to sample data when supplied; physical count is simulated
521,60,224,108.99,224,2026-12-31,synthetic_scenario,Book balance anchored to sample data when supplied; physical count is simulated
522,6,280,145.87,280,2026-12-31,synthetic_scenario,Book balance anchored to sample data when supplied; physical count is simulated
522,50,331,145.87,331,2026-12-31,synthetic_scenario,Book balance anchored to sample data when supplied; physical count is simulated
522,60,225,145.87,225,2026-12-31,synthetic_scenario,Book balance anchored to sample data when supplied; physical count is simulated
523,6,164,0.0,163,2026-12-31,synthetic_scenario,Book balance anchored to sample data when supplied; physical count is simulated
523,50,209,0.0,209,2026-12-31,synthetic_scenario,Book balance anchored to sample data when supplied; physical count is simulated
523,60,139,0.0,139,2026-12-31,synthetic_scenario,Book balance anchored to sample data when supplied; physical count is simulated
524,6,124,0.0,124,2026-12-31,synthetic_scenario,Book balance anchored to sample data when supplied; physical count is simulated
524,50,228,0.0,228,2026-12-31,synthetic_scenario,Book balance anchored to sample data when supplied; physical count is simulated
524,60,107,0.0,107,2026-12-31,synthetic_scenario,Book balance anchored to sample data when supplied; physical count is simulated
525,6,644,0.0,644,2026-12-31,synthetic_scenario,Book balance anchored to sample data when supplied; physical count is simulated
525,50,619,0.0,619,2026-12-31,synthetic_scenario,Book balance anchored to sample data when supplied; physical count is simulated
526,6,587,0.0,587,2026-12-31,synthetic_scenario,Book balance anchored to sample data when supplied; physical count is simulated
526,50,624,0.0,625,2026-12-31,synthetic_scenario,Book balance anchored to sample data when supplied; physical count is simulated
527,6,888,0.0,888,2026-12-31,synthetic_scenario,Book balance anchored to sample data when supplied; physical count is simulated
527,50,702,0.0,702,2026-12-31,synthetic_scenario,Book balance anchored to sample data when supplied; physical count is simulated
528,6,924,0.0,924,2026-12-31,synthetic_scenario,Book balance anchored to sample data when supplied; physical count is simulated
528,60,729,0.0,730,2026-12-31,synthetic_scenario,Book balance anchored to sample data when supplied; physical count is simulated
529,6,425,0.0,422,2026-12-31,synthetic_scenario,Book balance anchored to sample data when supplied; physical count is simulated
529,60,371,0.0,371,2026-12-31,synthetic_scenario,Book balance anchored to sample data when supplied; physical count is simulated
530,6,336,0.0,336,2026-12-31,synthetic_scenario,Book balance anchored to sample data when supplied; physical count is simulated
530,60,444,0.0,444,2026-12-31,synthetic_scenario,Book balance anchored to sample data when supplied; physical count is simulated
531,6,427,0.0,427,2026-12-31,synthetic_scenario,Book balance anchored to sample data when supplied; physical count is simulated
531,60,374,0.0,374,2026-12-31,synthetic_scenario,Book balance anchored to sample data when supplied; physical count is simulated
532,6,715,0.0,714,2026-12-31,synthetic_scenario,Book balance anchored to sample data when supplied; physical count is simulated
532,60,542,0.0,543,2026-12-31,synthetic_scenario,Book balance anchored to sample data when supplied; physical count is simulated
533,6,443,0.0,443,2026-12-31,synthetic_scenario,Book balance anchored to sample data when supplied; physical count is simulated
533,60,388,0.0,388,2026-12-31,synthetic_scenario,Book balance anchored to sample data when supplied; physical count is simulated
534,6,379,0.0,379,2026-12-31,synthetic_scenario,Book balance anchored to sample data when supplied; physical count is simulated
534,50,278,0.0,278,2026-12-31,synthetic_scenario,Book balance anchored to sample data when supplied; physical count is simulated
535,6,427,0.0,427,2026-12-31,synthetic_scenario,Book balance anchored to sample data when supplied; physical count is simulated
535,50,409,0.0,406,2026-12-31,synthetic_scenario,Book balance anchored to sample data when supplied; physical count is simulated
679,1,164,0.0,164,2026-12-31,synthetic_scenario,Book balance anchored to sample data when supplied; physical count is simulated
679,6,136,0.0,136,2026-12-31,synthetic_scenario,Book balance anchored to sample data when supplied; physical count is simulated
679,50,121,0.0,121,2026-12-31,synthetic_scenario,Book balance anchored to sample data when supplied; physical count is simulated
707,7,288,13.0863,288,2026-12-31,synthetic_scenario,Book balance anchored to sample data when supplied; physical count is simulated
708,7,324,13.0863,324,2026-12-31,synthetic_scenario,Book balance anchored to sample data when supplied; physical count is simulated
709,7,180,3.3963,180,2026-12-31,synthetic_scenario,Book balance anchored to sample data when supplied; physical count is simulated
710,7,216,3.3963,216,2026-12-31,synthetic_scenario,Book balance anchored to sample data when supplied; physical count is simulated
711,7,216,13.0863,216,2026-12-31,synthetic_scenario,Book balance anchored to sample data when supplied; physical count is simulated
712,7,288,6.9223,289,2026-12-31,synthetic_scenario,Book balance anchored to sample data when supplied; physical count is simulated
713,7,144,38.4923,144,2026-12-31,synthetic_scenario,Book balance anchored to sample data when supplied; physical count is simulated
714,7,180,38.4923,180,2026-12-31,synthetic_scenario,Book balance anchored to sample data when supplied; physical count is simulated
715,7,216,38.4923,216,2026-12-31,synthetic_scenario,Book balance anchored to sample data when supplied; physical count is simulated
716,7,252,38.4923,252,2026-12-31,synthetic_scenario,Book balance anchored to sample data when supplied; physical count is simulated
747,10,121,739.041,122,2026-12-31,synthetic_scenario,Book balance anchored to sample data when supplied; physical count is simulated
747,20,161,739.041,161,2026-12-31,synthetic_scenario,Book balance anchored to sample data when supplied; physical count is simulated
747,30,148,739.041,148,2026-12-31,synthetic_scenario,Book balance anchored to sample data when supplied; physical count is simulated
747,40,107,739.041,107,2026-12-31,synthetic_scenario,Book balance anchored to sample data when supplied; physical count is simulated
747,50,160,739.041,160,2026-12-31,synthetic_scenario,Book balance anchored to sample data when supplied; physical count is simulated
747,60,137,739.041,137,2026-12-31,synthetic_scenario,Book balance anchored to sample data when supplied; physical count is simulated
748,10,105,747.2002,105,2026-12-31,synthetic_scenario,Book balance anchored to sample data when supplied; physical count is simulated
748,20,145,747.2002,145,2026-12-31,synthetic_scenario,Book balance anchored to sample data when supplied; physical count is simulated
748,30,132,747.2002,132,2026-12-31,synthetic_scenario,Book balance anchored to sample data when supplied; physical count is simulated
748,45,91,747.2002,91,2026-12-31,synthetic_scenario,Book balance anchored to sample data when supplied; physical count is simulated
748,50,144,747.2002,144,2026-12-31,synthetic_scenario,Book balance anchored to sample data when supplied; physical count is simulated
748,60,121,747.2002,121,2026-12-31,synthetic_scenario,Book balance anchored to sample data when supplied; physical count is simulated
749,7,73,2171.2942,73,2026-12-31,synthetic_scenario,Book balance anchored to sample data when supplied; physical count is simulated
749,60,60,2171.2942,61,2026-12-31,synthetic_scenario,Book balance anchored to sample data when supplied; physical count is simulated
750,7,102,2171.2942,99,2026-12-31,synthetic_scenario,Book balance anchored to sample data when supplied; physical count is simulated
750,60,121,2171.2942,121,2026-12-31,synthetic_scenario,Book balance anchored to sample data when supplied; physical count is simulated
751,7,32,2171.2942,32,2026-12-31,synthetic_scenario,Book balance anchored to sample data when supplied; physical count is simulated
751,60,108,2171.2942,108,2026-12-31,synthetic_scenario,Book balance anchored to sample data when supplied; physical count is simulated
752,7,52,2171.2942,52,2026-12-31,synthetic_scenario,Book balance anchored to sample data when supplied; physical count is simulated
752,60,76,2171.2942,76,2026-12-31,synthetic_scenario,Book balance anchored to sample data when supplied; physical count is simulated
753,7,112,2171.2942,112,2026-12-31,synthetic_scenario,Book balance anchored to sample data when supplied; physical count is simulated
753,60,51,2171.2942,51,2026-12-31,synthetic_scenario,Book balance anchored to sample data when supplied; physical count is simulated
754,7,65,884.7083,65,2026-12-31,synthetic_scenario,Book balance anchored to sample data when supplied; physical count is simulated
754,60,83,884.7083,83,2026-12-31,synthetic_scenario,Book balance anchored to sample data when supplied; physical count is simulated
755,7,75,884.7083,75,2026-12-31,synthetic_scenario,Book balance anchored to sample data when supplied; physical count is simulated
755,60,62,884.7083,62,2026-12-31,synthetic_scenario,Book balance anchored to sample data when supplied; physical count is simulated
756,7,30,884.7083,30,2026-12-31,synthetic_scenario,Book balance anchored to sample data when supplied; physical count is simulated
756,60,99,884.7083,99,2026-12-31,synthetic_scenario,Book balance anchored to sample data when supplied; physical count is simulated
757,7,56,884.7083,56,2026-12-31,synthetic_scenario,Book balance anchored to sample data when supplied; physical count is simulated
757,60,78,884.7083,78,2026-12-31,synthetic_scenario,Book balance anchored to sample data when supplied; physical count is simulated
758,7,116,884.7083,116,2026-12-31,synthetic_scenario,Book balance anchored to sample data when supplied; physical count is simulated
758,60,49,884.7083,49,2026-12-31,synthetic_scenario,Book balance anchored to sample data when supplied; physical count is simulated
759,7,112,486.7066,112,2026-12-31,synthetic_scenario,Book balance anchored to sample data when supplied; physical count is simulated
759,60,51,486.7066,51,2026-12-31,synthetic_scenario,Book balance anchored to sample data when supplied; physical count is simulated
760,7,99,486.7066,99,2026-12-31,synthetic_scenario,Book balance anchored to sample data when supplied; physical count is simulated
760,60,86,486.7066,86,2026-12-31,synthetic_scenario,Book balance anchored to sample data when supplied; physical count is simulated
761,7,67,486.7066,67,2026-12-31,synthetic_scenario,Book balance anchored to sample data when supplied; physical count is simulated
761,60,81,486.7066,81,2026-12-31,synthetic_scenario,Book balance anchored to sample data when supplied; physical count is simulated
762,7,75,486.7066,75,2026-12-31,synthetic_scenario,Book balance anchored to sample data when supplied; physical count is simulated
762,60,62,486.7066,62,2026-12-31,synthetic_scenario,Book balance anchored to sample data when supplied; physical count is simulated
763,7,102,486.7066,102,2026-12-31,synthetic_scenario,Book balance anchored to sample data when supplied; physical count is simulated
763,60,121,486.7066,121,2026-12-31,synthetic_scenario,Book balance anchored to sample data when supplied; physical count is simulated
764,7,32,486.7066,32,2026-12-31,synthetic_scenario,Book balance anchored to sample data when supplied; physical count is simulated
764,60,108,486.7066,108,2026-12-31,synthetic_scenario,Book balance anchored to sample data when supplied; physical count is simulated
765,7,56,486.7066,56,2026-12-31,synthetic_scenario,Book balance anchored to sample data when supplied; physical count is simulated
765,60,78,486.7066,78,2026-12-31,synthetic_scenario,Book balance anchored to sample data when supplied; physical count is simulated
766,7,116,486.7066,116,2026-12-31,synthetic_scenario,Book balance anchored to sample data when supplied; physical count is simulated
766,60,49,486.7066,49,2026-12-31,synthetic_scenario,Book balance anchored to sample data when supplied; physical count is simulated
767,7,100,486.7066,100,2026-12-31,synthetic_scenario,Book balance anchored to sample data when supplied; physical count is simulated
767,60,88,486.7066,88,2026-12-31,synthetic_scenario,Book balance anchored to sample data when supplied; physical count is simulated
768,7,67,486.7066,67,2026-12-31,synthetic_scenario,Book balance anchored to sample data when supplied; physical count is simulated
768,60,81,486.7066,81,2026-12-31,synthetic_scenario,Book balance anchored to sample data when supplied; physical count is simulated
769,7,73,486.7066,73,2026-12-31,synthetic_scenario,Book balance anchored to sample data when supplied; physical count is simulated
769,60,60,486.7066,60,2026-12-31,synthetic_scenario,Book balance anchored to sample data when supplied; physical count is simulated
770,7,104,486.7066,104,2026-12-31,synthetic_scenario,Book balance anchored to sample data when supplied; physical count is simulated
770,60,123,486.7066,123,2026-12-31,synthetic_scenario,Book balance anchored to sample data when supplied; physical count is simulated
771,7,49,1912.1544,49,2026-12-31,synthetic_scenario,Book balance anchored to sample data when supplied; physical count is simulated
771,60,100,1912.1544,100,2026-12-31,synthetic_scenario,Book balance anchored to sample data when supplied; physical count is simulated
772,7,88,1912.1544,88,2026-12-31,synthetic_scenario,Book balance anchored to sample data when supplied; physical count is simulated
772,60,65,1912.1544,65,2026-12-31,synthetic_scenario,Book balance anchored to sample data when supplied; physical count is simulated
773,7,83,1912.1544,83,2026-12-31,synthetic_scenario,Book balance anchored to sample data when supplied; physical count is simulated
773,60,75,1912.1544,75,2026-12-31,synthetic_scenario,Book balance anchored to sample data when supplied; physical count is simulated
774,7,62,1912.1544,62,2026-12-31,synthetic_scenario,Book balance anchored to sample data when supplied; physical count is simulated
774,60,102,1912.1544,102,2026-12-31,synthetic_scenario,Book balance anchored to sample data when supplied; physical count is simulated
775,7,99,1898.0944,99,2026-12-31,synthetic_scenario,Book balance anchored to sample data when supplied; physical count is simulated
775,60,56,1898.0944,56,2026-12-31,synthetic_scenario,Book balance anchored to sample data when supplied; physical count is simulated
776,7,78,1898.0944,77,2026-12-31,synthetic_scenario,Book balance anchored to sample data when supplied; physical count is simulated
776,60,116,1898.0944,116,2026-12-31,synthetic_scenario,Book balance anchored to sample data when supplied; physical count is simulated
777,7,49,1898.0944,49,2026-12-31,synthetic_scenario,Book balance anchored to sample data when supplied; physical count is simulated
777,60,100,1898.0944,100,2026-12-31,synthetic_scenario,Book balance anchored to sample data when supplied; physical count is simulated
778,7,88,1898.0944,88,2026-12-31,synthetic_scenario,Book balance anchored to sample data when supplied; physical count is simulated
778,60,65,1898.0944,65,2026-12-31,synthetic_scenario,Book balance anchored to sample data when supplied; physical count is simulated
779,7,75,1265.6195,74,2026-12-31,synthetic_scenario,Book balance anchored to sample data when supplied; physical count is simulated
779,60,62,1265.6195,62,2026-12-31,synthetic_scenario,Book balance anchored to sample data when supplied; physical count is simulated
780,7,102,1265.6195,102,2026-12-31,synthetic_scenario,Book balance anchored to sample data when supplied; physical count is simulated
780,60,121,1265.6195,121,2026-12-31,synthetic_scenario,Book balance anchored to sample data when supplied; physical count is simulated
781,7,32,1265.6195,32,2026-12-31,synthetic_scenario,Book balance anchored to sample data when supplied; physical count is simulated
781,60,108,1265.6195,108,2026-12-31,synthetic_scenario,Book balance anchored to sample data when supplied; physical count is simulated
782,7,100,1251.9813,100,2026-12-31,synthetic_scenario,Book balance anchored to sample data when supplied; physical count is simulated
782,60,88,1251.9813,88,2026-12-31,synthetic_scenario,Book balance anchored to sample data when supplied; physical count is simulated
783,7,65,1251.9813,65,2026-12-31,synthetic_scenario,Book balance anchored to sample data when supplied; physical count is simulated
783,60,83,1251.9813,83,2026-12-31,synthetic_scenario,Book balance anchored to sample data when supplied; physical count is simulated
784,7,75,1251.9813,75,2026-12-31,synthetic_scenario,Book balance anchored to sample data when supplied; physical count is simulated
784,60,62,1251.9813,62,2026-12-31,synthetic_scenario,Book balance anchored to sample data when supplied; physical count is simulated
785,7,75,598.4354,75,2026-12-31,synthetic_scenario,Book balance anchored to sample data when supplied; physical count is simulated
785,60,62,598.4354,62,2026-12-31,synthetic_scenario,Book balance anchored to sample data when supplied; physical count is simulated
786,7,102,598.4354,102,2026-12-31,synthetic_scenario,Book balance anchored to sample data when supplied; physical count is simulated
786,60,121,598.4354,121,2026-12-31,synthetic_scenario,Book balance anchored to sample data when supplied; physical count is simulated
787,7,32,598.4354,32,2026-12-31,synthetic_scenario,Book balance anchored to sample data when supplied; physical count is simulated
787,60,108,598.4354,108,2026-12-31,synthetic_scenario,Book balance anchored to sample data when supplied; physical count is simulated
788,7,52,598.4354,52,2026-12-31,synthetic_scenario,Book balance anchored to sample data when supplied; physical count is simulated
788,60,76,598.4354,76,2026-12-31,synthetic_scenario,Book balance anchored to sample data when supplied; physical count is simulated
789,7,112,1518.7864,112,2026-12-31,synthetic_scenario,Book balance anchored to sample data when supplied; physical count is simulated
789,60,51,1518.7864,51,2026-12-31,synthetic_scenario,Book balance anchored to sample data when supplied; physical count is simulated
790,7,99,1518.7864,99,2026-12-31,synthetic_scenario,Book balance anchored to sample data when supplied; physical count is simulated
790,60,86,1518.7864,86,2026-12-31,synthetic_scenario,Book balance anchored to sample data when supplied; physical count is simulated
791,7,67,1518.7864,67,2026-12-31,synthetic_scenario,Book balance anchored to sample data when supplied; physical count is simulated
791,60,81,1518.7864,81,2026-12-31,synthetic_scenario,Book balance anchored to sample data when supplied; physical count is simulated
792,7,104,1554.9479,104,2026-12-31,synthetic_scenario,Book balance anchored to sample data when supplied; physical count is simulated
792,60,123,1554.9479,125,2026-12-31,synthetic_scenario,Book balance anchored to sample data when supplied; physical count is simulated
793,7,56,1554.9479,56,2026-12-31,synthetic_scenario,Book balance anchored to sample data when supplied; physical count is simulated
793,60,78,1554.9479,78,2026-12-31,synthetic_scenario,Book balance anchored to sample data when supplied; physical count is simulated
794,7,116,1554.9479,116,2026-12-31,synthetic_scenario,Book balance anchored to sample data when supplied; physical count is simulated
794,60,49,1554.9479,49,2026-12-31,synthetic_scenario,Book balance anchored to sample data when supplied; physical count is simulated
795,7,100,1554.9479,100,2026-12-31,synthetic_scenario,Book balance anchored to sample data when supplied; physical count is simulated
795,60,88,1554.9479,88,2026-12-31,synthetic_scenario,Book balance anchored to sample data when supplied; physical count is simulated
796,7,65,1554.9479,65,2026-12-31,synthetic_scenario,Book balance anchored to sample data when supplied; physical count is simulated
796,60,83,1554.9479,83,2026-12-31,synthetic_scenario,Book balance anchored to sample data when supplied; physical count is simulated
797,7,67,713.0798,67,2026-12-31,synthetic_scenario,Book balance anchored to sample data when supplied; physical count is simulated
797,60,81,713.0798,81,2026-12-31,synthetic_scenario,Book balance anchored to sample data when supplied; physical count is simulated
798,7,73,713.0798,73,2026-12-31,synthetic_scenario,Book balance anchored to sample data when supplied; physical count is simulated
798,60,60,713.0798,60,2026-12-31,synthetic_scenario,Book balance anchored to sample data when supplied; physical count is simulated
799,7,104,713.0798,104,2026-12-31,synthetic_scenario,Book balance anchored to sample data when supplied; physical count is simulated
799,60,123,713.0798,123,2026-12-31,synthetic_scenario,Book balance anchored to sample data when supplied; physical count is simulated
800,7,30,713.0798,30,2026-12-31,synthetic_scenario,Book balance anchored to sample data when supplied; physical count is simulated
800,60,99,713.0798,99,2026-12-31,synthetic_scenario,Book balance anchored to sample data when supplied; physical count is simulated
801,7,56,713.0798,56,2026-12-31,synthetic_scenario,Book balance anchored to sample data when supplied; physical count is simulated
801,60,78,713.0798,78,2026-12-31,synthetic_scenario,Book balance anchored to sample data when supplied; physical count is simulated
802,5,350,65.8097,350,2026-12-31,synthetic_scenario,Book balance anchored to sample data when supplied; physical count is simulated
802,10,240,65.8097,240,2026-12-31,synthetic_scenario,Book balance anchored to sample data when supplied; physical count is simulated
802,50,273,65.8097,273,2026-12-31,synthetic_scenario,Book balance anchored to sample data when supplied; physical count is simulated
803,5,356,77.9176,356,2026-12-31,synthetic_scenario,Book balance anchored to sample data when supplied; physical count is simulated
803,10,246,77.9176,245,2026-12-31,synthetic_scenario,Book balance anchored to sample data when supplied; physical count is simulated
803,50,280,77.9176,280,2026-12-31,synthetic_scenario,Book balance anchored to sample data when supplied; physical count is simulated
804,5,363,101.8936,363,2026-12-31,synthetic_scenario,Book balance anchored to sample data when supplied; physical count is simulated
804,10,252,101.8936,252,2026-12-31,synthetic_scenario,Book balance anchored to sample data when supplied; physical count is simulated
804,50,286,101.8936,286,2026-12-31,synthetic_scenario,Book balance anchored to sample data when supplied; physical count is simulated
805,1,284,15.1848,284,2026-12-31,synthetic_scenario,Book balance anchored to sample data when supplied; physical count is simulated
805,6,265,15.1848,265,2026-12-31,synthetic_scenario,Book balance anchored to sample data when supplied; physical count is simulated
805,50,212,15.1848,212,2026-12-31,synthetic_scenario,Book balance anchored to sample data when supplied; physical count is simulated
806,1,288,45.4168,288,2026-12-31,synthetic_scenario,Book balance anchored to sample data when supplied; physical count is simulated
806,6,268,45.4168,268,2026-12-31,synthetic_scenario,Book balance anchored to sample data when supplied; physical count is simulated
806,50,216,45.4168,216,2026-12-31,synthetic_scenario,Book balance anchored to sample data when supplied; physical count is simulated
807,1,291,55.3801,291,2026-12-31,synthetic_scenario,Book balance anchored to sample data when supplied; physical count is simulated
807,6,272,55.3801,272,2026-12-31,synthetic_scenario,Book balance anchored to sample data when supplied; physical count is simulated
807,50,219,55.3801,219,2026-12-31,synthetic_scenario,Book balance anchored to sample data when supplied; physical count is simulated
808,10,267,19.7758,267,2026-12-31,synthetic_scenario,Book balance anchored to sample data when supplied; physical count is simulated
808,20,276,19.7758,276,2026-12-31,synthetic_scenario,Book balance anchored to sample data when supplied; physical count is simulated
808,50,316,19.7758,316,2026-12-31,synthetic_scenario,Book balance anchored to sample data when supplied; physical count is simulated
809,10,264,27.4925,264,2026-12-31,synthetic_scenario,Book balance anchored to sample data when supplied; physical count is simulated
809,20,273,27.4925,273,2026-12-31,synthetic_scenario,Book balance anchored to sample data when supplied; physical count is simulated
809,50,313,27.4925,314,2026-12-31,synthetic_scenario,Book balance anchored to sample data when supplied; physical count is simulated
810,10,260,53.3999,260,2026-12-31,synthetic_scenario,Book balance anchored to sample data when supplied; physical count is simulated
810,20,270,53.3999,270,2026-12-31,synthetic_scenario,Book balance anchored to sample data when supplied; physical count is simulated
810,50,310,53.3999,310,2026-12-31,synthetic_scenario,Book balance anchored to sample data when supplied; physical count is simulated
811,10,257,19.7758,257,2026-12-31,synthetic_scenario,Book balance anchored to sample data when supplied; physical count is simulated
811,20,267,19.7758,267,2026-12-31,synthetic_scenario,Book balance anchored to sample data when supplied; physical count is simulated
811,50,307,19.7758,307,2026-12-31,synthetic_scenario,Book balance anchored to sample data when supplied; physical count is simulated
812,10,254,27.4925,254,2026-12-31,synthetic_scenario,Book balance anchored to sample data when supplied; physical count is simulated
812,20,264,27.4925,265,2026-12-31,synthetic_scenario,Book balance anchored to sample data when supplied; physical count is simulated
812,50,304,27.4925,304,2026-12-31,synthetic_scenario,Book balance anchored to sample data when supplied; physical count is simulated
813,10,251,53.3999,252,2026-12-31,synthetic_scenario,Book balance anchored to sample data when supplied; physical count is simulated
813,20,260,53.3999,260,2026-12-31,synthetic_scenario,Book balance anchored to sample data when supplied; physical count is simulated
813,50,300,53.3999,300,2026-12-31,synthetic_scenario,Book balance anchored to sample data when supplied; physical count is simulated
814,10,110,185.8193,110,2026-12-31,synthetic_scenario,Book balance anchored to sample data when supplied; physical count is simulated
814,20,150,185.8193,150,2026-12-31,synthetic_scenario,Book balance anchored to sample data when supplied; physical count is simulated
814,30,137,185.8193,137,2026-12-31,synthetic_scenario,Book balance anchored to sample data when supplied; physical count is simulated
814,40,96,185.8193,96,2026-12-31,synthetic_scenario,Book balance anchored to sample data when supplied; physical count is simulated
814,50,148,185.8193,148,2026-12-31,synthetic_scenario,Book balance anchored to sample data when supplied; physical count is simulated
814,60,126,185.8193,126,2026-12-31,synthetic_scenario,Book balance anchored to sample data when supplied; physical count is simulated
815,5,265,26.9708,265,2026-12-31,synthetic_scenario,Book balance anchored to sample data when supplied; physical count is simulated
815,50,457,26.9708,457,2026-12-31,synthetic_scenario,Book balance anchored to sample data when supplied; physical count is simulated
816,5,406,92.8071,406,2026-12-31,synthetic_scenario,Book balance anchored to sample data when supplied; physical count is simulated
816,50,412,92.8071,412,2026-12-31,synthetic_scenario,Book balance anchored to sample data when supplied; physical count is simulated
817,5,443,133.2955,443,2026-12-31,synthetic_scenario,Book balance anchored to sample data when supplied; physical count is simulated
817,50,388,133.2955,388,2026-12-31,synthetic_scenario,Book balance anchored to sample data when supplied; physical count is simulated
818,5,428,37.9909,428,2026-12-31,synthetic_scenario,Book balance anchored to sample data when supplied; physical count is simulated
818,50,460,37.9909,460,2026-12-31,synthetic_scenario,Book balance anchored to sample data when supplied; physical count is simulated
819,5,409,110.2829,409,2026-12-31,synthetic_scenario,Book balance anchored to sample data when supplied; physical count is simulated
819,50,384,110.2829,384,2026-12-31,synthetic_scenario,Book balance anchored to sample data when supplied; physical count is simulated
820,5,446,146.5466,446,2026-12-31,synthetic_scenario,Book balance anchored to sample data when supplied; physical count is simulated
820,50,232,146.5466,232,2026-12-31,synthetic_scenario,Book balance anchored to sample data when supplied; physical count is simulated
821,5,432,96.7964,432,2026-12-31,synthetic_scenario,Book balance anchored to sample data when supplied; physical count is simulated
821,50,304,96.7964,304,2026-12-31,synthetic_scenario,Book balance anchored to sample data when supplied; physical count is simulated
822,10,115,360.9428,115,2026-12-31,synthetic_scenario,Book balance anchored to sample data when supplied; physical count is simulated
822,20,155,360.9428,155,2026-12-31,synthetic_scenario,Book balance anchored to sample data when supplied; physical count is simulated
822,30,142,360.9428,142,2026-12-31,synthetic_scenario,Book balance anchored to sample data when supplied; physical count is simulated
822,40,100,360.9428,100,2026-12-31,synthetic_scenario,Book balance anchored to sample data when supplied; physical count is simulated
822,50,153,360.9428,153,2026-12-31,synthetic_scenario,Book balance anchored to sample data when supplied; physical count is simulated
822,60,131,360.9428,131,2026-12-31,synthetic_scenario,Book balance anchored to sample data when supplied; physical count is simulated
823,6,425,38.9588,425,2026-12-31,synthetic_scenario,Book balance anchored to sample data when supplied; physical count is simulated
823,50,256,38.9588,256,2026-12-31,synthetic_scenario,Book balance anchored to sample data when supplied; physical count is simulated
824,6,411,104.7951,411,2026-12-31,synthetic_scenario,Book balance anchored to sample data when supplied; physical count is simulated
824,50,401,104.7951,401,2026-12-31,synthetic_scenario,Book balance anchored to sample data when supplied; physical count is simulated
825,6,396,145.2835,396,2026-12-31,synthetic_scenario,Book balance anchored to sample data when supplied; physical count is simulated
825,50,387,145.2835,387,2026-12-31,synthetic_scenario,Book balance anchored to sample data when supplied; physical count is simulated
826,6,393,49.9789,393,2026-12-31,synthetic_scenario,Book balance anchored to sample data when supplied; physical count is simulated
826,50,406,49.9789,406,2026-12-31,synthetic_scenario,Book balance anchored to sample data when supplied; physical count is simulated
827,6,412,122.2709,413,2026-12-31,synthetic_scenario,Book balance anchored to sample data when supplied; physical count is simulated
827,50,425,122.2709,425,2026-12-31,synthetic_scenario,Book balance anchored to sample data when supplied; physical count is simulated
828,6,432,158.5346,433,2026-12-31,synthetic_scenario,Book balance anchored to sample data when supplied; physical count is simulated
828,50,284,158.5346,284,2026-12-31,synthetic_scenario,Book balance anchored to sample data when supplied; physical count is simulated
829,6,265,108.7844,265,2026-12-31,synthetic_scenario,Book balance anchored to sample data when supplied; physical count is simulated
829,50,476,108.7844,476,2026-12-31,synthetic_scenario,Book balance anchored to sample data when supplied; physical count is simulated
841,7,288,24.7459,288,2026-12-31,synthetic_scenario,Book balance anchored to sample data when supplied; physical count is simulated
842,7,72,51.5625,72,2026-12-31,synthetic_scenario,Book balance anchored to sample data when supplied; physical count is simulated
843,7,252,10.3125,252,2026-12-31,synthetic_scenario,Book balance anchored to sample data when supplied; physical count is simulated
844,7,288,8.2459,288,2026-12-31,synthetic_scenario,Book balance anchored to sample data when supplied; physical count is simulated
845,7,324,10.3084,324,2026-12-31,synthetic_scenario,Book balance anchored to sample data when supplied; physical count is simulated
846,7,144,5.7709,144,2026-12-31,synthetic_scenario,Book balance anchored to sample data when supplied; physical count is simulated
847,7,180,14.4334,180,2026-12-31,synthetic_scenario,Book balance anchored to sample data when supplied; physical count is simulated
848,7,216,18.5584,216,2026-12-31,synthetic_scenario,Book balance anchored to sample data when supplied; physical count is simulated
849,7,108,24.7459,108,2026-12-31,synthetic_scenario,Book balance anchored to sample data when supplied; physical count is simulated
850,7,144,24.7459,144,2026-12-31,synthetic_scenario,Book balance anchored to sample data when supplied; physical count is simulated
851,7,180,24.7459,180,2026-12-31,synthetic_scenario,Book balance anchored to sample data when supplied; physical count is simulated
852,7,324,30.9334,324,2026-12-31,synthetic_scenario,Book balance anchored to sample data when supplied; physical count is simulated
853,7,0,30.9334,2,2026-12-31,synthetic_scenario,Book balance anchored to sample data when supplied; physical count is simulated
854,7,36,30.9334,36,2026-12-31,synthetic_scenario,Book balance anchored to sample data when supplied; physical count is simulated
855,7,72,37.1209,72,2026-12-31,synthetic_scenario,Book balance anchored to sample data when supplied; physical count is simulated
856,7,108,37.1209,108,2026-12-31,synthetic_scenario,Book balance anchored to sample data when supplied; physical count is simulated
857,7,144,37.1209,144,2026-12-31,synthetic_scenario,Book balance anchored to sample data when supplied; physical count is simulated
858,7,324,9.1593,324,2026-12-31,synthetic_scenario,Book balance anchored to sample data when supplied; physical count is simulated
859,7,0,9.1593,0,2026-12-31,synthetic_scenario,Book balance anchored to sample data when supplied; physical count is simulated
860,7,36,9.1593,36,2026-12-31,synthetic_scenario,Book balance anchored to sample data when supplied; physical count is simulated
861,7,72,15.6709,72,2026-12-31,synthetic_scenario,Book balance anchored to sample data when supplied; physical count is simulated
862,7,108,15.6709,108,2026-12-31,synthetic_scenario,Book balance anchored to sample data when supplied; physical count is simulated
863,7,144,15.6709,144,2026-12-31,synthetic_scenario,Book balance anchored to sample data when supplied; physical count is simulated
864,7,180,23.749,180,2026-12-31,synthetic_scenario,Book balance anchored to sample data when supplied; physical count is simulated
865,7,216,23.749,216,2026-12-31,synthetic_scenario,Book balance anchored to sample data when supplied; physical count is simulated
866,7,252,23.749,252,2026-12-31,synthetic_scenario,Book balance anchored to sample data when supplied; physical count is simulated
867,7,216,26.1763,216,2026-12-31,synthetic_scenario,Book balance anchored to sample data when supplied; physical count is simulated
868,7,252,26.1763,252,2026-12-31,synthetic_scenario,Book balance anchored to sample data when supplied; physical count is simulated
869,7,288,26.1763,288,2026-12-31,synthetic_scenario,Book balance anchored to sample data when supplied; physical count is simulated
870,7,252,1.8663,249,2026-12-31,synthetic_scenario,Book balance anchored to sample data when supplied; physical count is simulated
871,7,288,3.7363,288,2026-12-31,synthetic_scenario,Book balance anchored to sample data when supplied; physical count is simulated
872,7,324,3.3623,324,2026-12-31,synthetic_scenario,Book balance anchored to sample data when supplied; physical count is simulated
873,7,180,0.8565,180,2026-12-31,synthetic_scenario,Book balance anchored to sample data when supplied; physical count is simulated
874,7,252,3.3623,252,2026-12-31,synthetic_scenario,Book balance anchored to sample data when supplied; physical count is simulated
875,7,288,3.3623,288,2026-12-31,synthetic_scenario,Book balance anchored to sample data when supplied; physical count is simulated
876,7,0,44.88,0,2026-12-31,synthetic_scenario,Book balance anchored to sample data when supplied; physical count is simulated
877,7,36,2.9733,36,2026-12-31,synthetic_scenario,Book balance anchored to sample data when supplied; physical count is simulated
878,7,108,8.2205,108,2026-12-31,synthetic_scenario,Book balance anchored to sample data when supplied; physical count is simulated
879,7,144,59.466,144,2026-12-31,synthetic_scenario,Book balance anchored to sample data when supplied; physical count is simulated
880,7,108,20.5663,108,2026-12-31,synthetic_scenario,Book balance anchored to sample data when supplied; physical count is simulated
881,7,324,41.5723,324,2026-12-31,synthetic_scenario,Book balance anchored to sample data when supplied; physical count is simulated
882,7,0,41.5723,0,2026-12-31,synthetic_scenario,Book balance anchored to sample data when supplied; physical count is simulated
883,7,36,41.5723,36,2026-12-31,synthetic_scenario,Book balance anchored to sample data when supplied; physical count is simulated
884,7,72,41.5723,72,2026-12-31,synthetic_scenario,Book balance anchored to sample data when supplied; physical count is simulated
894,1,337,53.9282,337,2026-12-31,synthetic_scenario,Book balance anchored to sample data when supplied; physical count is simulated
894,6,355,53.9282,355,2026-12-31,synthetic_scenario,Book balance anchored to sample data when supplied; physical count is simulated
894,50,155,53.9282,155,2026-12-31,synthetic_scenario,Book balance anchored to sample data when supplied; physical count is simulated
907,1,337,47.286,337,2026-12-31,synthetic_scenario,Book balance anchored to sample data when supplied; physical count is simulated
907,6,228,47.286,227,2026-12-31,synthetic_scenario,Book balance anchored to sample data when supplied; physical count is simulated
907,50,158,47.286,158,2026-12-31,synthetic_scenario,Book balance anchored to sample data when supplied; physical count is simulated
908,6,400,12.0413,400,2026-12-31,synthetic_scenario,Book balance anchored to sample data when supplied; physical count is simulated
908,50,214,12.0413,214,2026-12-31,synthetic_scenario,Book balance anchored to sample data when supplied; physical count is simulated
908,60,195,12.0413,195,2026-12-31,synthetic_scenario,Book balance anchored to sample data when supplied; physical count is simulated
909,6,230,17.3782,230,2026-12-31,synthetic_scenario,Book balance anchored to sample data when supplied; physical count is simulated
909,50,72,17.3782,72,2026-12-31,synthetic_scenario,Book balance anchored to sample data when supplied; physical count is simulated
909,60,120,17.3782,120,2026-12-31,synthetic_scenario,Book balance anchored to sample data when supplied; physical count is simulated
910,6,91,23.3722,91,2026-12-31,synthetic_scenario,Book balance anchored to sample data when supplied; physical count is simulated
910,50,168,23.3722,168,2026-12-31,synthetic_scenario,Book balance anchored to sample data when supplied; physical count is simulated
910,60,96,23.3722,96,2026-12-31,synthetic_scenario,Book balance anchored to sample data when supplied; physical count is simulated
911,6,283,12.0413,283,2026-12-31,synthetic_scenario,Book balance anchored to sample data when supplied; physical count is simulated
911,50,321,12.0413,321,2026-12-31,synthetic_scenario,Book balance anchored to sample data when supplied; physical count is simulated
911,60,302,12.0413,302,2026-12-31,synthetic_scenario,Book balance anchored to sample data when supplied; physical count is simulated
912,6,302,17.3782,302,2026-12-31,synthetic_scenario,Book balance anchored to sample data when supplied; physical count is simulated
912,50,353,17.3782,353,2026-12-31,synthetic_scenario,Book balance anchored to sample data when supplied; physical count is simulated
912,60,246,17.3782,246,2026-12-31,synthetic_scenario,Book balance anchored to sample data when supplied; physical count is simulated
913,6,169,23.3722,169,2026-12-31,synthetic_scenario,Book balance anchored to sample data when supplied; physical count is simulated
913,50,145,23.3722,145,2026-12-31,synthetic_scenario,Book balance anchored to sample data when supplied; physical count is simulated
913,60,153,23.3722,153,2026-12-31,synthetic_scenario,Book balance anchored to sample data when supplied; physical count is simulated
914,6,248,12.0413,248,2026-12-31,synthetic_scenario,Book balance anchored to sample data when supplied; physical count is simulated
914,50,171,12.0413,171,2026-12-31,synthetic_scenario,Book balance anchored to sample data when supplied; physical count is simulated
914,60,382,12.0413,382,2026-12-31,synthetic_scenario,Book balance anchored to sample data when supplied; physical count is simulated
915,6,161,17.3782,161,2026-12-31,synthetic_scenario,Book balance anchored to sample data when supplied; physical count is simulated
915,50,83,17.3782,83,2026-12-31,synthetic_scenario,Book balance anchored to sample data when supplied; physical count is simulated
915,60,158,17.3782,158,2026-12-31,synthetic_scenario,Book balance anchored to sample data when supplied; physical count is simulated
916,6,425,23.3722,425,2026-12-31,synthetic_scenario,Book balance anchored to sample data when supplied; physical count is simulated
916,50,288,23.3722,288,2026-12-31,synthetic_scenario,Book balance anchored to sample data when supplied; physical count is simulated
916,60,276,23.3722,276,2026-12-31,synthetic_scenario,Book balance anchored to sample data when supplied; physical count is simulated
921,6,286,1.8663,286,2026-12-31,synthetic_scenario,Book balance anchored to sample data when supplied; physical count is simulated
921,50,243,1.8663,243,2026-12-31,synthetic_scenario,Book balance anchored to sample data when supplied; physical count is simulated
922,6,264,1.4923,264,2026-12-31,synthetic_scenario,Book balance anchored to sample data when supplied; physical count is simulated
922,50,241,1.4923,241,2026-12-31,synthetic_scenario,Book balance anchored to sample data when supplied; physical count is simulated
923,6,262,1.8663,262,2026-12-31,synthetic_scenario,Book balance anchored to sample data when supplied; physical count is simulated
923,50,240,1.8663,240,2026-12-31,synthetic_scenario,Book balance anchored to sample data when supplied; physical count is simulated
928,6,240,9.3463,240,2026-12-31,synthetic_scenario,Book balance anchored to sample data when supplied; physical count is simulated
928,50,369,9.3463,369,2026-12-31,synthetic_scenario,Book balance anchored to sample data when supplied; physical count is simulated
929,6,385,11.2163,385,2026-12-31,synthetic_scenario,Book balance anchored to sample data when supplied; physical count is simulated
929,50,284,11.2163,284,2026-12-31,synthetic_scenario,Book balance anchored to sample data when supplied; physical count is simulated
930,6,267,13.09,264,2026-12-31,synthetic_scenario,Book balance anchored to sample data when supplied; physical count is simulated
930,50,232,13.09,232,2026-12-31,synthetic_scenario,Book balance anchored to sample data when supplied; physical count is simulated
931,6,236,8.0373,236,2026-12-31,synthetic_scenario,Book balance anchored to sample data when supplied; physical count is simulated
931,50,252,8.0373,252,2026-12-31,synthetic_scenario,Book balance anchored to sample data when supplied; physical count is simulated
932,6,382,9.3463,382,2026-12-31,synthetic_scenario,Book balance anchored to sample data when supplied; physical count is simulated
932,50,192,9.3463,192,2026-12-31,synthetic_scenario,Book balance anchored to sample data when supplied; physical count is simulated
933,6,299,12.1924,298,2026-12-31,synthetic_scenario,Book balance anchored to sample data when supplied; physical count is simulated
933,50,228,12.1924,228,2026-12-31,synthetic_scenario,Book balance anchored to sample data when supplied; physical count is simulated
934,6,233,10.8423,233,2026-12-31,synthetic_scenario,Book balance anchored to sample data when supplied; physical count is simulated
934,50,249,10.8423,249,2026-12-31,synthetic_scenario,Book balance anchored to sample data when supplied; physical count is simulated
935,1,174,17.9776,174,2026-12-31,synthetic_scenario,Book balance anchored to sample data when supplied; physical count is simulated
935,6,182,17.9776,182,2026-12-31,synthetic_scenario,Book balance anchored to sample data when supplied; physical count is simulated
935,50,156,17.9776,155,2026-12-31,synthetic_scenario,Book balance anchored to sample data when supplied; physical count is simulated
936,1,172,27.568,172,2026-12-31,synthetic_scenario,Book balance anchored to sample data when supplied; physical count is simulated
936,6,180,27.568,180,2026-12-31,synthetic_scenario,Book balance anchored to sample data when supplied; physical count is simulated
936,50,155,27.568,155,2026-12-31,synthetic_scenario,Book balance anchored to sample data when supplied; physical count is simulated
937,1,171,35.9596,171,2026-12-31,synthetic_scenario,Book balance anchored to sample data when supplied; physical count is simulated
937,6,179,35.9596,179,2026-12-31,synthetic_scenario,Book balance anchored to sample data when supplied; physical count is simulated
937,50,153,35.9596,153,2026-12-31,synthetic_scenario,Book balance anchored to sample data when supplied; physical count is simulated
938,1,169,17.9776,169,2026-12-31,synthetic_scenario,Book balance anchored to sample data when supplied; physical count is simulated
938,6,177,17.9776,177,2026-12-31,synthetic_scenario,Book balance anchored to sample data when supplied; physical count is simulated
938,50,152,17.9776,153,2026-12-31,synthetic_scenario,Book balance anchored to sample data when supplied; physical count is simulated
939,1,168,27.568,168,2026-12-31,synthetic_scenario,Book balance anchored to sample data when supplied; physical count is simulated
939,6,176,27.568,176,2026-12-31,synthetic_scenario,Book balance anchored to sample data when supplied; physical count is simulated
939,50,150,27.568,150,2026-12-31,synthetic_scenario,Book balance anchored to sample data when supplied; physical count is simulated
940,1,316,35.9596,316,2026-12-31,synthetic_scenario,Book balance anchored to sample data when supplied; physical count is simulated
940,6,267,35.9596,267,2026-12-31,synthetic_scenario,Book balance anchored to sample data when supplied; physical count is simulated
940,50,323,35.9596,323,2026-12-31,synthetic_scenario,Book balance anchored to sample data when supplied; physical count is simulated
941,1,235,35.9596,235,2026-12-31,synthetic_scenario,Book balance anchored to sample data when supplied; physical count is simulated
941,6,262,35.9596,262,2026-12-31,synthetic_scenario,Book balance anchored to sample data when supplied; physical count is simulated
941,50,388,35.9596,388,2026-12-31,synthetic_scenario,Book balance anchored to sample data when supplied; physical count is simulated
942,10,120,199.3757,120,2026-12-31,synthetic_scenario,Book balance anchored to sample data when supplied; physical count is simulated
942,20,160,199.3757,160,2026-12-31,synthetic_scenario,Book balance anchored to sample data when supplied; physical count is simulated
942,30,147,199.3757,147,2026-12-31,synthetic_scenario,Book balance anchored to sample data when supplied; physical count is simulated
942,45,105,199.3757,105,2026-12-31,synthetic_scenario,Book balance anchored to sample data when supplied; physical count is simulated
942,50,158,199.3757,158,2026-12-31,synthetic_scenario,Book balance anchored to sample data when supplied; physical count is simulated
942,60,136,199.3757,138,2026-12-31,synthetic_scenario,Book balance anchored to sample data when supplied; physical count is simulated
943,10,102,136.785,102,2026-12-31,synthetic_scenario,Book balance anchored to sample data when supplied; physical count is simulated
943,20,142,136.785,142,2026-12-31,synthetic_scenario,Book balance anchored to sample data when supplied; physical count is simulated
943,30,129,136.785,129,2026-12-31,synthetic_scenario,Book balance anchored to sample data when supplied; physical count is simulated
943,40,88,136.785,88,2026-12-31,synthetic_scenario,Book balance anchored to sample data when supplied; physical count is simulated
943,50,140,136.785,140,2026-12-31,synthetic_scenario,Book balance anchored to sample data when supplied; physical count is simulated
943,60,118,136.785,118,2026-12-31,synthetic_scenario,Book balance anchored to sample data when supplied; physical count is simulated
944,10,112,144.5938,112,2026-12-31,synthetic_scenario,Book balance anchored to sample data when supplied; physical count is simulated
944,20,96,144.5938,96,2026-12-31,synthetic_scenario,Book balance anchored to sample data when supplied; physical count is simulated
944,30,123,144.5938,123,2026-12-31,synthetic_scenario,Book balance anchored to sample data when supplied; physical count is simulated
944,45,136,144.5938,136,2026-12-31,synthetic_scenario,Book balance anchored to sample data when supplied; physical count is simulated
944,50,81,144.5938,81,2026-12-31,synthetic_scenario,Book balance anchored to sample data when supplied; physical count is simulated
944,60,134,144.5938,134,2026-12-31,synthetic_scenario,Book balance anchored to sample data when supplied; physical count is simulated
945,5,347,40.6216,347,2026-12-31,synthetic_scenario,Book balance anchored to sample data when supplied; physical count is simulated
945,10,236,40.6216,236,2026-12-31,synthetic_scenario,Book balance anchored to sample data when supplied; physical count is simulated
945,50,270,40.6216,270,2026-12-31,synthetic_scenario,Book balance anchored to sample data when supplied; physical count is simulated
946,10,248,20.464,248,2026-12-31,synthetic_scenario,Book balance anchored to sample data when supplied; physical count is simulated
946,20,257,20.464,257,2026-12-31,synthetic_scenario,Book balance anchored to sample data when supplied; physical count is simulated
946,50,297,20.464,297,2026-12-31,synthetic_scenario,Book balance anchored to sample data when supplied; physical count is simulated
947,10,244,40.6571,244,2026-12-31,synthetic_scenario,Book balance anchored to sample data when supplied; physical count is simulated
947,20,254,40.6571,254,2026-12-31,synthetic_scenario,Book balance anchored to sample data when supplied; physical count is simulated
947,50,294,40.6571,294,2026-12-31,synthetic_scenario,Book balance anchored to sample data when supplied; physical count is simulated
948,5,347,47.286,347,2026-12-31,synthetic_scenario,Book balance anchored to sample data when supplied; physical count is simulated
948,50,420,47.286,420,2026-12-31,synthetic_scenario,Book balance anchored to sample data when supplied; physical count is simulated
949,1,265,77.9176,265,2026-12-31,synthetic_scenario,Book balance anchored to sample data when supplied; physical count is simulated
949,5,336,77.9176,336,2026-12-31,synthetic_scenario,Book balance anchored to sample data when supplied; physical count is simulated
949,50,284,77.9176,284,2026-12-31,synthetic_scenario,Book balance anchored to sample data when supplied; physical count is simulated
950,1,272,113.8816,272,2026-12-31,synthetic_scenario,Book balance anchored to sample data when supplied; physical count is simulated
950,5,342,113.8816,342,2026-12-31,synthetic_scenario,Book balance anchored to sample data when supplied; physical count is simulated
950,50,291,113.8816,291,2026-12-31,synthetic_scenario,Book balance anchored to sample data when supplied; physical count is simulated
951,1,278,179.8156,278,2026-12-31,synthetic_scenario,Book balance anchored to sample data when supplied; physical count is simulated
951,5,348,179.8156,348,2026-12-31,synthetic_scenario,Book balance anchored to sample data when supplied; physical count is simulated
951,50,297,179.8156,297,2026-12-31,synthetic_scenario,Book balance anchored to sample data when supplied; physical count is simulated
952,1,236,8.9866,233,2026-12-31,synthetic_scenario,Book balance anchored to sample data when supplied; physical count is simulated
952,5,192,8.9866,192,2026-12-31,synthetic_scenario,Book balance anchored to sample data when supplied; physical count is simulated
952,50,161,8.9866,161,2026-12-31,synthetic_scenario,Book balance anchored to sample data when supplied; physical count is simulated
953,7,116,755.1508,116,2026-12-31,synthetic_scenario,Book balance anchored to sample data when supplied; physical count is simulated
953,60,49,755.1508,49,2026-12-31,synthetic_scenario,Book balance anchored to sample data when supplied; physical count is simulated
954,7,65,1481.9379,65,2026-12-31,synthetic_scenario,Book balance anchored to sample data when supplied; physical count is simulated
954,60,83,1481.9379,83,2026-12-31,synthetic_scenario,Book balance anchored to sample data when supplied; physical count is simulated
955,7,75,1481.9379,75,2026-12-31,synthetic_scenario,Book balance anchored to sample data when supplied; physical count is simulated
955,60,62,1481.9379,62,2026-12-31,synthetic_scenario,Book balance anchored to sample data when supplied; physical count is simulated
956,7,35,1481.9379,35,2026-12-31,synthetic_scenario,Book balance anchored to sample data when supplied; physical count is simulated
956,60,40,1481.9379,40,2026-12-31,synthetic_scenario,Book balance anchored to sample data when supplied; physical count is simulated
957,7,51,1481.9379,51,2026-12-31,synthetic_scenario,Book balance anchored to sample data when supplied; physical count is simulated
957,60,100,1481.9379,100,2026-12-31,synthetic_scenario,Book balance anchored to sample data when supplied; physical count is simulated
958,7,128,461.4448,128,2026-12-31,synthetic_scenario,Book balance anchored to sample data when supplied; physical count is simulated
958,60,35,461.4448,35,2026-12-31,synthetic_scenario,Book balance anchored to sample data when supplied; physical count is simulated
959,7,83,461.4448,83,2026-12-31,synthetic_scenario,Book balance anchored to sample data when supplied; physical count is simulated
959,60,121,461.4448,121,2026-12-31,synthetic_scenario,Book balance anchored to sample data when supplied; physical count is simulated
960,7,54,461.4448,54,2026-12-31,synthetic_scenario,Book balance anchored to sample data when supplied; physical count is simulated
960,60,105,461.4448,105,2026-12-31,synthetic_scenario,Book balance anchored to sample data when supplied; physical count is simulated
961,7,88,461.4448,88,2026-12-31,synthetic_scenario,Book balance anchored to sample data when supplied; physical count is simulated
961,60,80,461.4448,80,2026-12-31,synthetic_scenario,Book balance anchored to sample data when supplied; physical count is simulated
962,7,67,461.4448,67,2026-12-31,synthetic_scenario,Book balance anchored to sample data when supplied; physical count is simulated
962,60,107,461.4448,107,2026-12-31,synthetic_scenario,Book balance anchored to sample data when supplied; physical count is simulated
963,7,126,461.4448,126,2026-12-31,synthetic_scenario,Book balance anchored to sample data when supplied; physical count is simulated
963,60,36,461.4448,36,2026-12-31,synthetic_scenario,Book balance anchored to sample data when supplied; physical count is simulated
964,7,81,461.4448,81,2026-12-31,synthetic_scenario,Book balance anchored to sample data when supplied; physical count is simulated
964,60,116,461.4448,117,2026-12-31,synthetic_scenario,Book balance anchored to sample data when supplied; physical count is simulated
965,7,91,461.4448,91,2026-12-31,synthetic_scenario,Book balance anchored to sample data when supplied; physical count is simulated
965,60,72,461.4448,72,2026-12-31,synthetic_scenario,Book balance anchored to sample data when supplied; physical count is simulated
966,7,99,1481.9379,99,2026-12-31,synthetic_scenario,Book balance anchored to sample data when supplied; physical count is simulated
966,60,86,1481.9379,86,2026-12-31,synthetic_scenario,Book balance anchored to sample data when supplied; physical count is simulated
967,7,67,1481.9379,67,2026-12-31,synthetic_scenario,Book balance anchored to sample data when supplied; physical count is simulated
967,60,81,1481.9379,83,2026-12-31,synthetic_scenario,Book balance anchored to sample data when supplied; physical count is simulated
968,7,73,1481.9379,73,2026-12-31,synthetic_scenario,Book balance anchored to sample data when supplied; physical count is simulated
968,60,60,1481.9379,60,2026-12-31,synthetic_scenario,Book balance anchored to sample data when supplied; physical count is simulated
969,7,30,1481.9379,30,2026-12-31,synthetic_scenario,Book balance anchored to sample data when supplied; physical count is simulated
969,60,99,1481.9379,99,2026-12-31,synthetic_scenario,Book balance anchored to sample data when supplied; physical count is simulated
970,7,73,755.1508,73,2026-12-31,synthetic_scenario,Book balance anchored to sample data when supplied; physical count is simulated
970,60,60,755.1508,60,2026-12-31,synthetic_scenario,Book balance anchored to sample data when supplied; physical count is simulated
971,7,104,755.1508,104,2026-12-31,synthetic_scenario,Book balance anchored to sample data when supplied; physical count is simulated
971,60,123,755.1508,123,2026-12-31,synthetic_scenario,Book balance anchored to sample data when supplied; physical count is simulated
972,7,30,755.1508,30,2026-12-31,synthetic_scenario,Book balance anchored to sample data when supplied; physical count is simulated
972,60,99,755.1508,99,2026-12-31,synthetic_scenario,Book balance anchored to sample data when supplied; physical count is simulated
973,7,99,1082.51,99,2026-12-31,synthetic_scenario,Book balance anchored to sample data when supplied; physical count is simulated
973,60,86,1082.51,86,2026-12-31,synthetic_scenario,Book balance anchored to sample data when supplied; physical count is simulated
974,7,67,1082.51,67,2026-12-31,synthetic_scenario,Book balance anchored to sample data when supplied; physical count is simulated
974,60,81,1082.51,82,2026-12-31,synthetic_scenario,Book balance anchored to sample data when supplied; physical count is simulated
975,7,73,1082.51,73,2026-12-31,synthetic_scenario,Book balance anchored to sample data when supplied; physical count is simulated
975,60,60,1082.51,60,2026-12-31,synthetic_scenario,Book balance anchored to sample data when supplied; physical count is simulated
976,7,104,1082.51,104,2026-12-31,synthetic_scenario,Book balance anchored to sample data when supplied; physical count is simulated
976,60,123,1082.51,123,2026-12-31,synthetic_scenario,Book balance anchored to sample data when supplied; physical count is simulated
977,7,88,343.6496,88,2026-12-31,synthetic_scenario,Book balance anchored to sample data when supplied; physical count is simulated
977,60,65,343.6496,65,2026-12-31,synthetic_scenario,Book balance anchored to sample data when supplied; physical count is simulated
978,7,91,461.4448,91,2026-12-31,synthetic_scenario,Book balance anchored to sample data when supplied; physical count is simulated
978,60,72,461.4448,72,2026-12-31,synthetic_scenario,Book balance anchored to sample data when supplied; physical count is simulated
979,7,86,461.4448,86,2026-12-31,synthetic_scenario,Book balance anchored to sample data when supplied; physical count is simulated
979,60,78,461.4448,75,2026-12-31,synthetic_scenario,Book balance anchored to sample data when supplied; physical count is simulated
980,7,51,419.7784,51,2026-12-31,synthetic_scenario,Book balance anchored to sample data when supplied; physical count is simulated
980,60,99,419.7784,99,2026-12-31,synthetic_scenario,Book balance anchored to sample data when supplied; physical count is simulated
981,7,86,419.7784,86,2026-12-31,synthetic_scenario,Book balance anchored to sample data when supplied; physical count is simulated
981,60,67,419.7784,67,2026-12-31,synthetic_scenario,Book balance anchored to sample data when supplied; physical count is simulated
982,7,81,419.7784,81,2026-12-31,synthetic_scenario,Book balance anchored to sample data when supplied; physical count is simulated
982,60,73,419.7784,73,2026-12-31,synthetic_scenario,Book balance anchored to sample data when supplied; physical count is simulated
983,7,60,419.7784,60,2026-12-31,synthetic_scenario,Book balance anchored to sample data when supplied; physical count is simulated
983,60,104,419.7784,104,2026-12-31,synthetic_scenario,Book balance anchored to sample data when supplied; physical count is simulated
984,7,81,308.2179,81,2026-12-31,synthetic_scenario,Book balance anchored to sample data when supplied; physical count is simulated
984,60,73,308.2179,73,2026-12-31,synthetic_scenario,Book balance anchored to sample data when supplied; physical count is simulated
985,7,60,308.2179,60,2026-12-31,synthetic_scenario,Book balance anchored to sample data when supplied; physical count is simulated
985,60,104,308.2179,104,2026-12-31,synthetic_scenario,Book balance anchored to sample data when supplied; physical count is simulated
986,7,123,308.2179,123,2026-12-31,synthetic_scenario,Book balance anchored to sample data when supplied; physical count is simulated
986,60,30,308.2179,30,2026-12-31,synthetic_scenario,Book balance anchored to sample data when supplied; physical count is simulated
987,7,99,308.2179,99,2026-12-31,synthetic_scenario,Book balance anchored to sample data when supplied; physical count is simulated
987,60,56,308.2179,56,2026-12-31,synthetic_scenario,Book balance anchored to sample data when supplied; physical count is simulated
988,7,78,308.2179,78,2026-12-31,synthetic_scenario,Book balance anchored to sample data when supplied; physical count is simulated
988,60,116,308.2179,116,2026-12-31,synthetic_scenario,Book balance anchored to sample data when supplied; physical count is simulated
989,7,51,294.5797,52,2026-12-31,synthetic_scenario,Book balance anchored to sample data when supplied; physical count is simulated
989,60,99,294.5797,99,2026-12-31,synthetic_scenario,Book balance anchored to sample data when supplied; physical count is simulated
990,7,86,294.5797,86,2026-12-31,synthetic_scenario,Book balance anchored to sample data when supplied; physical count is simulated
990,60,67,294.5797,67,2026-12-31,synthetic_scenario,Book balance anchored to sample data when supplied; physical count is simulated
991,7,81,294.5797,81,2026-12-31,synthetic_scenario,Book balance anchored to sample data when supplied; physical count is simulated
991,60,73,294.5797,73,2026-12-31,synthetic_scenario,Book balance anchored to sample data when supplied; physical count is simulated
992,7,60,294.5797,60,2026-12-31,synthetic_scenario,Book balance anchored to sample data when supplied; physical count is simulated
992,60,104,294.5797,104,2026-12-31,synthetic_scenario,Book balance anchored to sample data when supplied; physical count is simulated
993,7,123,294.5797,123,2026-12-31,synthetic_scenario,Book balance anchored to sample data when supplied; physical count is simulated
993,60,30,294.5797,30,2026-12-31,synthetic_scenario,Book balance anchored to sample data when supplied; physical count is simulated
994,1,244,23.9716,244,2026-12-31,synthetic_scenario,Book balance anchored to sample data when supplied; physical count is simulated
994,6,358,23.9716,358,2026-12-31,synthetic_scenario,Book balance anchored to sample data when supplied; physical count is simulated
994,50,212,23.9716,212,2026-12-31,synthetic_scenario,Book balance anchored to sample data when supplied; physical count is simulated
995,1,230,44.9506,229,2026-12-31,synthetic_scenario,Book balance anchored to sample data when supplied; physical count is simulated
995,6,321,44.9506,320,2026-12-31,synthetic_scenario,Book balance anchored to sample data when supplied; physical count is simulated
995,50,265,44.9506,265,2026-12-31,synthetic_scenario,Book balance anchored to sample data when supplied; physical count is simulated
996,1,321,53.9416,321,2026-12-31,synthetic_scenario,Book balance anchored to sample data when supplied; physical count is simulated
996,6,475,53.9416,475,2026-12-31,synthetic_scenario,Book balance anchored to sample data when supplied; physical count is simulated
996,50,174,53.9416,174,2026-12-31,synthetic_scenario,Book balance anchored to sample data when supplied; physical count is simulated
997,7,123,343.6496,123,2026-12-31,synthetic_scenario,Book balance anchored to sample data when supplied; physical count is simulated
997,60,30,343.6496,31,2026-12-31,synthetic_scenario,Book balance anchored to sample data when supplied; physical count is simulated
998,7,99,343.6496,99,2026-12-31,synthetic_scenario,Book balance anchored to sample data when supplied; physical count is simulated
998,60,56,343.6496,56,2026-12-31,synthetic_scenario,Book balance anchored to sample data when supplied; physical count is simulated
999,7,78,343.6496,78,2026-12-31,synthetic_scenario,Book balance anchored to sample data when supplied; physical count is simulated
999,60,116,343.6496,116,2026-12-31,synthetic_scenario,Book balance anchored to sample data when supplied; physical count is simulated
